number,opened_at,resolved_at,closed_at,priority,urgency,impact,category,assignment_group,reassignment_count,reopen_count,made_sla,resolution_time_hours,sla_status
INC0000062,2016-02-29 06:58:00,2016-02-29 15:51:00,2016-03-05 16:00:00,3 - moderate,2 - Medium,2 - Medium,category 53,Group 23,1,0,false,8.883333333333333,Breached SLA
INC0000102,2016-02-29 09:06:00,2016-03-17 16:28:00,2016-03-24 18:59:00,3 - moderate,2 - Medium,2 - Medium,category 37,Group 23,4,1,false,415.3666666666667,Breached SLA
INC0000147,2016-02-29 10:00:00,2016-03-14 09:49:00,2016-03-19 10:00:00,3 - moderate,2 - Medium,2 - Medium,category 53,Group 25,1,0,false,335.81666666666666,Breached SLA
INC0000171,2016-02-29 10:33:00,2016-03-18 13:44:00,2016-03-24 18:59:00,3 - moderate,2 - Medium,2 - Medium,category 24,Group 70,4,0,false,435.18333333333334,Breached SLA
INC0000294,2016-02-29 14:06:00,2016-03-14 08:25:00,2016-03-24 18:50:00,3 - moderate,2 - Medium,2 - Medium,category 20,Group 25,1,1,false,330.31666666666666,Breached SLA
INC0000325,2016-02-29 14:49:00,2016-03-16 08:56:00,2016-03-24 18:59:00,4 - low,3 - Low,3 - Low,category 45,Group 66,0,0,false,378.1166666666667,Breached SLA
INC0000329,2016-02-29 14:50:00,2016-03-16 11:38:00,2016-03-24 18:59:00,3 - moderate,2 - Medium,2 - Medium,category 42,Group 28,4,0,false,380.8,Breached SLA
INC0000330,2016-02-29 14:52:00,2016-03-18 13:44:00,2016-03-24 18:59:00,4 - low,3 - Low,3 - Low,category 45,Group 66,0,0,false,430.8666666666667,Breached SLA
INC0000351,2016-02-29 15:24:00,2016-03-21 16:11:00,2016-03-26 16:59:00,4 - low,3 - Low,3 - Low,category 45,Group 66,0,0,false,504.78333333333336,Breached SLA
INC0000379,2016-02-29 16:25:00,2016-02-29 20:25:00,2016-05-23 11:07:00,3 - moderate,2 - Medium,2 - Medium,category 8,Group 56,0,0,false,4.0,Breached SLA
INC0000400,2016-02-29 17:32:00,2016-03-14 19:03:00,2016-03-24 18:59:00,3 - moderate,2 - Medium,2 - Medium,category 45,Group 70,1,0,false,337.51666666666665,Breached SLA
INC0000418,2016-02-29 18:35:00,2016-03-17 16:17:00,2016-03-24 18:59:00,3 - moderate,2 - Medium,2 - Medium,category 55,Group 25,0,0,false,405.7,Breached SLA
INC0000441,2016-02-29 22:20:00,2016-03-15 13:51:00,2016-03-20 14:00:00,3 - moderate,2 - Medium,2 - Medium,category 45,Group 15,7,0,false,351.51666666666665,Breached SLA
INC0000458,2016-02-29 23:53:00,2016-03-18 13:48:00,2016-03-24 18:59:00,3 - moderate,2 - Medium,2 - Medium,category 9,Group 70,6,0,false,421.9166666666667,Breached SLA
INC0006295,2016-03-13 00:05:00,2016-03-13 02:38:00,2016-03-24 18:51:00,3 - moderate,2 - Medium,2 - Medium,category 42,Group 70,0,0,false,2.55,Breached SLA
INC0006300,2016-03-13 04:58:00,2016-03-13 05:05:00,2016-03-24 18:51:00,3 - moderate,2 - Medium,2 - Medium,category 32,Group 70,0,0,false,0.11666666666666667,Breached SLA
INC0006301,2016-03-13 05:16:00,2016-03-13 05:36:00,2016-03-24 18:51:00,3 - moderate,2 - Medium,2 - Medium,category 23,Group 70,1,0,false,0.3333333333333333,Breached SLA
INC0006305,2016-03-13 07:07:00,2016-03-15 12:11:00,2016-03-24 19:00:00,1 - critical,1 - High,1 - High,category 53,Group 19,1,0,false,53.06666666666667,Breached SLA
INC0006309,2016-03-13 08:20:00,2016-03-13 14:49:00,2016-03-24 18:51:00,3 - moderate,2 - Medium,2 - Medium,category 35,Group 70,1,0,false,6.483333333333333,Breached SLA
INC0006317,2016-03-13 10:26:00,2016-03-14 14:10:00,2016-03-24 18:51:00,3 - moderate,2 - Medium,2 - Medium,category 53,Group 28,1,0,false,27.733333333333334,Breached SLA
INC0006320,2016-03-13 10:54:00,2016-03-13 11:16:00,2016-03-24 18:51:00,3 - moderate,2 - Medium,2 - Medium,category 53,Group 70,0,0,false,0.36666666666666664,Breached SLA
INC0006322,2016-03-13 12:13:00,2016-03-14 09:20:00,2016-03-24 18:51:00,3 - moderate,2 - Medium,2 - Medium,category 57,Group 56,1,0,false,21.116666666666667,Breached SLA
INC0006325,2016-03-13 14:17:00,2016-03-15 02:22:00,2016-05-20 18:37:00,3 - moderate,2 - Medium,2 - Medium,category 57,Group 65,4,0,false,36.083333333333336,Breached SLA
INC0006328,2016-03-13 14:53:00,2016-03-14 10:17:00,2016-03-24 18:51:00,3 - moderate,2 - Medium,2 - Medium,category 37,Group 62,2,0,false,19.4,Breached SLA
INC0006330,2016-03-13 15:32:00,2016-03-17 17:41:00,2016-03-24 19:00:00,3 - moderate,2 - Medium,2 - Medium,category 9,Group 25,0,0,false,98.15,Breached SLA
INC0006331,2016-03-13 15:32:00,2016-03-17 08:18:00,2016-03-24 19:00:00,3 - moderate,2 - Medium,2 - Medium,category 51,Group 70,1,0,false,88.76666666666667,Breached SLA
INC0006335,2016-03-13 16:46:00,2016-03-13 16:52:00,2016-03-24 18:51:00,3 - moderate,2 - Medium,2 - Medium,category 23,Group 20,1,0,false,0.1,Breached SLA
INC0006337,2016-03-13 16:51:00,2016-03-23 15:28:00,2016-03-28 15:59:00,3 - moderate,2 - Medium,2 - Medium,category 37,Group 48,1,0,false,238.61666666666667,Breached SLA
INC0006338,2016-03-13 17:44:00,2016-03-16 12:40:00,2016-03-24 19:00:00,3 - moderate,2 - Medium,2 - Medium,category 42,Group 70,0,0,false,66.93333333333334,Breached SLA
INC0006340,2016-03-13 19:24:00,2016-03-14 09:56:00,2016-03-24 18:51:00,3 - moderate,2 - Medium,2 - Medium,category 37,Group 46,0,0,false,14.533333333333333,Breached SLA
INC0006341,2016-03-13 19:36:00,2016-03-17 15:36:00,2016-03-24 19:00:00,3 - moderate,2 - Medium,2 - Medium,category 42,Group 39,2,0,false,92.0,Breached SLA
INC0006342,2016-03-13 20:17:00,2016-03-13 20:24:00,2016-05-23 11:07:00,3 - moderate,2 - Medium,2 - Medium,category 46,Group 55,0,0,false,0.11666666666666667,Breached SLA
INC0006347,2016-03-13 23:20:00,2016-03-22 14:36:00,2016-03-27 14:59:00,3 - moderate,2 - Medium,2 - Medium,category 26,Group 28,1,0,false,207.26666666666668,Breached SLA
INC0006348,2016-03-13 23:28:00,2016-03-13 23:44:00,2016-03-24 18:51:00,3 - moderate,2 - Medium,2 - Medium,category 35,Group 70,0,0,false,0.26666666666666666,Breached SLA
INC0006349,2016-03-14 00:05:00,2016-03-14 00:52:00,2016-03-24 18:51:00,3 - moderate,2 - Medium,2 - Medium,category 42,Group 70,0,0,false,0.7833333333333333,Breached SLA
INC0006352,2016-03-14 00:23:00,2016-03-14 01:28:00,2016-03-24 18:51:00,3 - moderate,2 - Medium,2 - Medium,category 26,Group 70,1,0,false,1.0833333333333333,Breached SLA
INC0006354,2016-03-14 01:15:00,2016-03-16 09:29:00,2016-03-24 19:00:00,3 - moderate,2 - Medium,2 - Medium,category 57,Group 65,6,0,false,56.233333333333334,Breached SLA
INC0006359,2016-03-14 03:09:00,2016-03-14 11:23:00,2016-03-24 18:51:00,3 - moderate,2 - Medium,2 - Medium,category 28,Group 56,2,0,false,8.233333333333333,Breached SLA
INC0006360,2016-03-14 03:14:00,2016-03-14 03:43:00,2016-03-24 18:51:00,3 - moderate,2 - Medium,2 - Medium,category 53,Group 70,0,0,false,0.48333333333333334,Breached SLA
INC0006362,2016-03-14 04:11:00,2016-03-14 10:20:00,2016-03-24 18:51:00,3 - moderate,2 - Medium,2 - Medium,category 37,Group 62,3,0,false,6.15,Breached SLA
INC0006364,2016-03-14 04:28:00,2016-03-23 08:17:00,2016-03-28 08:59:00,3 - moderate,2 - Medium,2 - Medium,category 61,Group 73,1,0,false,219.81666666666666,Breached SLA
INC0006365,2016-03-14 04:30:00,2016-03-22 13:09:00,2016-03-27 13:59:00,3 - moderate,2 - Medium,2 - Medium,category 7,Group 25,1,0,false,200.65,Breached SLA
INC0006373,2016-03-14 05:59:00,2016-03-24 03:58:00,2016-03-29 03:59:00,3 - moderate,2 - Medium,2 - Medium,category 35,Group 70,3,1,false,237.98333333333332,Breached SLA
INC0006376,2016-03-14 07:42:00,2016-03-14 16:01:00,2016-03-24 18:51:00,3 - moderate,2 - Medium,2 - Medium,category 53,Group 28,2,0,false,8.316666666666666,Breached SLA
INC0006380,2016-03-14 07:50:00,2016-03-14 13:56:00,2016-03-24 18:52:00,3 - moderate,2 - Medium,2 - Medium,category 42,Group 70,2,0,false,6.1,Breached SLA
INC0006383,2016-03-14 07:57:00,2016-03-14 08:03:00,2016-03-24 18:52:00,3 - moderate,2 - Medium,2 - Medium,category 51,Group 64,0,0,false,0.1,Breached SLA
INC0006385,2016-03-14 07:58:00,2016-03-14 14:29:00,2016-03-24 18:52:00,3 - moderate,2 - Medium,2 - Medium,category 26,Group 24,1,0,false,6.516666666666667,Breached SLA
INC0006387,2016-03-14 08:05:00,2016-03-14 08:22:00,2016-03-24 18:52:00,3 - moderate,2 - Medium,2 - Medium,category 51,Group 64,0,0,false,0.2833333333333333,Breached SLA
INC0006389,2016-03-14 08:11:00,2016-03-28 15:05:00,2016-04-02 15:59:00,3 - moderate,2 - Medium,2 - Medium,category 37,Group 24,6,0,false,342.9,Breached SLA
INC0006390,2016-03-14 08:11:00,2016-03-14 12:29:00,2016-03-24 18:52:00,3 - moderate,2 - Medium,2 - Medium,category 32,Group 70,1,0,false,4.3,Breached SLA
INC0006392,2016-03-14 08:12:00,2016-03-15 12:04:00,2016-03-24 19:00:00,3 - moderate,2 - Medium,2 - Medium,category 9,Group 27,2,0,false,27.866666666666667,Breached SLA
INC0006393,2016-03-14 08:12:00,2016-03-17 16:50:00,2016-03-24 19:00:00,3 - moderate,2 - Medium,2 - Medium,category 61,Group 73,1,0,false,80.63333333333334,Breached SLA
INC0006397,2016-03-14 08:19:00,2016-03-17 15:44:00,2016-03-24 19:00:00,3 - moderate,2 - Medium,2 - Medium,category 42,Group 39,3,0,false,79.41666666666667,Breached SLA
INC0006398,2016-03-14 08:20:00,2016-03-14 14:57:00,2016-03-24 18:52:00,3 - moderate,2 - Medium,2 - Medium,category 43,Group 39,1,0,false,6.616666666666666,Breached SLA
INC0006400,2016-03-14 08:21:00,2016-03-16 14:30:00,2016-03-24 19:00:00,3 - moderate,2 - Medium,2 - Medium,category 37,Group 26,2,0,false,54.15,Breached SLA
INC0006401,2016-03-14 08:24:00,2016-03-14 09:13:00,2016-03-24 18:52:00,3 - moderate,2 - Medium,2 - Medium,category 51,Group 64,0,0,false,0.8166666666666667,Breached SLA
INC0006402,2016-03-14 08:24:00,2016-03-16 08:55:00,2016-03-24 19:00:00,3 - moderate,2 - Medium,2 - Medium,category 20,Group 69,2,0,false,48.516666666666666,Breached SLA
INC0006403,2016-03-14 08:24:00,2016-03-15 13:40:00,2016-03-24 19:00:00,3 - moderate,2 - Medium,2 - Medium,category 57,Group 34,0,0,false,29.266666666666666,Breached SLA
INC0006407,2016-03-14 08:28:00,2016-03-22 14:09:00,2016-03-27 14:59:00,3 - moderate,2 - Medium,2 - Medium,category 23,Group 65,2,0,false,197.68333333333334,Breached SLA
INC0006408,2016-03-14 08:28:00,2016-03-23 12:16:00,2016-03-28 12:59:00,3 - moderate,2 - Medium,2 - Medium,category 40,Group 70,4,0,false,219.8,Breached SLA
INC0006412,2016-03-14 08:31:00,2016-03-23 12:24:00,2016-03-28 12:59:00,3 - moderate,2 - Medium,2 - Medium,category 53,Group 70,2,0,false,219.88333333333333,Breached SLA
INC0006413,2016-03-14 08:32:00,2016-03-23 12:32:00,2016-03-28 12:59:00,3 - moderate,2 - Medium,2 - Medium,category 20,Group 70,1,0,false,220.0,Breached SLA
INC0006417,2016-03-14 08:35:00,2016-03-31 10:39:00,2016-04-05 10:59:00,3 - moderate,2 - Medium,2 - Medium,category 23,Group 72,1,0,false,410.06666666666666,Breached SLA
INC0006419,2016-03-14 08:35:00,2016-03-24 10:33:00,2016-03-29 10:59:00,3 - moderate,2 - Medium,2 - Medium,category 42,Group 70,2,0,false,241.96666666666667,Breached SLA
INC0006420,2016-03-14 08:36:00,2016-03-24 13:20:00,2016-03-29 13:59:00,3 - moderate,2 - Medium,2 - Medium,category 40,Group 70,1,0,false,244.73333333333332,Breached SLA
INC0006421,2016-03-14 08:37:00,2016-03-17 15:01:00,2016-03-24 19:00:00,3 - moderate,2 - Medium,2 - Medium,category 9,Group 25,1,0,false,78.4,Breached SLA
INC0006422,2016-03-14 08:38:00,2016-03-14 08:43:00,2016-03-24 18:52:00,3 - moderate,2 - Medium,2 - Medium,category 32,Group 70,0,0,false,0.08333333333333333,Breached SLA
INC0006423,2016-03-14 08:40:00,2016-03-14 13:00:00,2016-04-14 03:46:00,3 - moderate,2 - Medium,2 - Medium,category 26,Group 24,4,0,false,4.333333333333333,Breached SLA
INC0006424,2016-03-14 08:41:00,2016-03-15 08:53:00,2016-03-24 19:00:00,3 - moderate,2 - Medium,2 - Medium,category 28,Group 24,1,0,false,24.2,Breached SLA
INC0006425,2016-03-14 08:41:00,2016-03-18 11:53:00,2016-03-24 19:00:00,3 - moderate,2 - Medium,2 - Medium,category 9,Group 24,0,0,false,99.2,Breached SLA
INC0006426,2016-03-14 08:41:00,2016-03-31 09:50:00,2016-04-05 09:59:00,3 - moderate,2 - Medium,2 - Medium,category 23,Group 28,1,0,false,409.15,Breached SLA
INC0006429,2016-03-14 08:42:00,2016-03-14 11:03:00,2016-03-24 18:52:00,3 - moderate,2 - Medium,2 - Medium,category 46,Group 27,0,0,false,2.35,Breached SLA
INC0006430,2016-03-14 08:43:00,2016-03-25 02:11:00,2016-03-30 02:59:00,3 - moderate,2 - Medium,2 - Medium,category 26,Group 70,1,0,false,257.46666666666664,Breached SLA
INC0006431,2016-03-14 08:43:00,2016-03-22 11:57:00,2016-03-27 11:59:00,2 - high,2 - Medium,1 - High,category 13,Group 70,1,0,false,195.23333333333332,Breached SLA
INC0006432,2016-03-14 08:43:00,2016-03-15 11:28:00,2016-03-24 19:00:00,3 - moderate,2 - Medium,2 - Medium,category 37,Group 50,2,0,false,26.75,Breached SLA
INC0006433,2016-03-14 08:44:00,2016-03-15 11:30:00,2016-03-24 19:00:00,3 - moderate,2 - Medium,2 - Medium,category 32,,0,0,false,26.766666666666666,Breached SLA
INC0006435,2016-03-14 08:45:00,2016-03-17 15:45:00,2016-03-24 19:00:00,3 - moderate,2 - Medium,2 - Medium,category 42,Group 65,2,0,false,79.0,Breached SLA
INC0006436,2016-03-14 08:45:00,2016-03-14 15:14:00,2016-03-24 18:52:00,3 - moderate,2 - Medium,2 - Medium,category 26,Group 70,1,0,false,6.483333333333333,Breached SLA
INC0006437,2016-03-14 08:47:00,2016-03-14 10:18:00,2016-03-24 18:52:00,3 - moderate,2 - Medium,2 - Medium,category 9,Group 28,0,0,false,1.5166666666666666,Breached SLA
INC0006438,2016-03-14 08:48:00,2016-03-23 07:56:00,2016-03-28 07:59:00,3 - moderate,2 - Medium,2 - Medium,category 61,Group 73,1,0,false,215.13333333333333,Breached SLA
INC0006440,2016-03-14 08:49:00,2016-03-16 09:47:00,2016-03-24 19:00:00,3 - moderate,2 - Medium,2 - Medium,category 46,Group 6,1,0,false,48.96666666666667,Breached SLA
INC0006441,2016-03-14 08:50:00,2016-03-15 14:02:00,2016-03-24 19:00:00,3 - moderate,2 - Medium,2 - Medium,category 9,Group 24,1,0,false,29.2,Breached SLA
INC0006443,2016-03-14 08:53:00,2016-03-14 12:15:00,2016-03-24 18:52:00,3 - moderate,2 - Medium,2 - Medium,category 42,Group 70,1,0,false,3.3666666666666667,Breached SLA
INC0006444,2016-03-14 08:54:00,2016-03-14 09:02:00,2016-03-24 18:52:00,3 - moderate,2 - Medium,2 - Medium,category 42,Group 70,0,0,false,0.13333333333333333,Breached SLA
INC0006445,2016-03-14 08:54:00,2016-03-23 14:47:00,2016-03-28 14:59:00,3 - moderate,2 - Medium,2 - Medium,category 35,Group 70,1,0,false,221.88333333333333,Breached SLA
INC0006446,2016-03-14 08:55:00,2016-03-14 13:19:00,2016-03-24 18:52:00,3 - moderate,2 - Medium,2 - Medium,category 32,Group 70,1,0,false,4.4,Breached SLA
INC0006447,2016-03-14 08:55:00,2016-03-16 13:28:00,2016-03-24 19:00:00,3 - moderate,2 - Medium,2 - Medium,category 53,Group 70,1,0,false,52.55,Breached SLA
INC0006448,2016-03-14 08:56:00,2016-03-29 14:23:00,2016-04-03 14:59:00,3 - moderate,2 - Medium,2 - Medium,category 53,Group 29,2,0,false,365.45,Breached SLA
INC0006450,2016-03-14 08:57:00,2016-03-15 09:54:00,2016-03-24 19:00:00,3 - moderate,2 - Medium,2 - Medium,category 44,Group 73,1,0,false,24.95,Breached SLA
INC0006451,2016-03-14 08:57:00,2016-03-16 10:22:00,2016-03-24 19:00:00,3 - moderate,2 - Medium,2 - Medium,category 9,Group 30,1,0,false,49.416666666666664,Breached SLA
INC0006452,2016-03-14 08:57:00,2016-03-14 17:21:00,2016-03-24 18:52:00,3 - moderate,2 - Medium,2 - Medium,category 26,Group 30,2,0,false,8.4,Breached SLA
INC0006454,2016-03-14 09:02:00,2016-03-31 09:10:00,2016-04-05 09:59:00,3 - moderate,2 - Medium,2 - Medium,category 53,Group 25,1,0,false,408.1333333333333,Breached SLA
INC0006455,2016-03-14 09:04:00,2016-03-14 17:15:00,2016-03-24 18:52:00,3 - moderate,2 - Medium,2 - Medium,category 20,Group 28,1,0,false,8.183333333333334,Breached SLA
INC0006457,2016-03-14 09:04:00,2016-03-14 16:39:00,2016-03-24 18:52:00,3 - moderate,2 - Medium,2 - Medium,category 40,Group 70,1,0,false,7.583333333333333,Breached SLA
INC0006459,2016-03-14 09:06:00,2016-03-16 14:00:00,2016-03-24 19:00:00,3 - moderate,2 - Medium,2 - Medium,category 46,Group 33,2,0,false,52.9,Breached SLA
INC0006461,2016-03-14 09:07:00,2016-03-14 11:54:00,2016-03-24 18:52:00,3 - moderate,2 - Medium,2 - Medium,category 42,Group 70,0,0,false,2.783333333333333,Breached SLA
INC0006463,2016-03-14 09:11:00,2016-03-21 09:12:00,2016-03-26 09:59:00,3 - moderate,2 - Medium,2 - Medium,category 53,Group 24,1,0,false,168.01666666666668,Breached SLA
INC0006464,2016-03-14 09:11:00,2016-03-24 12:29:00,2016-03-29 12:59:00,3 - moderate,2 - Medium,2 - Medium,category 51,Group 20,3,0,false,243.3,Breached SLA
INC0006465,2016-03-14 09:13:00,2016-03-15 08:03:00,2016-03-24 19:00:00,3 - moderate,2 - Medium,2 - Medium,category 51,Group 64,0,0,false,22.833333333333332,Breached SLA
INC0006466,2016-03-14 09:14:00,2016-03-23 14:49:00,2016-03-28 14:59:00,3 - moderate,2 - Medium,2 - Medium,category 32,Group 70,1,0,false,221.58333333333334,Breached SLA
INC0006467,2016-03-14 09:14:00,2016-03-14 14:49:00,2016-03-24 18:52:00,3 - moderate,2 - Medium,2 - Medium,category 53,Group 70,1,0,false,5.583333333333333,Breached SLA
INC0006469,2016-03-14 09:16:00,2016-03-15 13:28:00,2016-03-24 19:00:00,3 - moderate,2 - Medium,2 - Medium,category 20,Group 70,1,0,false,28.2,Breached SLA
INC0006470,2016-03-14 09:16:00,2016-03-14 11:14:00,2016-03-24 18:52:00,3 - moderate,2 - Medium,2 - Medium,category 42,Group 70,0,0,false,1.9666666666666666,Breached SLA
INC0006471,2016-03-14 09:17:00,2016-03-23 09:44:00,2016-03-28 09:59:00,3 - moderate,2 - Medium,2 - Medium,category 37,Group 25,3,0,false,216.45,Breached SLA
INC0006472,2016-03-14 09:18:00,2016-03-14 09:46:00,2016-03-24 18:52:00,3 - moderate,2 - Medium,2 - Medium,category 53,,0,0,false,0.4666666666666667,Breached SLA
INC0006473,2016-03-14 09:18:00,2016-03-15 10:16:00,2016-03-24 19:00:00,3 - moderate,2 - Medium,2 - Medium,category 37,Group 25,1,0,false,24.966666666666665,Breached SLA
INC0006474,2016-03-14 09:18:00,2016-03-14 13:43:00,2016-03-24 18:52:00,3 - moderate,2 - Medium,2 - Medium,category 53,Group 28,1,0,false,4.416666666666667,Breached SLA
INC0006476,2016-03-14 09:19:00,2016-03-22 09:01:00,2016-03-27 09:59:00,3 - moderate,2 - Medium,2 - Medium,category 32,Group 70,7,0,false,191.7,Breached SLA
INC0006480,2016-03-14 09:20:00,2016-03-14 11:51:00,2016-03-24 18:52:00,3 - moderate,2 - Medium,2 - Medium,category 53,Group 56,5,0,false,2.5166666666666666,Breached SLA
INC0006481,2016-03-14 09:25:00,2016-03-14 16:36:00,2016-03-24 18:52:00,3 - moderate,2 - Medium,2 - Medium,category 42,Group 70,1,0,false,7.183333333333334,Breached SLA
INC0006483,2016-03-14 09:26:00,2016-03-16 19:17:00,2016-03-24 19:00:00,3 - moderate,2 - Medium,2 - Medium,category 32,Group 70,4,0,false,57.85,Breached SLA
INC0006485,2016-03-14 09:28:00,2016-03-18 14:34:00,2016-03-24 19:00:00,3 - moderate,2 - Medium,2 - Medium,category 53,Group 30,2,0,false,101.1,Breached SLA
INC0006486,2016-03-14 09:29:00,2016-03-15 17:15:00,2016-03-24 19:00:00,3 - moderate,2 - Medium,2 - Medium,category 42,Group 6,2,0,false,31.766666666666666,Breached SLA
INC0006487,2016-03-14 09:30:00,2016-03-16 15:58:00,2016-03-24 19:00:00,3 - moderate,2 - Medium,2 - Medium,category 32,Group 70,3,0,false,54.46666666666667,Breached SLA
INC0006488,2016-03-14 09:30:00,2016-03-14 14:05:00,2016-03-24 18:52:00,3 - moderate,2 - Medium,2 - Medium,category 42,Group 3,1,0,false,4.583333333333333,Breached SLA
INC0006490,2016-03-14 09:31:00,2016-03-15 15:46:00,2016-03-24 19:00:00,3 - moderate,2 - Medium,2 - Medium,category 37,Group 50,3,0,false,30.25,Breached SLA
INC0006491,2016-03-14 09:32:00,2016-03-14 15:07:00,2016-03-24 18:52:00,3 - moderate,2 - Medium,2 - Medium,category 53,Group 27,0,0,false,5.583333333333333,Breached SLA
INC0006492,2016-03-14 09:33:00,2016-03-15 11:57:00,2016-03-24 19:00:00,3 - moderate,2 - Medium,2 - Medium,category 20,Group 70,1,0,false,26.4,Breached SLA
INC0006493,2016-03-14 09:34:00,2016-03-14 11:36:00,2016-03-24 18:52:00,3 - moderate,2 - Medium,2 - Medium,category 42,Group 55,0,0,false,2.033333333333333,Breached SLA
INC0006494,2016-03-14 09:36:00,2016-03-23 11:00:00,2016-03-28 11:59:00,3 - moderate,2 - Medium,2 - Medium,category 61,Group 73,1,0,false,217.4,Breached SLA
INC0006495,2016-03-14 09:37:00,2016-03-14 13:14:00,2016-03-24 18:52:00,3 - moderate,2 - Medium,2 - Medium,category 42,Group 70,1,0,false,3.6166666666666667,Breached SLA
INC0006497,2016-03-14 09:39:00,2016-03-15 11:59:00,2016-03-24 19:00:00,3 - moderate,2 - Medium,2 - Medium,category 24,Group 30,0,0,false,26.333333333333332,Breached SLA
INC0006499,2016-03-14 09:40:00,2016-03-14 14:25:00,2016-03-24 18:52:00,3 - moderate,2 - Medium,2 - Medium,category 9,Group 24,0,0,false,4.75,Breached SLA
INC0006502,2016-03-14 09:45:00,2016-03-14 11:03:00,2016-03-24 18:52:00,3 - moderate,2 - Medium,2 - Medium,category 9,Group 24,0,0,false,1.3,Breached SLA
INC0006504,2016-03-14 09:48:00,2016-03-23 10:05:00,2016-03-28 10:59:00,3 - moderate,2 - Medium,2 - Medium,category 61,Group 73,1,0,false,216.28333333333333,Breached SLA
INC0006508,2016-03-14 09:51:00,2016-03-14 10:18:00,2016-03-24 18:52:00,3 - moderate,2 - Medium,2 - Medium,category 46,Group 70,1,0,false,0.45,Breached SLA
INC0006509,2016-03-14 09:53:00,2016-03-23 10:01:00,2016-03-28 10:59:00,3 - moderate,2 - Medium,2 - Medium,category 61,Group 73,1,0,false,216.13333333333333,Breached SLA
INC0006510,2016-03-14 09:54:00,2016-03-31 10:39:00,2016-04-05 10:59:00,3 - moderate,2 - Medium,2 - Medium,category 24,Group 24,0,0,false,408.75,Breached SLA
INC0006511,2016-03-14 09:54:00,2016-03-14 09:57:00,2016-03-24 18:52:00,3 - moderate,2 - Medium,2 - Medium,category 51,Group 64,0,0,false,0.05,Breached SLA
INC0006513,2016-03-14 09:55:00,2016-03-21 16:27:00,2016-03-26 16:59:00,3 - moderate,2 - Medium,2 - Medium,category 53,Group 25,0,0,false,174.53333333333333,Breached SLA
INC0006514,2016-03-14 09:58:00,2016-03-15 08:04:00,2016-03-24 19:00:00,3 - moderate,2 - Medium,2 - Medium,category 51,Group 64,0,0,false,22.1,Breached SLA
INC0006516,2016-03-14 10:00:00,2016-03-15 14:43:00,2016-03-24 19:00:00,3 - moderate,2 - Medium,2 - Medium,category 37,Group 27,1,0,false,28.716666666666665,Breached SLA
INC0006517,2016-03-14 10:01:00,2016-03-30 10:57:00,2016-04-04 10:59:00,3 - moderate,2 - Medium,2 - Medium,category 26,Group 26,2,0,false,384.93333333333334,Breached SLA
INC0006519,2016-03-14 10:02:00,2016-03-16 13:23:00,2016-03-24 19:00:00,3 - moderate,2 - Medium,2 - Medium,category 26,Group 24,3,0,false,51.35,Breached SLA
INC0006520,2016-03-14 10:02:00,2016-03-14 18:14:00,2016-03-24 18:52:00,3 - moderate,2 - Medium,2 - Medium,category 53,Group 25,1,0,false,8.2,Breached SLA
INC0006521,2016-03-14 10:03:00,2016-03-14 10:13:00,2016-03-24 18:52:00,3 - moderate,2 - Medium,2 - Medium,category 42,Group 70,0,0,false,0.16666666666666666,Breached SLA
INC0006522,2016-03-14 10:04:00,2016-03-18 09:36:00,2016-03-24 19:00:00,3 - moderate,2 - Medium,2 - Medium,category 57,Group 25,0,0,false,95.53333333333333,Breached SLA
INC0006525,2016-03-14 10:08:00,2016-03-23 15:46:00,2016-03-28 15:59:00,3 - moderate,2 - Medium,2 - Medium,category 53,Group 70,2,0,false,221.63333333333333,Breached SLA
INC0006526,2016-03-14 10:08:00,2016-03-14 13:26:00,2016-03-24 18:52:00,3 - moderate,2 - Medium,2 - Medium,category 46,Group 70,1,0,false,3.3,Breached SLA
INC0006527,2016-03-14 10:08:00,2016-03-17 10:55:00,2016-03-24 19:00:00,3 - moderate,2 - Medium,2 - Medium,category 53,Group 25,1,0,false,72.78333333333333,Breached SLA
INC0006528,2016-03-14 10:08:00,2016-03-17 16:46:00,2016-03-24 19:00:00,3 - moderate,2 - Medium,2 - Medium,category 46,Group 39,1,0,false,78.63333333333334,Breached SLA
INC0006529,2016-03-14 10:09:00,2016-03-15 12:02:00,2016-03-24 19:00:00,3 - moderate,2 - Medium,2 - Medium,category 37,Group 46,1,0,false,25.883333333333333,Breached SLA
INC0006530,2016-03-14 10:09:00,2016-03-22 13:00:00,2016-03-27 13:59:00,3 - moderate,2 - Medium,2 - Medium,category 53,Group 25,4,0,false,194.85,Breached SLA
INC0006532,2016-03-14 10:11:00,2016-03-14 13:27:00,2016-03-24 18:52:00,3 - moderate,2 - Medium,2 - Medium,category 42,Group 70,1,0,false,3.2666666666666666,Breached SLA
INC0006534,2016-03-14 10:13:00,2016-03-17 11:14:00,2016-03-24 19:00:00,3 - moderate,2 - Medium,2 - Medium,category 57,Group 76,1,0,false,73.01666666666667,Breached SLA
INC0006537,2016-03-14 10:15:00,2016-03-14 13:07:00,2016-03-24 18:52:00,3 - moderate,2 - Medium,2 - Medium,category 20,Group 70,1,0,false,2.8666666666666667,Breached SLA
INC0006540,2016-03-14 10:16:00,2016-03-16 15:37:00,2016-03-24 19:00:00,3 - moderate,2 - Medium,2 - Medium,category 42,Group 21,1,0,false,53.35,Breached SLA
INC0006542,2016-03-14 10:17:00,2016-03-24 13:50:00,2016-03-29 13:59:00,3 - moderate,2 - Medium,2 - Medium,category 20,Group 70,2,0,false,243.55,Breached SLA
INC0006543,2016-03-14 10:18:00,2016-03-14 10:20:00,2016-03-24 18:52:00,3 - moderate,2 - Medium,2 - Medium,category 46,Group 64,0,0,false,0.03333333333333333,Breached SLA
INC0006544,2016-03-14 10:19:00,2016-03-23 14:37:00,2016-03-28 14:59:00,2 - high,1 - High,2 - Medium,category 46,Group 15,1,0,false,220.3,Breached SLA
INC0006545,2016-03-14 10:19:00,2016-03-15 15:42:00,2016-03-24 19:00:00,3 - moderate,2 - Medium,2 - Medium,category 26,Group 70,1,0,false,29.383333333333333,Breached SLA
INC0006548,2016-03-14 10:21:00,2016-03-14 10:30:00,2016-03-24 18:52:00,3 - moderate,2 - Medium,2 - Medium,category 46,,0,0,false,0.15,Breached SLA
INC0006549,2016-03-14 10:23:00,2016-03-14 11:16:00,2016-03-24 18:52:00,3 - moderate,2 - Medium,2 - Medium,category 23,Group 20,0,0,false,0.8833333333333333,Breached SLA
INC0006550,2016-03-14 10:24:00,2016-03-22 11:41:00,2016-03-27 11:59:00,3 - moderate,2 - Medium,2 - Medium,category 26,Group 70,1,0,false,193.28333333333333,Breached SLA
INC0006551,2016-03-14 10:24:00,2016-03-17 17:45:00,2016-03-24 19:00:00,3 - moderate,2 - Medium,2 - Medium,category 26,Group 25,3,0,false,79.35,Breached SLA
INC0006553,2016-03-14 10:25:00,2016-03-16 10:18:00,2016-03-24 19:00:00,3 - moderate,2 - Medium,2 - Medium,category 35,Group 70,1,0,false,47.88333333333333,Breached SLA
INC0006554,2016-03-14 10:25:00,2016-03-22 14:43:00,2016-03-27 14:59:00,3 - moderate,2 - Medium,2 - Medium,category 20,Group 70,1,0,false,196.3,Breached SLA
INC0006555,2016-03-14 10:25:00,2016-03-22 16:18:00,2016-03-27 16:59:00,3 - moderate,2 - Medium,2 - Medium,category 37,,0,0,false,197.88333333333333,Breached SLA
INC0006556,2016-03-14 10:25:00,2016-03-21 11:01:00,2016-03-26 11:59:00,3 - moderate,2 - Medium,2 - Medium,category 35,Group 70,1,0,false,168.6,Breached SLA
INC0006558,2016-03-14 10:27:00,2016-03-14 10:29:00,2016-03-24 18:52:00,3 - moderate,2 - Medium,2 - Medium,category 46,Group 64,0,0,false,0.03333333333333333,Breached SLA
INC0006559,2016-03-14 10:27:00,2016-03-21 12:05:00,2016-03-26 12:59:00,3 - moderate,2 - Medium,2 - Medium,category 24,Group 25,2,0,false,169.63333333333333,Breached SLA
INC0006561,2016-03-14 10:29:00,2016-03-31 09:38:00,2016-04-05 09:59:00,3 - moderate,2 - Medium,2 - Medium,category 42,Group 25,2,0,false,407.15,Breached SLA
INC0006562,2016-03-14 10:30:00,2016-03-21 11:06:00,2016-03-26 11:59:00,3 - moderate,2 - Medium,2 - Medium,category 26,Group 70,1,0,false,168.6,Breached SLA
INC0006564,2016-03-14 10:31:00,2016-03-14 10:35:00,2016-03-24 18:52:00,3 - moderate,2 - Medium,2 - Medium,category 37,Group 46,0,0,false,0.06666666666666667,Breached SLA
INC0006566,2016-03-14 10:32:00,2016-03-23 10:53:00,2016-03-28 10:59:00,3 - moderate,2 - Medium,2 - Medium,category 61,Group 73,1,0,false,216.35,Breached SLA
INC0006567,2016-03-14 10:32:00,2016-03-14 10:41:00,2016-03-24 18:52:00,3 - moderate,2 - Medium,2 - Medium,category 61,Group 70,1,0,false,0.15,Breached SLA
INC0006568,2016-03-14 10:33:00,2016-03-16 12:05:00,2016-03-24 19:00:00,3 - moderate,2 - Medium,2 - Medium,category 34,Group 27,0,0,false,49.53333333333333,Breached SLA
INC0006569,2016-03-14 10:33:00,2016-03-15 11:38:00,2016-03-24 19:00:00,3 - moderate,2 - Medium,2 - Medium,category 23,Group 59,1,0,false,25.083333333333332,Breached SLA
INC0006570,2016-03-14 10:34:00,2016-03-16 09:22:00,2016-03-24 19:00:00,3 - moderate,2 - Medium,2 - Medium,category 26,Group 70,1,0,false,46.8,Breached SLA
INC0006571,2016-03-14 10:35:00,2016-03-18 07:38:00,2016-03-24 19:00:00,3 - moderate,2 - Medium,2 - Medium,category 42,Group 70,2,0,false,93.05,Breached SLA
INC0006573,2016-03-14 10:36:00,2016-03-22 12:37:00,2016-03-27 12:59:00,3 - moderate,2 - Medium,2 - Medium,category 41,Group 70,1,0,false,194.01666666666668,Breached SLA
INC0006574,2016-03-14 10:36:00,2016-03-16 10:48:00,2016-03-24 19:00:00,3 - moderate,2 - Medium,2 - Medium,category 32,Group 70,1,0,false,48.2,Breached SLA
INC0006575,2016-03-14 10:37:00,2016-03-15 11:08:00,2016-03-24 19:00:00,3 - moderate,2 - Medium,2 - Medium,category 23,Group 25,1,0,false,24.516666666666666,Breached SLA
INC0006578,2016-03-14 10:39:00,2016-03-14 16:08:00,2016-03-24 18:52:00,3 - moderate,2 - Medium,2 - Medium,category 20,Group 70,1,0,false,5.483333333333333,Breached SLA
INC0006581,2016-03-14 10:41:00,2016-03-15 09:39:00,2016-03-24 19:00:00,3 - moderate,2 - Medium,2 - Medium,category 23,Group 64,2,0,false,22.966666666666665,Breached SLA
INC0006582,2016-03-14 10:44:00,2016-03-18 09:54:00,2016-03-24 19:00:00,3 - moderate,2 - Medium,2 - Medium,category 46,Group 70,4,0,false,95.16666666666667,Breached SLA
INC0006583,2016-03-14 10:45:00,2016-03-22 12:38:00,2016-03-27 12:59:00,3 - moderate,2 - Medium,2 - Medium,category 41,Group 70,1,0,false,193.88333333333333,Breached SLA
INC0006584,2016-03-14 10:48:00,2016-03-15 16:21:00,2016-03-24 19:00:00,3 - moderate,2 - Medium,2 - Medium,category 24,Group 25,0,0,false,29.55,Breached SLA
INC0006585,2016-03-14 10:49:00,2016-03-23 15:44:00,2016-03-28 15:59:00,3 - moderate,2 - Medium,2 - Medium,category 57,Group 70,1,0,false,220.91666666666666,Breached SLA
INC0006587,2016-03-14 10:50:00,2016-03-14 11:47:00,2016-03-24 18:52:00,3 - moderate,2 - Medium,2 - Medium,category 9,Group 30,0,0,false,0.95,Breached SLA
INC0006588,2016-03-14 10:51:00,2016-03-14 11:43:00,2016-03-24 18:52:00,3 - moderate,2 - Medium,2 - Medium,category 37,Group 23,3,0,false,0.8666666666666667,Breached SLA
INC0006590,2016-03-14 10:53:00,2016-03-14 11:03:00,2016-03-24 18:52:00,3 - moderate,2 - Medium,2 - Medium,category 51,Group 64,0,0,false,0.16666666666666666,Breached SLA
INC0006592,2016-03-14 10:53:00,2016-03-23 09:07:00,2016-03-28 09:59:00,3 - moderate,2 - Medium,2 - Medium,category 61,Group 74,1,0,false,214.23333333333332,Breached SLA
INC0006593,2016-03-14 10:54:00,2016-03-22 11:21:00,2016-03-27 11:59:00,3 - moderate,2 - Medium,2 - Medium,category 9,Group 30,0,0,false,192.45,Breached SLA
INC0006595,2016-03-14 10:55:00,2016-03-17 15:28:00,2016-03-24 19:00:00,3 - moderate,2 - Medium,2 - Medium,category 46,Group 64,0,0,false,76.55,Breached SLA
INC0006602,2016-03-14 11:03:00,2016-03-14 11:42:00,2016-03-24 18:52:00,3 - moderate,2 - Medium,2 - Medium,category 51,Group 64,0,0,false,0.65,Breached SLA
INC0006603,2016-03-14 11:03:00,2016-03-15 11:16:00,2016-03-24 19:00:00,3 - moderate,2 - Medium,2 - Medium,category 23,Group 30,1,0,false,24.216666666666665,Breached SLA
INC0006605,2016-03-14 11:04:00,2016-03-14 11:17:00,2016-03-24 18:52:00,3 - moderate,2 - Medium,2 - Medium,category 42,Group 70,0,0,false,0.21666666666666667,Breached SLA
INC0006607,2016-03-14 11:04:00,2016-03-15 16:43:00,2016-03-24 19:00:00,3 - moderate,2 - Medium,2 - Medium,category 40,Group 70,3,0,false,29.65,Breached SLA
INC0006609,2016-03-14 11:06:00,2016-03-29 17:59:00,2016-04-03 18:59:00,3 - moderate,2 - Medium,2 - Medium,category 53,Group 29,3,0,false,366.8833333333333,Breached SLA
INC0006610,2016-03-14 11:06:00,2016-03-17 08:59:00,2016-03-24 19:00:00,3 - moderate,2 - Medium,2 - Medium,category 26,Group 70,1,0,false,69.88333333333334,Breached SLA
INC0006611,2016-03-14 11:06:00,2016-03-14 11:18:00,2016-03-24 18:52:00,3 - moderate,2 - Medium,2 - Medium,category 26,Group 70,0,0,false,0.2,Breached SLA
INC0006612,2016-03-14 11:06:00,2016-03-15 11:54:00,2016-03-24 19:00:00,3 - moderate,2 - Medium,2 - Medium,category 23,Group 25,1,0,false,24.8,Breached SLA
INC0006614,2016-03-14 11:09:00,2016-03-15 11:15:00,2016-03-24 19:00:00,3 - moderate,2 - Medium,2 - Medium,category 53,Group 23,0,0,false,24.1,Breached SLA
INC0006617,2016-03-14 11:13:00,2016-03-24 09:35:00,2016-03-29 09:59:00,3 - moderate,2 - Medium,2 - Medium,category 46,Group 64,0,0,false,238.36666666666667,Breached SLA
INC0006619,2016-03-14 11:15:00,2016-03-23 10:00:00,2016-03-28 10:59:00,3 - moderate,2 - Medium,2 - Medium,category 61,Group 73,1,0,false,214.75,Breached SLA
INC0006622,2016-03-14 11:16:00,2016-03-24 12:09:00,2016-03-29 12:59:00,3 - moderate,2 - Medium,2 - Medium,category 61,Group 54,2,0,false,240.88333333333333,Breached SLA
INC0006623,2016-03-14 11:16:00,2016-03-14 12:29:00,2016-03-24 18:52:00,3 - moderate,2 - Medium,2 - Medium,category 46,Group 64,0,0,false,1.2166666666666666,Breached SLA
INC0006627,2016-03-14 11:18:00,2016-03-24 09:38:00,2016-03-29 09:59:00,3 - moderate,2 - Medium,2 - Medium,category 46,Group 64,0,0,false,238.33333333333334,Breached SLA
INC0006629,2016-03-14 11:20:00,2016-03-14 11:28:00,2016-03-24 18:52:00,3 - moderate,2 - Medium,2 - Medium,category 42,Group 70,0,0,false,0.13333333333333333,Breached SLA
INC0006630,2016-03-14 11:20:00,2016-03-31 17:43:00,2016-04-05 17:59:00,3 - moderate,2 - Medium,2 - Medium,category 46,Group 15,1,0,false,414.3833333333333,Breached SLA
INC0006631,2016-03-14 11:20:00,2016-03-15 15:07:00,2016-03-24 19:00:00,3 - moderate,2 - Medium,2 - Medium,category 46,Group 39,3,0,false,27.783333333333335,Breached SLA
INC0006632,2016-03-14 11:21:00,2016-03-14 15:30:00,2016-03-24 18:52:00,3 - moderate,2 - Medium,2 - Medium,category 13,Group 23,1,0,false,4.15,Breached SLA
INC0006634,2016-03-14 11:24:00,2016-03-14 14:38:00,2016-03-24 18:52:00,3 - moderate,2 - Medium,2 - Medium,category 9,Group 24,0,0,false,3.2333333333333334,Breached SLA
INC0006636,2016-03-14 11:27:00,2016-03-17 14:38:00,2016-03-24 19:00:00,3 - moderate,2 - Medium,2 - Medium,category 37,Group 27,4,0,false,75.18333333333334,Breached SLA
INC0006637,2016-03-14 11:29:00,2016-03-23 08:28:00,2016-03-28 08:59:00,3 - moderate,2 - Medium,2 - Medium,category 53,Group 30,2,1,false,212.98333333333332,Breached SLA
INC0006640,2016-03-14 11:34:00,2016-03-15 16:45:00,2016-03-24 19:00:00,3 - moderate,2 - Medium,2 - Medium,category 23,Group 70,3,0,false,29.183333333333334,Breached SLA
INC0006642,2016-03-14 11:40:00,2016-03-22 11:32:00,2016-03-27 11:59:00,3 - moderate,2 - Medium,2 - Medium,category 20,Group 70,1,0,false,191.86666666666667,Breached SLA
INC0006643,2016-03-14 11:41:00,2016-03-22 11:25:00,2016-03-27 11:59:00,3 - moderate,2 - Medium,2 - Medium,category 53,Group 70,1,0,false,191.73333333333332,Breached SLA
INC0006646,2016-03-14 11:43:00,2016-03-15 10:55:00,2016-03-24 19:00:00,3 - moderate,2 - Medium,2 - Medium,category 9,Group 25,0,0,false,23.2,Breached SLA
INC0006647,2016-03-14 11:44:00,2016-03-15 01:21:00,2016-03-24 19:00:00,3 - moderate,2 - Medium,2 - Medium,category 42,Group 70,1,1,false,13.616666666666667,Breached SLA
INC0006650,2016-03-14 11:48:00,2016-03-16 14:31:00,2016-03-24 19:00:00,3 - moderate,2 - Medium,2 - Medium,category 46,Group 66,0,0,false,50.71666666666667,Breached SLA
INC0006651,2016-03-14 11:49:00,2016-03-14 11:52:00,2016-03-24 18:52:00,3 - moderate,2 - Medium,2 - Medium,category 51,Group 64,0,0,false,0.05,Breached SLA
INC0006654,2016-03-14 11:51:00,2016-03-14 12:38:00,2016-03-24 18:52:00,2 - high,2 - Medium,1 - High,category 42,Group 70,0,0,false,0.7833333333333333,Breached SLA
INC0006655,2016-03-14 11:51:00,2016-03-16 16:48:00,2016-03-24 19:00:00,3 - moderate,2 - Medium,2 - Medium,category 23,Group 27,1,0,false,52.95,Breached SLA
INC0006658,2016-03-14 11:54:00,2016-03-15 12:00:00,2016-03-24 19:00:00,3 - moderate,2 - Medium,2 - Medium,category 34,Group 23,1,0,false,24.1,Breached SLA
INC0006660,2016-03-14 11:57:00,2016-03-16 10:30:00,2016-03-24 19:00:00,3 - moderate,2 - Medium,2 - Medium,category 34,Group 27,1,0,false,46.55,Breached SLA
INC0006663,2016-03-14 12:00:00,2016-03-22 15:48:00,2016-03-27 15:59:00,3 - moderate,2 - Medium,2 - Medium,category 26,Group 25,2,0,false,195.8,Breached SLA
INC0006665,2016-03-14 12:02:00,2016-03-23 16:16:00,2016-03-28 16:59:00,3 - moderate,2 - Medium,2 - Medium,category 41,Group 70,2,0,false,220.23333333333332,Breached SLA
INC0006668,2016-03-14 12:07:00,2016-03-17 09:06:00,2016-03-24 19:00:00,3 - moderate,2 - Medium,2 - Medium,category 26,Group 70,1,0,false,68.98333333333333,Breached SLA
INC0006669,2016-03-14 12:08:00,2016-03-23 15:33:00,2016-03-28 15:59:00,3 - moderate,2 - Medium,2 - Medium,category 37,Group 48,1,0,false,219.41666666666666,Breached SLA
INC0006670,2016-03-14 12:08:00,2016-03-29 15:56:00,2016-04-03 15:59:00,3 - moderate,2 - Medium,2 - Medium,category 23,Group 70,7,0,false,363.8,Breached SLA
INC0006671,2016-03-14 12:09:00,2016-03-21 11:25:00,2016-03-26 11:59:00,3 - moderate,2 - Medium,2 - Medium,category 20,Group 70,1,0,false,167.26666666666668,Breached SLA
INC0006672,2016-03-14 12:12:00,2016-03-31 18:47:00,2016-04-05 18:59:00,3 - moderate,2 - Medium,2 - Medium,category 42,Group 33,0,0,false,414.5833333333333,Breached SLA
INC0006673,2016-03-14 12:13:00,2016-03-17 15:52:00,2016-03-24 19:00:00,3 - moderate,2 - Medium,2 - Medium,category 42,Group 39,2,0,false,75.65,Breached SLA
INC0006674,2016-03-14 12:15:00,2016-03-17 15:53:00,2016-03-24 19:00:00,3 - moderate,2 - Medium,2 - Medium,category 42,Group 39,2,0,false,75.63333333333334,Breached SLA
INC0006675,2016-03-14 12:16:00,2016-03-16 10:05:00,2016-03-24 19:00:00,3 - moderate,2 - Medium,2 - Medium,category 26,Group 70,1,0,false,45.81666666666667,Breached SLA
INC0006676,2016-03-14 12:16:00,2016-03-23 10:11:00,2016-03-28 10:59:00,3 - moderate,2 - Medium,2 - Medium,category 37,Group 26,1,0,false,213.91666666666666,Breached SLA
INC0006677,2016-03-14 12:19:00,2016-03-14 14:43:00,2016-03-24 18:52:00,3 - moderate,2 - Medium,2 - Medium,category 53,Group 27,0,0,false,2.4,Breached SLA
INC0006678,2016-03-14 12:19:00,2016-03-24 09:36:00,2016-03-29 09:59:00,3 - moderate,2 - Medium,2 - Medium,category 46,Group 64,0,0,false,237.28333333333333,Breached SLA
INC0006679,2016-03-14 12:21:00,2016-03-15 11:33:00,2016-03-24 19:00:00,3 - moderate,2 - Medium,2 - Medium,category 20,Group 27,2,0,false,23.2,Breached SLA
INC0006680,2016-03-14 12:22:00,2016-03-24 09:44:00,2016-03-29 09:59:00,3 - moderate,2 - Medium,2 - Medium,category 46,Group 64,0,0,false,237.36666666666667,Breached SLA
INC0006683,2016-03-14 12:28:00,2016-03-17 10:31:00,2016-03-24 19:00:00,3 - moderate,2 - Medium,2 - Medium,category 26,Group 70,1,0,false,70.05,Breached SLA
INC0006684,2016-03-14 12:31:00,2016-03-18 16:26:00,2016-03-24 19:00:00,3 - moderate,2 - Medium,2 - Medium,category 32,Group 66,3,0,false,99.91666666666667,Breached SLA
INC0006685,2016-03-14 12:32:00,2016-03-22 09:14:00,2016-03-27 09:59:00,3 - moderate,2 - Medium,2 - Medium,category 37,Group 46,2,0,false,188.7,Breached SLA
INC0006686,2016-03-14 12:37:00,2016-03-14 15:11:00,2016-03-24 18:52:00,3 - moderate,2 - Medium,2 - Medium,category 26,Group 20,3,0,false,2.566666666666667,Breached SLA
INC0006687,2016-03-14 12:38:00,2016-03-14 12:46:00,2016-03-24 18:52:00,3 - moderate,2 - Medium,2 - Medium,category 42,Group 70,0,0,false,0.13333333333333333,Breached SLA
INC0006689,2016-03-14 12:43:00,2016-03-21 10:32:00,2016-03-26 10:59:00,3 - moderate,2 - Medium,2 - Medium,category 53,Group 27,0,0,false,165.81666666666666,Breached SLA
INC0006690,2016-03-14 12:44:00,2016-03-14 20:10:00,2016-03-24 19:00:00,3 - moderate,2 - Medium,2 - Medium,category 46,Group 70,1,0,false,7.433333333333334,Breached SLA
INC0006691,2016-03-14 12:44:00,2016-03-17 09:43:00,2016-03-24 19:00:00,3 - moderate,2 - Medium,2 - Medium,category 26,Group 70,1,0,false,68.98333333333333,Breached SLA
INC0006692,2016-03-14 12:51:00,2016-03-14 14:29:00,2016-03-24 18:52:00,3 - moderate,2 - Medium,2 - Medium,category 26,Group 70,1,0,false,1.6333333333333333,Breached SLA
INC0006693,2016-03-14 12:53:00,2016-03-14 15:12:00,2016-03-24 18:52:00,3 - moderate,2 - Medium,2 - Medium,category 26,Group 70,1,0,false,2.316666666666667,Breached SLA
INC0006695,2016-03-14 12:56:00,2016-03-14 15:12:00,2016-03-24 18:52:00,3 - moderate,2 - Medium,2 - Medium,category 26,Group 70,1,0,false,2.2666666666666666,Breached SLA
INC0006697,2016-03-14 12:57:00,2016-03-15 11:02:00,2016-03-24 19:00:00,3 - moderate,2 - Medium,2 - Medium,category 20,Group 27,3,0,false,22.083333333333332,Breached SLA
INC0006699,2016-03-14 12:57:00,2016-03-14 14:41:00,2016-03-24 18:52:00,3 - moderate,2 - Medium,2 - Medium,category 26,Group 70,1,0,false,1.7333333333333334,Breached SLA
INC0006700,2016-03-14 12:58:00,2016-03-31 09:41:00,2016-04-05 09:59:00,3 - moderate,2 - Medium,2 - Medium,category 34,Group 25,0,0,false,404.71666666666664,Breached SLA
INC0006701,2016-03-14 12:59:00,2016-03-14 14:42:00,2016-03-24 18:52:00,3 - moderate,2 - Medium,2 - Medium,category 26,Group 70,1,0,false,1.7166666666666666,Breached SLA
INC0006702,2016-03-14 13:01:00,2016-03-26 11:36:00,2016-03-31 11:59:00,3 - moderate,2 - Medium,2 - Medium,category 23,Group 20,2,0,false,286.5833333333333,Breached SLA
INC0006703,2016-03-14 13:01:00,2016-03-21 11:33:00,2016-03-26 11:59:00,3 - moderate,2 - Medium,2 - Medium,category 26,Group 70,1,0,false,166.53333333333333,Breached SLA
INC0006706,2016-03-14 13:05:00,2016-03-29 16:37:00,2016-04-03 16:59:00,3 - moderate,2 - Medium,2 - Medium,category 61,Group 73,1,0,false,363.53333333333336,Breached SLA
INC0006708,2016-03-14 13:10:00,2016-03-14 13:13:00,2016-03-24 18:52:00,3 - moderate,2 - Medium,2 - Medium,category 53,,0,0,false,0.05,Breached SLA
INC0006709,2016-03-14 13:11:00,2016-03-22 11:13:00,2016-03-27 11:59:00,3 - moderate,2 - Medium,2 - Medium,category 53,,1,0,false,190.03333333333333,Breached SLA
INC0006711,2016-03-14 13:12:00,2016-03-14 13:22:00,2016-03-24 18:52:00,3 - moderate,2 - Medium,2 - Medium,category 42,Group 70,0,0,false,0.16666666666666666,Breached SLA
INC0006716,2016-03-14 13:19:00,2016-03-14 15:32:00,2016-03-24 18:52:00,3 - moderate,2 - Medium,2 - Medium,category 37,Group 46,1,0,false,2.216666666666667,Breached SLA
INC0006717,2016-03-14 13:21:00,2016-03-14 15:33:00,2016-03-24 18:52:00,3 - moderate,2 - Medium,2 - Medium,category 51,Group 28,2,0,false,2.2,Breached SLA
INC0006718,2016-03-14 13:21:00,2016-03-23 09:05:00,2016-03-28 09:59:00,3 - moderate,2 - Medium,2 - Medium,category 61,Group 73,1,0,false,211.73333333333332,Breached SLA
INC0006720,2016-03-14 13:22:00,2016-03-15 15:44:00,2016-03-24 19:00:00,3 - moderate,2 - Medium,2 - Medium,category 37,Group 46,1,0,false,26.366666666666667,Breached SLA
INC0006722,2016-03-14 13:22:00,2016-03-14 13:29:00,2016-03-24 18:52:00,3 - moderate,2 - Medium,2 - Medium,category 46,Group 70,0,0,false,0.11666666666666667,Breached SLA
INC0006724,2016-03-14 13:24:00,2016-03-14 17:08:00,2016-03-24 18:52:00,3 - moderate,2 - Medium,2 - Medium,category 46,Group 57,0,0,false,3.7333333333333334,Breached SLA
INC0006725,2016-03-14 13:24:00,2016-03-14 16:36:00,2016-03-24 18:52:00,3 - moderate,2 - Medium,2 - Medium,category 46,Group 57,2,0,false,3.2,Breached SLA
INC0006730,2016-03-14 13:29:00,2016-03-22 10:59:00,2016-03-27 11:59:00,2 - high,1 - High,2 - Medium,category 53,Group 70,9,0,false,189.5,Breached SLA
INC0006731,2016-03-14 13:30:00,2016-03-24 14:17:00,2016-03-29 14:59:00,3 - moderate,2 - Medium,2 - Medium,category 9,Group 24,1,0,false,240.78333333333333,Breached SLA
INC0006732,2016-03-14 13:30:00,2016-03-15 16:51:00,2016-03-24 19:00:00,3 - moderate,2 - Medium,2 - Medium,category 53,Group 29,1,0,false,27.35,Breached SLA
INC0006734,2016-03-14 13:32:00,2016-03-15 10:00:00,2016-03-24 19:00:00,3 - moderate,2 - Medium,2 - Medium,category 53,Group 25,0,0,false,20.466666666666665,Breached SLA
INC0006735,2016-03-14 13:33:00,2016-03-15 09:40:00,2016-03-24 19:00:00,3 - moderate,2 - Medium,2 - Medium,category 46,Group 39,3,0,false,20.116666666666667,Breached SLA
INC0006736,2016-03-14 13:37:00,2016-03-22 10:58:00,2016-03-27 10:59:00,3 - moderate,2 - Medium,2 - Medium,category 53,Group 66,2,0,false,189.35,Breached SLA
INC0006739,2016-03-14 13:38:00,2016-03-14 15:31:00,2016-03-24 18:52:00,3 - moderate,2 - Medium,2 - Medium,category 9,Group 25,0,0,false,1.8833333333333333,Breached SLA
INC0006742,2016-03-14 13:44:00,2016-03-14 13:55:00,2016-03-24 18:52:00,3 - moderate,2 - Medium,2 - Medium,category 42,Group 70,0,0,false,0.18333333333333332,Breached SLA
INC0006743,2016-03-14 13:44:00,2016-03-16 02:12:00,2016-03-24 19:00:00,3 - moderate,2 - Medium,2 - Medium,category 41,Group 70,2,0,false,36.46666666666667,Breached SLA
INC0006744,2016-03-14 13:44:00,2016-03-16 02:06:00,2016-03-24 19:00:00,3 - moderate,2 - Medium,2 - Medium,category 41,,1,0,false,36.36666666666667,Breached SLA
INC0006745,2016-03-14 13:45:00,2016-03-17 19:45:00,2016-03-24 19:00:00,3 - moderate,2 - Medium,2 - Medium,category 53,Group 70,1,0,false,78.0,Breached SLA
INC0006749,2016-03-14 13:46:00,2016-03-16 10:17:00,2016-03-24 19:00:00,3 - moderate,2 - Medium,2 - Medium,category 41,,1,0,false,44.516666666666666,Breached SLA
INC0006751,2016-03-14 13:49:00,2016-03-18 11:08:00,2016-03-24 19:00:00,3 - moderate,2 - Medium,2 - Medium,category 53,Group 70,2,0,false,93.31666666666666,Breached SLA
INC0006753,2016-03-14 13:50:00,2016-03-23 10:12:00,2016-03-28 10:59:00,3 - moderate,2 - Medium,2 - Medium,category 26,Group 26,2,0,false,212.36666666666667,Breached SLA
INC0006756,2016-03-14 13:53:00,2016-03-14 15:25:00,2016-03-24 18:52:00,3 - moderate,2 - Medium,2 - Medium,category 46,Group 55,0,0,false,1.5333333333333334,Breached SLA
INC0006757,2016-03-14 13:53:00,2016-03-14 14:08:00,2016-03-24 18:52:00,3 - moderate,2 - Medium,2 - Medium,category 26,Group 70,0,0,false,0.25,Breached SLA
INC0006758,2016-03-14 13:56:00,2016-03-22 12:43:00,2016-03-27 12:59:00,3 - moderate,2 - Medium,2 - Medium,category 41,Group 70,1,0,false,190.78333333333333,Breached SLA
INC0006759,2016-03-14 13:57:00,2016-03-15 09:09:00,2016-03-24 19:00:00,3 - moderate,2 - Medium,2 - Medium,category 26,Group 54,2,0,false,19.2,Breached SLA
INC0006760,2016-03-14 13:57:00,2016-03-22 11:08:00,2016-03-27 11:59:00,3 - moderate,2 - Medium,2 - Medium,category 53,Group 70,1,0,false,189.18333333333334,Breached SLA
INC0006762,2016-03-14 14:02:00,2016-03-21 12:08:00,2016-03-26 12:59:00,3 - moderate,2 - Medium,2 - Medium,category 35,Group 70,1,0,false,166.1,Breached SLA
INC0006763,2016-03-14 14:03:00,2016-03-14 14:13:00,2016-03-24 18:52:00,3 - moderate,2 - Medium,2 - Medium,category 44,Group 70,1,0,false,0.16666666666666666,Breached SLA
INC0006764,2016-03-14 14:03:00,2016-03-16 10:28:00,2016-03-24 19:00:00,3 - moderate,2 - Medium,2 - Medium,category 26,Group 70,1,0,false,44.416666666666664,Breached SLA
INC0006765,2016-03-14 14:04:00,2016-03-28 08:24:00,2016-04-02 08:59:00,3 - moderate,2 - Medium,2 - Medium,category 46,Group 57,0,0,false,330.3333333333333,Breached SLA
INC0006767,2016-03-14 14:08:00,2016-03-16 11:06:00,2016-03-24 19:00:00,3 - moderate,2 - Medium,2 - Medium,category 53,,0,0,false,44.96666666666667,Breached SLA
INC0006768,2016-03-14 14:09:00,2016-03-16 17:34:00,2016-03-24 19:00:00,3 - moderate,2 - Medium,2 - Medium,category 44,Group 39,4,0,false,51.416666666666664,Breached SLA
INC0006769,2016-03-14 14:12:00,2016-03-15 14:10:00,2016-03-24 19:00:00,3 - moderate,2 - Medium,2 - Medium,category 9,Group 24,0,0,false,23.966666666666665,Breached SLA
INC0006771,2016-03-14 14:14:00,2016-03-14 14:26:00,2016-03-24 18:52:00,3 - moderate,2 - Medium,2 - Medium,category 42,Group 70,0,0,false,0.2,Breached SLA
INC0006772,2016-03-14 14:14:00,2016-03-14 14:26:00,2016-03-24 18:52:00,3 - moderate,2 - Medium,2 - Medium,category 46,Group 70,0,0,false,0.2,Breached SLA
INC0006773,2016-03-14 14:16:00,2016-03-22 11:01:00,2016-03-27 11:59:00,3 - moderate,2 - Medium,2 - Medium,category 28,Group 70,1,0,false,188.75,Breached SLA
INC0006774,2016-03-14 14:19:00,2016-03-18 14:50:00,2016-03-24 19:00:00,3 - moderate,2 - Medium,2 - Medium,category 26,Group 29,2,0,false,96.51666666666667,Breached SLA
INC0006775,2016-03-14 14:21:00,2016-03-14 15:52:00,2016-03-24 18:52:00,3 - moderate,2 - Medium,2 - Medium,category 46,Group 55,0,0,false,1.5166666666666666,Breached SLA
INC0006776,2016-03-14 14:22:00,2016-03-15 13:44:00,2016-03-24 19:00:00,3 - moderate,2 - Medium,2 - Medium,category 42,Group 70,1,0,false,23.366666666666667,Breached SLA
INC0006777,2016-03-14 14:22:00,2016-03-27 22:12:00,2016-04-01 22:59:00,3 - moderate,2 - Medium,2 - Medium,category 23,Group 70,4,0,false,319.8333333333333,Breached SLA
INC0006778,2016-03-14 14:22:00,2016-03-16 12:43:00,2016-03-24 19:00:00,3 - moderate,2 - Medium,2 - Medium,category 32,Group 70,0,0,false,46.35,Breached SLA
INC0006779,2016-03-14 14:23:00,2016-03-14 14:43:00,2016-03-24 18:52:00,3 - moderate,2 - Medium,2 - Medium,category 24,Group 23,0,0,false,0.3333333333333333,Breached SLA
INC0006782,2016-03-14 14:25:00,2016-03-15 09:23:00,2016-03-24 19:00:00,3 - moderate,2 - Medium,2 - Medium,category 28,Group 66,1,0,false,18.966666666666665,Breached SLA
INC0006783,2016-03-14 14:25:00,2016-03-14 23:40:00,2016-03-24 19:00:00,3 - moderate,2 - Medium,2 - Medium,category 32,Group 70,0,0,false,9.25,Breached SLA
INC0006785,2016-03-14 14:26:00,2016-03-16 14:56:00,2016-03-24 19:00:00,3 - moderate,2 - Medium,2 - Medium,category 20,Group 54,5,0,false,48.5,Breached SLA
INC0006787,2016-03-14 14:28:00,2016-03-21 16:24:00,2016-03-26 16:59:00,3 - moderate,2 - Medium,2 - Medium,category 51,Group 20,0,0,false,169.93333333333334,Breached SLA
INC0006788,2016-03-14 14:30:00,2016-03-16 11:41:00,2016-03-24 19:00:00,3 - moderate,2 - Medium,2 - Medium,category 26,Group 70,1,0,false,45.18333333333333,Breached SLA
INC0006789,2016-03-14 14:33:00,2016-03-23 10:55:00,2016-03-28 10:59:00,3 - moderate,2 - Medium,2 - Medium,category 61,Group 73,1,0,false,212.36666666666667,Breached SLA
INC0006794,2016-03-14 14:34:00,2016-03-21 12:11:00,2016-03-26 12:59:00,3 - moderate,2 - Medium,2 - Medium,category 26,Group 70,1,0,false,165.61666666666667,Breached SLA
INC0006796,2016-03-14 14:36:00,2016-03-14 16:09:00,2016-03-24 18:52:00,3 - moderate,2 - Medium,2 - Medium,category 37,Group 49,1,0,false,1.55,Breached SLA
INC0006797,2016-03-14 14:37:00,2016-03-17 17:38:00,2016-03-24 19:00:00,3 - moderate,2 - Medium,2 - Medium,category 23,Group 20,0,0,false,75.01666666666667,Breached SLA
INC0006798,2016-03-14 14:38:00,2016-03-15 09:55:00,2016-03-24 19:00:00,3 - moderate,2 - Medium,2 - Medium,category 42,Group 39,1,0,false,19.283333333333335,Breached SLA
INC0006799,2016-03-14 14:39:00,2016-03-16 01:42:00,2016-03-24 19:00:00,3 - moderate,2 - Medium,2 - Medium,category 46,Group 70,1,0,false,35.05,Breached SLA
INC0006802,2016-03-14 14:41:00,2016-03-16 11:33:00,2016-03-24 19:00:00,3 - moderate,2 - Medium,2 - Medium,category 20,Group 70,1,0,false,44.86666666666667,Breached SLA
INC0006804,2016-03-14 14:43:00,2016-03-16 16:18:00,2016-03-24 19:00:00,3 - moderate,2 - Medium,2 - Medium,category 26,Group 70,1,0,false,49.583333333333336,Breached SLA
INC0006805,2016-03-14 14:44:00,2016-03-16 12:05:00,2016-03-24 19:00:00,3 - moderate,2 - Medium,2 - Medium,category 26,Group 70,1,0,false,45.35,Breached SLA
INC0006806,2016-03-14 14:44:00,2016-03-14 14:54:00,2016-03-24 18:52:00,3 - moderate,2 - Medium,2 - Medium,category 46,Group 70,0,0,false,0.16666666666666666,Breached SLA
INC0006807,2016-03-14 14:45:00,2016-03-15 12:02:00,2016-03-24 19:00:00,3 - moderate,2 - Medium,2 - Medium,category 9,Group 23,1,0,false,21.283333333333335,Breached SLA
INC0006809,2016-03-14 14:48:00,2016-03-22 10:48:00,2016-03-27 10:59:00,3 - moderate,2 - Medium,2 - Medium,category 26,Group 70,1,0,false,188.0,Breached SLA
INC0006811,2016-03-14 14:50:00,2016-03-14 15:42:00,2016-03-24 18:52:00,3 - moderate,2 - Medium,2 - Medium,category 20,Group 24,1,0,false,0.8666666666666667,Breached SLA
INC0006815,2016-03-14 14:54:00,2016-03-14 17:21:00,2016-03-24 18:52:00,3 - moderate,2 - Medium,2 - Medium,category 53,Group 23,0,0,false,2.45,Breached SLA
INC0006816,2016-03-14 14:55:00,2016-03-14 15:11:00,2016-03-24 18:52:00,3 - moderate,2 - Medium,2 - Medium,category 9,Group 27,0,0,false,0.26666666666666666,Breached SLA
INC0006817,2016-03-14 14:58:00,2016-03-14 16:58:00,2016-03-24 18:52:00,3 - moderate,2 - Medium,2 - Medium,category 53,Group 23,0,0,false,2.0,Breached SLA
INC0006818,2016-03-14 14:58:00,2016-03-15 18:34:00,2016-03-24 19:00:00,3 - moderate,2 - Medium,2 - Medium,category 32,Group 70,1,0,false,27.6,Breached SLA
INC0006819,2016-03-14 14:59:00,2016-03-23 08:45:00,2016-03-28 08:59:00,3 - moderate,2 - Medium,2 - Medium,category 23,Group 24,3,0,false,209.76666666666668,Breached SLA
INC0006821,2016-03-14 15:01:00,2016-03-17 09:42:00,2016-03-24 19:00:00,3 - moderate,2 - Medium,2 - Medium,category 53,Group 70,1,0,false,66.68333333333334,Breached SLA
INC0006822,2016-03-14 15:01:00,2016-03-23 14:23:00,2016-03-28 14:59:00,3 - moderate,2 - Medium,2 - Medium,category 46,,0,0,false,215.36666666666667,Breached SLA
INC0006826,2016-03-14 15:05:00,2016-03-22 11:59:00,2016-03-27 12:59:00,3 - moderate,2 - Medium,2 - Medium,category 51,Group 53,3,0,false,188.9,Breached SLA
INC0006827,2016-03-14 15:10:00,2016-03-16 17:00:00,2016-03-24 19:00:00,3 - moderate,2 - Medium,2 - Medium,category 42,Group 70,1,0,false,49.833333333333336,Breached SLA
INC0006828,2016-03-14 15:11:00,2016-03-22 10:55:00,2016-03-27 10:59:00,2 - high,1 - High,2 - Medium,category 53,Group 70,1,0,false,187.73333333333332,Breached SLA
INC0006829,2016-03-14 15:15:00,2016-03-16 11:11:00,2016-03-24 19:00:00,3 - moderate,2 - Medium,2 - Medium,category 24,Group 23,1,0,false,43.93333333333333,Breached SLA
INC0006831,2016-03-14 15:19:00,2016-03-14 15:46:00,2016-03-24 18:52:00,3 - moderate,2 - Medium,2 - Medium,category 53,,0,0,false,0.45,Breached SLA
INC0006832,2016-03-14 15:22:00,2016-03-24 09:36:00,2016-03-29 09:59:00,3 - moderate,2 - Medium,2 - Medium,category 46,Group 64,0,0,false,234.23333333333332,Breached SLA
INC0006833,2016-03-14 15:22:00,2016-03-31 17:16:00,2016-04-05 17:59:00,3 - moderate,2 - Medium,2 - Medium,category 46,Group 57,0,0,false,409.9,Breached SLA
INC0006834,2016-03-14 15:24:00,2016-03-17 15:29:00,2016-03-24 19:00:00,3 - moderate,2 - Medium,2 - Medium,category 46,Group 64,0,0,false,72.08333333333333,Breached SLA
INC0006835,2016-03-14 15:26:00,2016-03-14 15:28:00,2016-03-24 18:52:00,3 - moderate,2 - Medium,2 - Medium,category 46,Group 64,0,0,false,0.03333333333333333,Breached SLA
INC0006836,2016-03-14 15:26:00,2016-03-17 16:15:00,2016-03-24 19:00:00,3 - moderate,2 - Medium,2 - Medium,category 26,Group 23,3,0,false,72.81666666666666,Breached SLA
INC0006837,2016-03-14 15:26:00,2016-03-14 15:39:00,2016-03-24 18:52:00,3 - moderate,2 - Medium,2 - Medium,category 46,Group 70,0,0,false,0.21666666666666667,Breached SLA
INC0006838,2016-03-14 15:28:00,2016-03-15 12:23:00,2016-03-24 19:00:00,3 - moderate,2 - Medium,2 - Medium,category 9,Group 24,0,0,false,20.916666666666668,Breached SLA
INC0006839,2016-03-14 15:28:00,2016-03-14 15:29:00,2016-03-24 18:52:00,3 - moderate,2 - Medium,2 - Medium,category 46,Group 64,0,0,false,0.016666666666666666,Breached SLA
INC0006840,2016-03-14 15:28:00,2016-03-14 16:19:00,2016-03-24 18:52:00,3 - moderate,2 - Medium,2 - Medium,category 37,Group 46,0,0,false,0.85,Breached SLA
INC0006841,2016-03-14 15:30:00,2016-03-14 15:39:00,2016-03-24 18:52:00,3 - moderate,2 - Medium,2 - Medium,category 46,Group 64,0,0,false,0.15,Breached SLA
INC0006842,2016-03-14 15:32:00,2016-03-22 09:25:00,2016-03-27 09:59:00,3 - moderate,2 - Medium,2 - Medium,category 26,Group 70,1,0,false,185.88333333333333,Breached SLA
INC0006843,2016-03-14 15:34:00,2016-03-30 14:39:00,2016-04-04 14:59:00,3 - moderate,2 - Medium,2 - Medium,category 42,Group 70,6,0,false,383.0833333333333,Breached SLA
INC0006844,2016-03-14 15:34:00,2016-03-14 16:05:00,2016-03-24 18:52:00,3 - moderate,2 - Medium,2 - Medium,category 24,Group 23,0,0,false,0.5166666666666667,Breached SLA
INC0006846,2016-03-14 15:38:00,2016-03-14 16:43:00,2016-03-24 18:52:00,3 - moderate,2 - Medium,2 - Medium,category 26,Group 24,1,0,false,1.0833333333333333,Breached SLA
INC0006848,2016-03-14 15:39:00,2016-03-23 15:35:00,2016-03-28 15:59:00,3 - moderate,2 - Medium,2 - Medium,category 37,Group 48,3,0,false,215.93333333333334,Breached SLA
INC0006849,2016-03-14 15:39:00,2016-03-14 15:40:00,2016-03-24 18:52:00,3 - moderate,2 - Medium,2 - Medium,category 46,Group 64,0,0,false,0.016666666666666666,Breached SLA
INC0006850,2016-03-14 15:40:00,2016-03-18 16:15:00,2016-03-24 19:00:00,3 - moderate,2 - Medium,2 - Medium,category 53,Group 66,1,0,false,96.58333333333333,Breached SLA
INC0006851,2016-03-14 15:40:00,2016-03-17 09:44:00,2016-03-24 19:00:00,3 - moderate,2 - Medium,2 - Medium,category 20,Group 70,1,0,false,66.06666666666666,Breached SLA
INC0006852,2016-03-14 15:40:00,2016-03-14 15:41:00,2016-03-24 18:52:00,3 - moderate,2 - Medium,2 - Medium,category 46,Group 64,0,0,false,0.016666666666666666,Breached SLA
INC0006854,2016-03-14 15:42:00,2016-03-14 15:50:00,2016-03-24 18:52:00,3 - moderate,2 - Medium,2 - Medium,category 46,Group 64,0,0,false,0.13333333333333333,Breached SLA
INC0006855,2016-03-14 15:42:00,2016-03-14 15:50:00,2016-05-23 11:07:00,3 - moderate,2 - Medium,2 - Medium,category 51,Group 20,0,0,false,0.13333333333333333,Breached SLA
INC0006856,2016-03-14 15:49:00,2016-03-14 15:57:00,2016-03-24 18:52:00,3 - moderate,2 - Medium,2 - Medium,category 46,Group 70,0,0,false,0.13333333333333333,Breached SLA
INC0006858,2016-03-14 15:53:00,2016-03-14 15:54:00,2016-03-24 18:52:00,3 - moderate,2 - Medium,2 - Medium,category 46,Group 64,0,0,false,0.016666666666666666,Breached SLA
INC0006859,2016-03-14 15:54:00,2016-03-14 15:56:00,2016-03-24 18:52:00,3 - moderate,2 - Medium,2 - Medium,category 46,Group 64,0,0,false,0.03333333333333333,Breached SLA
INC0006860,2016-03-14 15:55:00,2016-03-22 15:30:00,2016-03-27 15:59:00,3 - moderate,2 - Medium,2 - Medium,category 53,Group 70,11,0,false,191.58333333333334,Breached SLA
INC0006862,2016-03-14 15:58:00,2016-03-16 16:01:00,2016-03-24 19:00:00,3 - moderate,2 - Medium,2 - Medium,category 26,Group 70,1,0,false,48.05,Breached SLA
INC0006866,2016-03-14 16:04:00,2016-03-16 16:05:00,2016-03-24 19:00:00,3 - moderate,2 - Medium,2 - Medium,category 42,Group 70,1,0,false,48.016666666666666,Breached SLA
INC0006867,2016-03-14 16:07:00,2016-03-15 10:11:00,2016-03-24 19:00:00,3 - moderate,2 - Medium,2 - Medium,category 53,Group 25,0,0,false,18.066666666666666,Breached SLA
INC0006868,2016-03-14 16:08:00,2016-03-16 13:13:00,2016-03-24 19:00:00,3 - moderate,2 - Medium,2 - Medium,category 23,Group 70,2,0,false,45.083333333333336,Breached SLA
INC0006869,2016-03-14 16:09:00,2016-03-18 11:14:00,2016-03-24 19:00:00,3 - moderate,2 - Medium,2 - Medium,category 61,Group 73,3,0,false,91.08333333333333,Breached SLA
INC0006870,2016-03-14 16:09:00,2016-03-16 11:27:00,2016-03-24 19:00:00,3 - moderate,2 - Medium,2 - Medium,category 53,Group 25,0,1,false,43.3,Breached SLA
INC0006871,2016-03-14 16:11:00,2016-03-16 14:34:00,2016-03-24 19:00:00,3 - moderate,2 - Medium,2 - Medium,category 42,Group 70,1,0,false,46.38333333333333,Breached SLA
INC0006872,2016-03-14 16:12:00,2016-03-16 14:50:00,2016-03-24 19:00:00,3 - moderate,2 - Medium,2 - Medium,category 26,Group 70,1,0,false,46.63333333333333,Breached SLA
INC0006874,2016-03-14 16:14:00,2016-03-15 09:05:00,2016-03-24 19:00:00,3 - moderate,2 - Medium,2 - Medium,category 26,Group 54,2,0,false,16.85,Breached SLA
INC0006875,2016-03-14 16:16:00,2016-03-30 16:20:00,2016-04-04 16:59:00,3 - moderate,2 - Medium,2 - Medium,category 34,Group 25,1,0,false,384.06666666666666,Breached SLA
INC0006876,2016-03-14 16:18:00,2016-03-22 08:49:00,2016-03-27 08:59:00,3 - moderate,2 - Medium,2 - Medium,category 9,,0,0,false,184.51666666666668,Breached SLA
INC0006877,2016-03-14 16:19:00,2016-03-21 12:43:00,2016-03-26 12:59:00,3 - moderate,2 - Medium,2 - Medium,category 26,Group 70,1,0,false,164.4,Breached SLA
INC0006878,2016-03-14 16:24:00,2016-03-21 12:47:00,2016-03-26 12:59:00,3 - moderate,2 - Medium,2 - Medium,category 26,Group 70,1,0,false,164.38333333333333,Breached SLA
INC0006879,2016-03-14 16:25:00,2016-03-14 18:00:00,2016-03-24 18:52:00,3 - moderate,2 - Medium,2 - Medium,category 46,Group 33,0,0,false,1.5833333333333333,Breached SLA
INC0006882,2016-03-14 16:28:00,2016-03-29 14:33:00,2016-04-03 14:59:00,3 - moderate,2 - Medium,2 - Medium,category 46,Group 57,5,0,false,358.0833333333333,Breached SLA
INC0006883,2016-03-14 16:30:00,2016-03-14 16:31:00,2016-03-24 18:52:00,3 - moderate,2 - Medium,2 - Medium,category 46,Group 64,0,0,false,0.016666666666666666,Breached SLA
INC0006884,2016-03-14 16:32:00,2016-03-21 12:49:00,2016-03-26 12:59:00,3 - moderate,2 - Medium,2 - Medium,category 20,Group 70,1,0,false,164.28333333333333,Breached SLA
INC0006885,2016-03-14 16:33:00,2016-03-17 10:05:00,2016-03-24 19:00:00,3 - moderate,2 - Medium,2 - Medium,category 26,Group 25,1,0,false,65.53333333333333,Breached SLA
INC0006886,2016-03-14 16:35:00,2016-03-21 12:54:00,2016-03-26 12:59:00,3 - moderate,2 - Medium,2 - Medium,category 53,Group 70,1,0,false,164.31666666666666,Breached SLA
INC0006887,2016-03-14 16:35:00,2016-03-15 09:27:00,2016-03-24 19:00:00,3 - moderate,2 - Medium,2 - Medium,category 28,Group 66,1,0,false,16.866666666666667,Breached SLA
INC0006888,2016-03-14 16:35:00,2016-03-15 11:15:00,2016-03-24 19:00:00,3 - moderate,2 - Medium,2 - Medium,category 24,Group 28,0,0,false,18.666666666666668,Breached SLA
INC0006889,2016-03-14 16:36:00,2016-03-14 18:19:00,2016-03-24 18:52:00,3 - moderate,2 - Medium,2 - Medium,category 53,Group 25,0,0,false,1.7166666666666666,Breached SLA
INC0006891,2016-03-14 16:40:00,2016-03-15 09:51:00,2016-03-24 19:00:00,3 - moderate,2 - Medium,2 - Medium,category 37,Group 46,1,0,false,17.183333333333334,Breached SLA
INC0006893,2016-03-14 16:46:00,2016-03-15 12:11:00,2016-03-24 19:00:00,1 - critical,1 - High,1 - High,category 26,Group 54,2,0,false,19.416666666666668,Breached SLA
INC0006894,2016-03-14 16:50:00,2016-03-21 12:58:00,2016-03-26 12:59:00,3 - moderate,2 - Medium,2 - Medium,category 26,Group 70,1,0,false,164.13333333333333,Breached SLA
INC0006895,2016-03-14 16:50:00,2016-03-15 15:11:00,2016-03-24 19:00:00,3 - moderate,2 - Medium,2 - Medium,category 26,Group 20,2,0,false,22.35,Breached SLA
INC0006896,2016-03-14 16:52:00,2016-03-23 09:20:00,2016-03-28 09:59:00,3 - moderate,2 - Medium,2 - Medium,category 57,Group 27,5,0,false,208.46666666666667,Breached SLA
INC0006898,2016-03-14 17:01:00,2016-03-14 17:03:00,2016-03-24 18:52:00,3 - moderate,2 - Medium,2 - Medium,category 46,Group 64,0,0,false,0.03333333333333333,Breached SLA
INC0006899,2016-03-14 17:01:00,2016-03-21 13:03:00,2016-03-26 13:59:00,3 - moderate,2 - Medium,2 - Medium,category 24,,0,0,false,164.03333333333333,Breached SLA
INC0006901,2016-03-14 17:05:00,2016-03-14 17:05:00,2016-03-24 18:52:00,3 - moderate,2 - Medium,2 - Medium,category 46,Group 64,0,0,false,0.0,Breached SLA
INC0006902,2016-03-14 17:05:00,2016-03-16 16:24:00,2016-03-24 19:00:00,3 - moderate,2 - Medium,2 - Medium,category 26,Group 70,1,0,false,47.31666666666667,Breached SLA
INC0006903,2016-03-14 17:06:00,2016-03-24 09:29:00,2016-03-29 09:59:00,3 - moderate,2 - Medium,2 - Medium,category 46,Group 64,0,0,false,232.38333333333333,Breached SLA
INC0006904,2016-03-14 17:07:00,2016-03-15 10:35:00,2016-03-24 19:00:00,3 - moderate,2 - Medium,2 - Medium,category 46,Group 55,2,0,false,17.466666666666665,Breached SLA
INC0006905,2016-03-14 17:07:00,2016-03-21 13:06:00,2016-03-26 13:59:00,3 - moderate,2 - Medium,2 - Medium,category 26,Group 70,1,0,false,163.98333333333332,Breached SLA
INC0006906,2016-03-14 17:08:00,2016-03-22 15:40:00,2016-03-27 15:59:00,3 - moderate,2 - Medium,2 - Medium,category 53,Group 70,3,0,false,190.53333333333333,Breached SLA
INC0006907,2016-03-14 17:09:00,2016-03-24 09:38:00,2016-03-29 09:59:00,3 - moderate,2 - Medium,2 - Medium,category 46,Group 64,0,0,false,232.48333333333332,Breached SLA
INC0006908,2016-03-14 17:10:00,2016-03-16 15:04:00,2016-03-24 19:00:00,3 - moderate,2 - Medium,2 - Medium,category 26,Group 70,1,0,false,45.9,Breached SLA
INC0006909,2016-03-14 17:12:00,2016-03-14 18:00:00,2016-03-24 18:52:00,3 - moderate,2 - Medium,2 - Medium,category 13,Group 23,2,0,false,0.8,Breached SLA
INC0006911,2016-03-14 17:14:00,2016-03-16 09:20:00,2016-03-24 19:00:00,3 - moderate,2 - Medium,2 - Medium,category 37,Group 50,1,0,false,40.1,Breached SLA
INC0006912,2016-03-14 17:14:00,2016-03-16 17:21:00,2016-03-24 19:00:00,3 - moderate,2 - Medium,2 - Medium,category 9,Group 30,0,0,false,48.11666666666667,Breached SLA
INC0006913,2016-03-14 17:17:00,2016-03-31 15:40:00,2016-04-05 15:59:00,3 - moderate,2 - Medium,2 - Medium,category 61,Group 74,6,1,false,406.3833333333333,Breached SLA
INC0006914,2016-03-14 17:20:00,2016-03-15 09:07:00,2016-03-24 19:00:00,3 - moderate,2 - Medium,2 - Medium,category 26,Group 54,2,0,false,15.783333333333333,Breached SLA
INC0006916,2016-03-14 17:21:00,2016-03-17 08:37:00,2016-03-24 19:00:00,3 - moderate,2 - Medium,2 - Medium,category 26,Group 70,1,0,false,63.266666666666666,Breached SLA
INC0006917,2016-03-14 17:21:00,2016-03-15 09:37:00,2016-03-24 19:00:00,3 - moderate,2 - Medium,2 - Medium,category 44,Group 70,3,0,false,16.266666666666666,Breached SLA
INC0006919,2016-03-14 17:23:00,2016-03-24 09:30:00,2016-03-29 09:59:00,3 - moderate,2 - Medium,2 - Medium,category 46,Group 64,0,0,false,232.11666666666667,Breached SLA
INC0006921,2016-03-14 17:28:00,2016-03-14 17:29:00,2016-03-24 18:52:00,3 - moderate,2 - Medium,2 - Medium,category 42,Group 70,1,0,false,0.016666666666666666,Breached SLA
INC0006923,2016-03-14 17:32:00,2016-03-24 09:39:00,2016-03-29 09:59:00,3 - moderate,2 - Medium,2 - Medium,category 46,Group 64,0,0,false,232.11666666666667,Breached SLA
INC0006924,2016-03-14 17:33:00,2016-03-17 15:58:00,2016-03-24 19:00:00,3 - moderate,2 - Medium,2 - Medium,category 46,Group 39,1,0,false,70.41666666666667,Breached SLA
INC0006925,2016-03-14 17:33:00,2016-03-16 14:18:00,2016-03-24 19:00:00,3 - moderate,2 - Medium,2 - Medium,category 44,Group 39,1,0,false,44.75,Breached SLA
INC0006928,2016-03-14 17:45:00,2016-03-21 08:49:00,2016-03-26 08:59:00,3 - moderate,2 - Medium,2 - Medium,category 37,Group 70,5,0,false,159.06666666666666,Breached SLA
INC0006931,2016-03-14 17:55:00,2016-03-16 10:22:00,2016-03-24 19:00:00,3 - moderate,2 - Medium,2 - Medium,category 37,Group 50,2,0,false,40.45,Breached SLA
INC0006932,2016-03-14 17:56:00,2016-03-15 17:57:00,2016-03-24 19:00:00,3 - moderate,2 - Medium,2 - Medium,category 42,Group 6,2,0,false,24.016666666666666,Breached SLA
INC0006934,2016-03-14 18:05:00,2016-03-17 10:30:00,2016-03-24 19:00:00,3 - moderate,2 - Medium,2 - Medium,category 32,Group 70,3,0,false,64.41666666666667,Breached SLA
INC0006936,2016-03-14 18:11:00,2016-03-15 18:50:00,2016-03-24 19:00:00,3 - moderate,2 - Medium,2 - Medium,category 26,Group 70,1,0,false,24.65,Breached SLA
INC0006941,2016-03-14 19:20:00,2016-03-14 19:27:00,2016-03-24 19:00:00,3 - moderate,2 - Medium,2 - Medium,category 46,Group 70,0,0,false,0.11666666666666667,Breached SLA
INC0006942,2016-03-14 19:46:00,2016-03-22 12:45:00,2016-03-27 12:59:00,3 - moderate,2 - Medium,2 - Medium,category 41,Group 70,1,0,false,184.98333333333332,Breached SLA
INC0006943,2016-03-14 19:50:00,2016-03-14 19:57:00,2016-03-24 19:00:00,3 - moderate,2 - Medium,2 - Medium,category 32,Group 70,1,0,false,0.11666666666666667,Breached SLA
INC0006944,2016-03-14 20:07:00,2016-03-17 10:56:00,2016-03-24 19:00:00,3 - moderate,2 - Medium,2 - Medium,category 53,Group 19,1,0,false,62.81666666666667,Breached SLA
INC0006946,2016-03-14 21:09:00,2016-03-15 08:39:00,2016-03-24 19:00:00,3 - moderate,2 - Medium,2 - Medium,category 46,Group 58,0,0,false,11.5,Breached SLA
INC0006947,2016-03-14 21:21:00,2016-03-21 08:39:00,2016-03-26 08:59:00,3 - moderate,2 - Medium,2 - Medium,category 9,Group 24,0,0,false,155.3,Breached SLA
INC0006948,2016-03-14 22:25:00,2016-03-23 08:08:00,2016-03-28 08:59:00,3 - moderate,2 - Medium,2 - Medium,category 53,Group 70,6,0,false,201.71666666666667,Breached SLA
INC0006949,2016-03-14 22:40:00,2016-03-21 16:23:00,2016-03-26 16:59:00,3 - moderate,2 - Medium,2 - Medium,category 9,Group 28,1,0,false,161.71666666666667,Breached SLA
INC0006950,2016-03-14 23:06:00,2016-03-17 16:03:00,2016-03-24 19:00:00,3 - moderate,2 - Medium,2 - Medium,category 42,Group 39,1,0,false,64.95,Breached SLA
INC0006952,2016-03-14 23:20:00,2016-03-15 01:00:00,2016-03-24 19:00:00,3 - moderate,2 - Medium,2 - Medium,category 20,Group 70,1,0,false,1.6666666666666667,Breached SLA
INC0006957,2016-03-15 00:48:00,2016-03-17 16:54:00,2016-03-24 19:00:00,3 - moderate,2 - Medium,2 - Medium,category 42,Group 39,1,0,false,64.1,Breached SLA
INC0006958,2016-03-15 01:14:00,2016-03-15 02:18:00,2016-03-24 19:00:00,3 - moderate,2 - Medium,2 - Medium,category 28,Group 70,0,0,false,1.0666666666666667,Breached SLA
INC0006959,2016-03-15 01:22:00,2016-03-30 15:40:00,2016-04-04 15:59:00,3 - moderate,2 - Medium,2 - Medium,category 46,Group 57,12,0,false,374.3,Breached SLA
INC0006962,2016-03-15 04:13:00,2016-03-15 04:20:00,2016-03-24 19:00:00,3 - moderate,2 - Medium,2 - Medium,category 28,Group 70,0,0,false,0.11666666666666667,Breached SLA
INC0006965,2016-03-15 06:05:00,2016-03-16 16:45:00,2016-03-24 19:00:00,3 - moderate,2 - Medium,2 - Medium,category 34,Group 24,1,0,false,34.666666666666664,Breached SLA
INC0006968,2016-03-15 06:22:00,2016-03-15 15:09:00,2016-03-24 19:00:00,3 - moderate,2 - Medium,2 - Medium,category 53,Group 66,1,0,false,8.783333333333333,Breached SLA
INC0006969,2016-03-15 06:22:00,2016-03-15 06:30:00,2016-03-24 19:00:00,3 - moderate,2 - Medium,2 - Medium,category 51,Group 64,0,0,false,0.13333333333333333,Breached SLA
INC0006970,2016-03-15 06:49:00,2016-03-15 06:50:00,2016-03-24 19:00:00,3 - moderate,2 - Medium,2 - Medium,category 51,Group 64,0,0,false,0.016666666666666666,Breached SLA
INC0006971,2016-03-15 06:50:00,2016-03-15 06:52:00,2016-03-24 19:00:00,3 - moderate,2 - Medium,2 - Medium,category 51,Group 64,0,0,false,0.03333333333333333,Breached SLA
INC0006972,2016-03-15 06:55:00,2016-03-17 10:59:00,2016-03-24 19:00:00,3 - moderate,2 - Medium,2 - Medium,category 26,Group 70,1,0,false,52.06666666666667,Breached SLA
INC0006973,2016-03-15 06:55:00,2016-03-15 06:56:00,2016-03-24 19:00:00,3 - moderate,2 - Medium,2 - Medium,category 51,Group 64,0,0,false,0.016666666666666666,Breached SLA
INC0006974,2016-03-15 07:02:00,2016-03-15 07:04:00,2016-03-24 19:00:00,3 - moderate,2 - Medium,2 - Medium,category 51,Group 64,0,0,false,0.03333333333333333,Breached SLA
INC0006975,2016-03-15 07:13:00,2016-03-18 11:08:00,2016-03-24 19:00:00,3 - moderate,2 - Medium,2 - Medium,category 53,Group 31,2,0,false,75.91666666666667,Breached SLA
INC0006976,2016-03-15 07:17:00,2016-03-15 14:55:00,2016-03-24 19:00:00,3 - moderate,2 - Medium,2 - Medium,category 17,Group 28,1,0,false,7.633333333333334,Breached SLA
INC0006977,2016-03-15 07:32:00,2016-03-18 15:04:00,2016-03-24 19:00:00,3 - moderate,2 - Medium,2 - Medium,category 42,Group 70,3,0,false,79.53333333333333,Breached SLA
INC0006978,2016-03-15 07:35:00,2016-03-17 11:03:00,2016-03-24 19:00:00,3 - moderate,2 - Medium,2 - Medium,category 26,Group 70,1,0,false,51.46666666666667,Breached SLA
INC0006980,2016-03-15 07:41:00,2016-03-17 09:44:00,2016-03-24 19:00:00,3 - moderate,2 - Medium,2 - Medium,category 26,Group 70,1,0,false,50.05,Breached SLA
INC0006982,2016-03-15 07:44:00,2016-03-23 14:26:00,2016-03-28 14:59:00,3 - moderate,2 - Medium,2 - Medium,category 53,Group 25,2,0,false,198.7,Breached SLA
INC0006983,2016-03-15 07:49:00,2016-03-21 13:12:00,2016-03-26 13:59:00,3 - moderate,2 - Medium,2 - Medium,category 20,Group 70,1,0,false,149.38333333333333,Breached SLA
INC0006986,2016-03-15 07:51:00,2016-03-15 08:00:00,2016-03-24 19:00:00,3 - moderate,2 - Medium,2 - Medium,category 42,Group 70,0,0,false,0.15,Breached SLA
INC0006990,2016-03-15 07:57:00,2016-03-17 10:51:00,2016-03-24 19:00:00,3 - moderate,2 - Medium,2 - Medium,category 13,Group 70,4,0,false,50.9,Breached SLA
INC0006992,2016-03-15 08:04:00,2016-03-26 12:23:00,2016-03-31 12:59:00,3 - moderate,2 - Medium,2 - Medium,category 32,Group 20,7,0,false,268.31666666666666,Breached SLA
INC0006993,2016-03-15 08:05:00,2016-03-17 08:36:00,2016-03-24 19:00:00,3 - moderate,2 - Medium,2 - Medium,category 37,Group 46,1,0,false,48.516666666666666,Breached SLA
INC0006994,2016-03-15 08:11:00,2016-03-15 12:02:00,2016-03-24 19:00:00,3 - moderate,2 - Medium,2 - Medium,category 26,Group 70,1,0,false,3.85,Breached SLA
INC0006995,2016-03-15 08:11:00,2016-03-15 15:42:00,2016-03-24 19:00:00,3 - moderate,2 - Medium,2 - Medium,category 53,Group 23,1,0,false,7.516666666666667,Breached SLA
INC0006996,2016-03-15 08:12:00,2016-03-23 14:48:00,2016-03-28 14:59:00,3 - moderate,2 - Medium,2 - Medium,category 61,Group 73,1,0,false,198.6,Breached SLA
INC0006997,2016-03-15 08:16:00,2016-03-21 13:15:00,2016-03-26 13:59:00,3 - moderate,2 - Medium,2 - Medium,category 28,Group 70,7,0,false,148.98333333333332,Breached SLA
INC0006999,2016-03-15 08:18:00,2016-03-17 11:13:00,2016-03-24 19:00:00,3 - moderate,2 - Medium,2 - Medium,category 26,Group 70,1,0,false,50.916666666666664,Breached SLA
INC0007000,2016-03-15 08:18:00,2016-03-17 09:04:00,2016-03-24 19:00:00,3 - moderate,2 - Medium,2 - Medium,category 46,Group 33,1,0,false,48.766666666666666,Breached SLA
INC0007001,2016-03-15 08:20:00,2016-03-17 11:47:00,2016-03-24 19:00:00,3 - moderate,2 - Medium,2 - Medium,category 9,Group 27,0,0,false,51.45,Breached SLA
INC0007002,2016-03-15 08:21:00,2016-03-16 14:21:00,2016-03-24 19:00:00,3 - moderate,2 - Medium,2 - Medium,category 46,Group 39,0,0,false,30.0,Breached SLA
INC0007003,2016-03-15 08:21:00,2016-03-15 11:58:00,2016-03-24 19:00:00,3 - moderate,2 - Medium,2 - Medium,category 44,Group 5,0,0,false,3.6166666666666667,Breached SLA
INC0007005,2016-03-15 08:22:00,2016-03-17 17:43:00,2016-03-24 19:00:00,3 - moderate,2 - Medium,2 - Medium,category 37,Group 25,1,0,false,57.35,Breached SLA
INC0007006,2016-03-15 08:23:00,2016-03-15 08:26:00,2016-03-24 19:00:00,3 - moderate,2 - Medium,2 - Medium,category 26,Group 70,0,0,false,0.05,Breached SLA
INC0007008,2016-03-15 08:24:00,2016-03-15 11:58:00,2016-03-20 12:01:00,1 - critical,1 - High,1 - High,category 23,Group 70,1,0,false,3.566666666666667,Breached SLA
INC0007009,2016-03-15 08:25:00,2016-03-15 08:35:00,2016-03-24 19:00:00,3 - moderate,2 - Medium,2 - Medium,category 32,Group 70,0,0,false,0.16666666666666666,Breached SLA
INC0007011,2016-03-15 08:28:00,2016-03-15 13:38:00,2016-03-24 19:00:00,3 - moderate,2 - Medium,2 - Medium,category 57,Group 34,0,0,false,5.166666666666667,Breached SLA
INC0007015,2016-03-15 08:30:00,2016-03-17 09:35:00,2016-03-24 19:00:00,3 - moderate,2 - Medium,2 - Medium,category 19,Group 30,0,0,false,49.083333333333336,Breached SLA
INC0007016,2016-03-15 08:30:00,2016-03-21 17:15:00,2016-03-26 17:59:00,3 - moderate,2 - Medium,2 - Medium,category 40,,0,1,false,152.75,Breached SLA
INC0007018,2016-03-15 08:32:00,2016-03-15 15:22:00,2016-03-24 19:00:00,3 - moderate,2 - Medium,2 - Medium,category 32,Group 39,1,0,false,6.833333333333333,Breached SLA
INC0007019,2016-03-15 08:32:00,2016-03-17 11:34:00,2016-03-24 19:00:00,3 - moderate,2 - Medium,2 - Medium,category 40,Group 25,1,0,false,51.03333333333333,Breached SLA
INC0007020,2016-03-15 08:33:00,2016-03-15 08:47:00,2016-03-24 19:00:00,3 - moderate,2 - Medium,2 - Medium,category 32,Group 70,0,0,false,0.23333333333333334,Breached SLA
INC0007021,2016-03-15 08:33:00,2016-03-22 06:04:00,2016-03-27 06:59:00,3 - moderate,2 - Medium,2 - Medium,category 28,Group 70,4,0,false,165.51666666666668,Breached SLA
INC0007022,2016-03-15 08:34:00,2016-03-30 16:25:00,2016-04-04 16:59:00,3 - moderate,2 - Medium,2 - Medium,category 23,Group 72,8,0,false,367.85,Breached SLA
INC0007025,2016-03-15 08:36:00,2016-03-16 12:03:00,2016-03-24 19:00:00,3 - moderate,2 - Medium,2 - Medium,category 24,Group 27,0,0,false,27.45,Breached SLA
INC0007026,2016-03-15 08:37:00,2016-03-16 10:32:00,2016-03-24 19:00:00,3 - moderate,2 - Medium,2 - Medium,category 9,Group 27,0,0,false,25.916666666666668,Breached SLA
INC0007027,2016-03-15 08:38:00,2016-03-16 15:09:00,2016-03-24 19:00:00,3 - moderate,2 - Medium,2 - Medium,category 23,Group 62,1,0,false,30.516666666666666,Breached SLA
INC0007029,2016-03-15 08:39:00,2016-03-17 14:31:00,2016-03-24 19:00:00,3 - moderate,2 - Medium,2 - Medium,category 26,Group 70,1,0,false,53.86666666666667,Breached SLA
INC0007030,2016-03-15 08:41:00,2016-03-16 06:58:00,2016-03-24 19:00:00,3 - moderate,2 - Medium,2 - Medium,category 46,Group 64,0,0,false,22.283333333333335,Breached SLA
INC0007031,2016-03-15 08:42:00,2016-03-15 11:57:00,2016-03-24 19:00:00,3 - moderate,2 - Medium,2 - Medium,category 44,Group 5,0,0,false,3.25,Breached SLA
INC0007034,2016-03-15 08:43:00,2016-03-15 15:14:00,2016-03-24 19:00:00,3 - moderate,2 - Medium,2 - Medium,category 37,Group 46,1,0,false,6.516666666666667,Breached SLA
INC0007035,2016-03-15 08:44:00,2016-03-22 06:38:00,2016-03-27 06:59:00,3 - moderate,2 - Medium,2 - Medium,category 42,Group 70,1,0,false,165.9,Breached SLA
INC0007037,2016-03-15 08:44:00,2016-03-15 12:55:00,2016-03-24 19:00:00,3 - moderate,2 - Medium,2 - Medium,category 32,Group 70,0,1,false,4.183333333333334,Breached SLA
INC0007040,2016-03-15 08:46:00,2016-03-21 14:34:00,2016-03-26 14:59:00,3 - moderate,2 - Medium,2 - Medium,category 20,Group 24,3,0,false,149.8,Breached SLA
INC0007043,2016-03-15 08:47:00,2016-03-22 07:30:00,2016-03-27 07:59:00,3 - moderate,2 - Medium,2 - Medium,category 53,,0,0,false,166.71666666666667,Breached SLA
INC0007045,2016-03-15 08:50:00,2016-03-18 16:07:00,2016-03-24 19:00:00,3 - moderate,2 - Medium,2 - Medium,category 46,Group 66,1,0,false,79.28333333333333,Breached SLA
INC0007047,2016-03-15 08:52:00,2016-03-18 15:10:00,2016-03-24 19:00:00,3 - moderate,2 - Medium,2 - Medium,category 37,Group 23,6,0,false,78.3,Breached SLA
INC0007048,2016-03-15 08:54:00,2016-03-17 15:58:00,2016-03-24 19:00:00,3 - moderate,2 - Medium,2 - Medium,category 53,Group 39,2,0,false,55.06666666666667,Breached SLA
INC0007049,2016-03-15 08:55:00,2016-03-17 15:47:00,2016-03-24 19:00:00,3 - moderate,2 - Medium,2 - Medium,category 46,Group 39,1,0,false,54.86666666666667,Breached SLA
INC0007050,2016-03-15 08:56:00,2016-03-15 09:51:00,2016-03-24 19:00:00,3 - moderate,2 - Medium,2 - Medium,category 26,Group 70,0,0,false,0.9166666666666666,Breached SLA
INC0007051,2016-03-15 08:58:00,2016-03-17 15:08:00,2016-03-24 19:00:00,3 - moderate,2 - Medium,2 - Medium,category 53,Group 76,0,0,false,54.166666666666664,Breached SLA
INC0007052,2016-03-15 08:58:00,2016-03-22 12:46:00,2016-03-27 12:59:00,3 - moderate,2 - Medium,2 - Medium,category 41,Group 70,1,0,false,171.8,Breached SLA
INC0007055,2016-03-15 08:59:00,2016-03-17 11:35:00,2016-03-24 19:00:00,3 - moderate,2 - Medium,2 - Medium,category 40,Group 70,1,0,false,50.6,Breached SLA
INC0007056,2016-03-15 08:59:00,2016-03-17 11:47:00,2016-03-24 19:00:00,3 - moderate,2 - Medium,2 - Medium,category 23,Group 28,1,0,false,50.8,Breached SLA
INC0007059,2016-03-15 09:03:00,2016-03-15 09:18:00,2016-03-24 19:00:00,3 - moderate,2 - Medium,2 - Medium,category 26,Group 70,0,0,false,0.25,Breached SLA
INC0007062,2016-03-15 09:05:00,2016-03-16 01:51:00,2016-03-24 19:00:00,3 - moderate,2 - Medium,2 - Medium,category 42,Group 70,1,0,false,16.766666666666666,Breached SLA
INC0007063,2016-03-15 09:05:00,2016-03-17 16:16:00,2016-03-24 19:00:00,3 - moderate,2 - Medium,2 - Medium,category 26,Group 70,4,0,false,55.18333333333333,Breached SLA
INC0007064,2016-03-15 09:06:00,2016-03-17 11:12:00,2016-03-24 19:00:00,3 - moderate,2 - Medium,2 - Medium,category 26,Group 70,1,0,false,50.1,Breached SLA
INC0007067,2016-03-15 09:11:00,2016-03-28 15:53:00,2016-04-02 15:59:00,3 - moderate,2 - Medium,2 - Medium,category 42,Group 37,4,2,false,318.7,Breached SLA
INC0007068,2016-03-15 09:13:00,2016-03-18 16:14:00,2016-03-24 19:00:00,3 - moderate,2 - Medium,2 - Medium,category 53,Group 66,1,0,false,79.01666666666667,Breached SLA
INC0007069,2016-03-15 09:13:00,2016-03-17 09:25:00,2016-03-24 19:00:00,3 - moderate,2 - Medium,2 - Medium,category 46,Group 31,0,0,false,48.2,Breached SLA
INC0007070,2016-03-15 09:13:00,2016-03-17 11:30:00,2016-03-24 19:00:00,3 - moderate,2 - Medium,2 - Medium,category 53,Group 70,1,0,false,50.28333333333333,Breached SLA
INC0007074,2016-03-15 09:18:00,2016-03-15 13:29:00,2016-03-24 19:00:00,3 - moderate,2 - Medium,2 - Medium,category 44,Group 70,3,0,false,4.183333333333334,Breached SLA
INC0007075,2016-03-15 09:19:00,2016-03-15 09:55:00,2016-03-24 19:00:00,3 - moderate,2 - Medium,2 - Medium,category 26,Group 25,1,0,false,0.6,Breached SLA
INC0007076,2016-03-15 09:19:00,2016-03-15 09:27:00,2016-03-24 19:00:00,3 - moderate,2 - Medium,2 - Medium,category 51,Group 64,0,0,false,0.13333333333333333,Breached SLA
INC0007077,2016-03-15 09:20:00,2016-03-15 10:27:00,2016-03-24 19:00:00,3 - moderate,2 - Medium,2 - Medium,category 37,Group 46,0,0,false,1.1166666666666667,Breached SLA
INC0007078,2016-03-15 09:20:00,2016-03-15 09:27:00,2016-05-23 11:07:00,3 - moderate,2 - Medium,2 - Medium,category 44,Group 5,0,0,false,0.11666666666666667,Breached SLA
INC0007080,2016-03-15 09:21:00,2016-03-22 15:27:00,2016-03-27 15:59:00,1 - critical,1 - High,1 - High,category 46,Group 66,1,0,false,174.1,Breached SLA
INC0007081,2016-03-15 09:21:00,2016-03-17 11:51:00,2016-03-24 19:00:00,3 - moderate,2 - Medium,2 - Medium,category 53,,0,0,false,50.5,Breached SLA
INC0007082,2016-03-15 09:22:00,2016-03-24 09:54:00,2016-03-29 09:59:00,3 - moderate,2 - Medium,2 - Medium,category 26,Group 70,3,1,false,216.53333333333333,Breached SLA
INC0007084,2016-03-15 09:23:00,2016-03-18 14:03:00,2016-03-24 19:00:00,3 - moderate,2 - Medium,2 - Medium,category 53,Group 66,1,0,false,76.66666666666667,Breached SLA
INC0007086,2016-03-15 09:25:00,2016-03-15 09:27:00,2016-03-24 19:00:00,3 - moderate,2 - Medium,2 - Medium,category 37,,0,0,false,0.03333333333333333,Breached SLA
INC0007087,2016-03-15 09:27:00,2016-03-15 09:59:00,2016-03-24 19:00:00,3 - moderate,2 - Medium,2 - Medium,category 51,Group 64,0,0,false,0.5333333333333333,Breached SLA
INC0007088,2016-03-15 09:27:00,2016-03-15 09:53:00,2016-03-24 19:00:00,3 - moderate,2 - Medium,2 - Medium,category 32,Group 70,0,0,false,0.43333333333333335,Breached SLA
INC0007089,2016-03-15 09:27:00,2016-03-23 14:06:00,2016-03-28 14:59:00,3 - moderate,2 - Medium,2 - Medium,category 34,Group 25,1,0,false,196.65,Breached SLA
INC0007090,2016-03-15 09:27:00,2016-03-28 10:06:00,2016-04-02 10:59:00,3 - moderate,2 - Medium,2 - Medium,category 51,Group 24,5,0,false,312.65,Breached SLA
INC0007091,2016-03-15 09:28:00,2016-03-15 15:33:00,2016-03-24 19:00:00,3 - moderate,2 - Medium,2 - Medium,category 46,Group 39,0,0,false,6.083333333333333,Breached SLA
INC0007098,2016-03-15 09:38:00,2016-03-28 08:23:00,2016-04-02 08:59:00,3 - moderate,2 - Medium,2 - Medium,category 23,Group 28,7,0,false,310.75,Breached SLA
INC0007100,2016-03-15 09:40:00,2016-03-22 12:47:00,2016-03-27 12:59:00,3 - moderate,2 - Medium,2 - Medium,category 41,Group 70,1,0,false,171.11666666666667,Breached SLA
INC0007102,2016-03-15 09:43:00,2016-03-15 15:25:00,2016-03-24 19:01:00,3 - moderate,2 - Medium,2 - Medium,category 46,Group 57,0,0,false,5.7,Breached SLA
INC0007103,2016-03-15 09:44:00,2016-03-15 09:51:00,2016-03-24 19:01:00,3 - moderate,2 - Medium,2 - Medium,category 42,Group 70,0,0,false,0.11666666666666667,Breached SLA
INC0007104,2016-03-15 09:44:00,2016-03-22 09:21:00,2016-03-27 09:59:00,3 - moderate,2 - Medium,2 - Medium,category 53,Group 70,1,0,false,167.61666666666667,Breached SLA
INC0007105,2016-03-15 09:44:00,2016-03-16 21:43:00,2016-03-24 19:01:00,3 - moderate,2 - Medium,2 - Medium,category 26,Group 70,1,0,false,35.983333333333334,Breached SLA
INC0007106,2016-03-15 09:48:00,2016-03-21 13:26:00,2016-03-26 13:59:00,3 - moderate,2 - Medium,2 - Medium,category 37,Group 70,1,0,false,147.63333333333333,Breached SLA
INC0007108,2016-03-15 09:53:00,2016-03-18 09:26:00,2016-03-24 19:01:00,3 - moderate,2 - Medium,2 - Medium,category 46,Group 57,4,0,false,71.55,Breached SLA
INC0007111,2016-03-15 09:55:00,2016-03-15 09:57:00,2016-03-24 19:01:00,3 - moderate,2 - Medium,2 - Medium,category 46,Group 64,0,0,false,0.03333333333333333,Breached SLA
INC0007113,2016-03-15 09:57:00,2016-03-15 11:38:00,2016-03-24 19:01:00,3 - moderate,2 - Medium,2 - Medium,category 37,Group 25,1,0,false,1.6833333333333333,Breached SLA
INC0007114,2016-03-15 09:57:00,2016-03-17 11:56:00,2016-03-24 19:01:00,3 - moderate,2 - Medium,2 - Medium,category 26,Group 70,1,0,false,49.983333333333334,Breached SLA
INC0007115,2016-03-15 09:57:00,2016-03-22 09:51:00,2016-03-27 09:59:00,3 - moderate,2 - Medium,2 - Medium,category 53,Group 70,2,0,false,167.9,Breached SLA
INC0007117,2016-03-15 10:00:00,2016-03-16 16:36:00,2016-03-24 19:01:00,3 - moderate,2 - Medium,2 - Medium,category 26,Group 70,1,0,false,30.6,Breached SLA
INC0007118,2016-03-15 10:00:00,2016-03-16 10:29:00,2016-03-24 19:01:00,3 - moderate,2 - Medium,2 - Medium,category 42,Group 28,2,0,false,24.483333333333334,Breached SLA
INC0007119,2016-03-15 10:00:00,2016-03-17 12:08:00,2016-03-24 19:01:00,3 - moderate,2 - Medium,2 - Medium,category 32,Group 70,1,0,false,50.13333333333333,Breached SLA
INC0007120,2016-03-15 10:01:00,2016-03-15 10:10:00,2016-03-24 19:01:00,3 - moderate,2 - Medium,2 - Medium,category 51,Group 64,0,0,false,0.15,Breached SLA
INC0007124,2016-03-15 10:03:00,2016-03-15 10:04:00,2016-03-24 19:01:00,3 - moderate,2 - Medium,2 - Medium,category 46,Group 64,0,0,false,0.016666666666666666,Breached SLA
INC0007125,2016-03-15 10:03:00,2016-03-17 12:12:00,2016-03-24 19:01:00,3 - moderate,2 - Medium,2 - Medium,category 32,Group 70,1,0,false,50.15,Breached SLA
INC0007126,2016-03-15 10:07:00,2016-03-15 14:27:00,2016-03-24 19:01:00,3 - moderate,2 - Medium,2 - Medium,category 40,Group 25,3,0,false,4.333333333333333,Breached SLA
INC0007127,2016-03-15 10:07:00,2016-03-17 16:07:00,2016-03-24 19:01:00,3 - moderate,2 - Medium,2 - Medium,category 26,Group 70,1,0,false,54.0,Breached SLA
INC0007128,2016-03-15 10:08:00,2016-03-15 15:36:00,2016-03-24 19:01:00,3 - moderate,2 - Medium,2 - Medium,category 46,Group 39,0,0,false,5.466666666666667,Breached SLA
INC0007129,2016-03-15 10:09:00,2016-03-15 14:02:00,2016-03-24 19:01:00,3 - moderate,2 - Medium,2 - Medium,category 46,Group 33,1,0,false,3.8833333333333333,Breached SLA
INC0007130,2016-03-15 10:09:00,2016-03-17 16:21:00,2016-03-24 19:01:00,3 - moderate,2 - Medium,2 - Medium,category 53,Group 20,3,0,false,54.2,Breached SLA
INC0007131,2016-03-15 10:11:00,2016-03-15 10:20:00,2016-03-24 19:01:00,3 - moderate,2 - Medium,2 - Medium,category 51,Group 64,0,0,false,0.15,Breached SLA
INC0007132,2016-03-15 10:12:00,2016-03-16 12:19:00,2016-03-24 19:01:00,3 - moderate,2 - Medium,2 - Medium,category 53,,0,0,false,26.116666666666667,Breached SLA
INC0007133,2016-03-15 10:12:00,2016-03-15 16:35:00,2016-03-24 19:01:00,3 - moderate,2 - Medium,2 - Medium,category 26,Group 28,2,0,false,6.383333333333334,Breached SLA
INC0007134,2016-03-15 10:12:00,2016-03-22 12:50:00,2016-03-27 12:59:00,3 - moderate,2 - Medium,2 - Medium,category 41,Group 70,1,0,false,170.63333333333333,Breached SLA
INC0007135,2016-03-15 10:12:00,2016-03-18 09:34:00,2016-03-24 19:01:00,3 - moderate,2 - Medium,2 - Medium,category 20,Group 27,3,0,false,71.36666666666666,Breached SLA
INC0007138,2016-03-15 10:14:00,2016-03-15 10:16:00,2016-03-24 19:01:00,3 - moderate,2 - Medium,2 - Medium,category 46,Group 64,0,0,false,0.03333333333333333,Breached SLA
INC0007141,2016-03-15 10:20:00,2016-03-16 10:26:00,2016-03-24 19:01:00,3 - moderate,2 - Medium,2 - Medium,category 20,Group 24,2,0,false,24.1,Breached SLA
INC0007143,2016-03-15 10:20:00,2016-03-23 09:16:00,2016-03-28 09:59:00,3 - moderate,2 - Medium,2 - Medium,category 61,Group 74,1,0,false,190.93333333333334,Breached SLA
INC0007145,2016-03-15 10:23:00,2016-03-15 10:25:00,2016-05-23 11:07:00,3 - moderate,2 - Medium,2 - Medium,category 44,Group 5,0,0,false,0.03333333333333333,Breached SLA
INC0007148,2016-03-15 10:24:00,2016-03-23 15:01:00,2016-03-28 15:59:00,3 - moderate,2 - Medium,2 - Medium,category 9,Group 28,3,0,false,196.61666666666667,Breached SLA
INC0007149,2016-03-15 10:24:00,2016-03-15 10:25:00,2016-03-24 19:01:00,3 - moderate,2 - Medium,2 - Medium,category 51,Group 64,0,0,false,0.016666666666666666,Breached SLA
INC0007150,2016-03-15 10:26:00,2016-03-23 13:46:00,2016-03-28 13:59:00,3 - moderate,2 - Medium,2 - Medium,category 23,Group 70,2,0,false,195.33333333333334,Breached SLA
INC0007153,2016-03-15 10:32:00,2016-03-15 15:56:00,2016-03-24 19:01:00,3 - moderate,2 - Medium,2 - Medium,category 46,Group 39,1,0,false,5.4,Breached SLA
INC0007154,2016-03-15 10:33:00,2016-03-15 15:59:00,2016-03-24 19:01:00,3 - moderate,2 - Medium,2 - Medium,category 32,Group 39,0,0,false,5.433333333333334,Breached SLA
INC0007155,2016-03-15 10:33:00,2016-03-22 09:34:00,2016-03-27 09:59:00,3 - moderate,2 - Medium,2 - Medium,category 53,Group 70,4,0,false,167.01666666666668,Breached SLA
INC0007156,2016-03-15 10:36:00,2016-03-23 15:37:00,2016-03-28 15:59:00,3 - moderate,2 - Medium,2 - Medium,category 37,Group 48,0,0,false,197.01666666666668,Breached SLA
INC0007157,2016-03-15 10:36:00,2016-03-15 12:11:00,2016-03-24 19:01:00,1 - critical,1 - High,1 - High,category 57,Group 65,0,0,false,1.5833333333333333,Breached SLA
INC0007159,2016-03-15 10:40:00,2016-03-30 10:21:00,2016-04-04 10:59:00,3 - moderate,2 - Medium,2 - Medium,category 46,Group 39,6,0,false,359.68333333333334,Breached SLA
INC0007160,2016-03-15 10:40:00,2016-03-29 16:17:00,2016-04-03 16:59:00,3 - moderate,2 - Medium,2 - Medium,category 61,Group 73,1,0,false,341.6166666666667,Breached SLA
INC0007162,2016-03-15 10:41:00,2016-03-16 14:21:00,2016-03-24 19:01:00,3 - moderate,2 - Medium,2 - Medium,category 9,Group 23,0,0,false,27.666666666666668,Breached SLA
INC0007163,2016-03-15 10:41:00,2016-03-22 10:16:00,2016-03-27 10:59:00,3 - moderate,2 - Medium,2 - Medium,category 34,Group 13,2,0,false,167.58333333333334,Breached SLA
INC0007164,2016-03-15 10:45:00,2016-03-15 15:21:00,2016-03-24 19:01:00,3 - moderate,2 - Medium,2 - Medium,category 46,Group 66,1,0,false,4.6,Breached SLA
INC0007169,2016-03-15 10:48:00,2016-03-16 09:30:00,2016-03-24 19:01:00,3 - moderate,2 - Medium,2 - Medium,category 42,Group 55,0,0,false,22.7,Breached SLA
INC0007170,2016-03-15 10:49:00,2016-03-21 07:57:00,2016-03-26 07:59:00,3 - moderate,2 - Medium,2 - Medium,category 42,Group 39,2,0,false,141.13333333333333,Breached SLA
INC0007171,2016-03-15 10:49:00,2016-03-30 15:17:00,2016-04-04 15:59:00,3 - moderate,2 - Medium,2 - Medium,category 26,Group 70,4,0,false,364.46666666666664,Breached SLA
INC0007173,2016-03-15 10:52:00,2016-03-15 15:27:00,2016-03-24 19:01:00,3 - moderate,2 - Medium,2 - Medium,category 9,Group 23,0,0,false,4.583333333333333,Breached SLA
INC0007174,2016-03-15 10:53:00,2016-03-21 14:57:00,2016-03-26 14:59:00,3 - moderate,2 - Medium,2 - Medium,category 20,Group 66,4,0,false,148.06666666666666,Breached SLA
INC0007175,2016-03-15 10:53:00,2016-03-16 10:17:00,2016-03-24 19:01:00,3 - moderate,2 - Medium,2 - Medium,category 26,Group 23,3,0,false,23.4,Breached SLA
INC0007178,2016-03-15 10:56:00,2016-03-17 14:23:00,2016-03-24 19:01:00,3 - moderate,2 - Medium,2 - Medium,category 37,Group 70,3,0,false,51.45,Breached SLA
INC0007179,2016-03-15 10:57:00,2016-03-22 11:47:00,2016-03-27 11:59:00,3 - moderate,2 - Medium,2 - Medium,category 61,Group 74,1,0,false,168.83333333333334,Breached SLA
INC0007183,2016-03-15 11:00:00,2016-03-15 16:11:00,2016-03-24 19:01:00,3 - moderate,2 - Medium,2 - Medium,category 46,Group 39,0,0,false,5.183333333333334,Breached SLA
INC0007184,2016-03-15 11:00:00,2016-03-15 14:20:00,2016-03-24 19:01:00,3 - moderate,2 - Medium,2 - Medium,category 20,Group 27,2,0,false,3.3333333333333335,Breached SLA
INC0007185,2016-03-15 11:02:00,2016-03-16 15:41:00,2016-03-24 19:01:00,3 - moderate,2 - Medium,2 - Medium,category 26,Group 23,2,0,false,28.65,Breached SLA
INC0007186,2016-03-15 11:03:00,2016-03-15 11:42:00,2016-03-24 19:01:00,3 - moderate,2 - Medium,2 - Medium,category 46,Group 58,0,0,false,0.65,Breached SLA
INC0007187,2016-03-15 11:03:00,2016-03-23 14:46:00,2016-03-28 14:59:00,3 - moderate,2 - Medium,2 - Medium,category 37,Group 70,1,0,false,195.71666666666667,Breached SLA
INC0007191,2016-03-15 11:07:00,2016-03-22 12:52:00,2016-03-27 12:59:00,3 - moderate,2 - Medium,2 - Medium,category 41,Group 70,1,0,false,169.75,Breached SLA
INC0007193,2016-03-15 11:07:00,2016-03-29 08:39:00,2016-04-03 08:59:00,3 - moderate,2 - Medium,2 - Medium,category 37,Group 48,3,0,false,333.53333333333336,Breached SLA
INC0007195,2016-03-15 11:09:00,2016-03-15 18:19:00,2016-03-24 19:01:00,3 - moderate,2 - Medium,2 - Medium,category 46,Group 6,0,0,false,7.166666666666667,Breached SLA
INC0007196,2016-03-15 11:10:00,2016-03-15 16:36:00,2016-03-24 19:01:00,3 - moderate,2 - Medium,2 - Medium,category 46,Group 39,0,0,false,5.433333333333334,Breached SLA
INC0007197,2016-03-15 11:10:00,2016-03-23 09:17:00,2016-03-28 09:59:00,3 - moderate,2 - Medium,2 - Medium,category 20,Group 70,1,0,false,190.11666666666667,Breached SLA
INC0007201,2016-03-15 11:14:00,2016-03-16 15:42:00,2016-03-24 19:01:00,3 - moderate,2 - Medium,2 - Medium,category 37,Group 45,1,0,false,28.466666666666665,Breached SLA
INC0007204,2016-03-15 11:17:00,2016-03-15 11:24:00,2016-03-24 19:01:00,3 - moderate,2 - Medium,2 - Medium,category 42,Group 70,0,0,false,0.11666666666666667,Breached SLA
INC0007206,2016-03-15 11:17:00,2016-03-17 17:43:00,2016-03-24 19:01:00,3 - moderate,2 - Medium,2 - Medium,category 26,Group 20,3,0,false,54.43333333333333,Breached SLA
INC0007207,2016-03-15 11:19:00,2016-03-16 15:07:00,2016-03-24 19:01:00,3 - moderate,2 - Medium,2 - Medium,category 46,Group 31,3,0,false,27.8,Breached SLA
INC0007208,2016-03-15 11:20:00,2016-03-21 13:59:00,2016-03-26 14:59:00,3 - moderate,2 - Medium,2 - Medium,category 24,Group 23,1,0,false,146.65,Breached SLA
INC0007220,2016-03-15 11:27:00,2016-03-15 11:32:00,2016-03-24 19:01:00,3 - moderate,2 - Medium,2 - Medium,category 51,Group 64,0,0,false,0.08333333333333333,Breached SLA
INC0007221,2016-03-15 11:27:00,2016-03-23 09:55:00,2016-03-28 09:59:00,3 - moderate,2 - Medium,2 - Medium,category 26,Group 70,2,0,false,190.46666666666667,Breached SLA
INC0007223,2016-03-15 11:27:00,2016-03-29 10:35:00,2016-04-03 10:59:00,3 - moderate,2 - Medium,2 - Medium,category 32,Group 70,4,0,false,335.1333333333333,Breached SLA
INC0007224,2016-03-15 11:28:00,2016-03-30 14:21:00,2016-04-04 14:59:00,3 - moderate,2 - Medium,2 - Medium,category 53,Group 23,4,0,false,362.8833333333333,Breached SLA
INC0007225,2016-03-15 11:28:00,2016-03-23 13:56:00,2016-03-28 13:59:00,3 - moderate,2 - Medium,2 - Medium,category 26,Group 70,1,0,false,194.46666666666667,Breached SLA
INC0007226,2016-03-15 11:28:00,2016-03-16 08:26:00,2016-03-24 19:01:00,3 - moderate,2 - Medium,2 - Medium,category 37,Group 24,2,1,false,20.966666666666665,Breached SLA
INC0007228,2016-03-15 11:29:00,2016-03-17 10:59:00,2016-03-24 19:01:00,3 - moderate,2 - Medium,2 - Medium,category 37,Group 46,3,0,false,47.5,Breached SLA
INC0007229,2016-03-15 11:30:00,2016-03-30 08:57:00,2016-04-04 08:59:00,3 - moderate,2 - Medium,2 - Medium,category 13,Group 70,3,4,false,357.45,Breached SLA
INC0007230,2016-03-15 11:30:00,2016-03-15 11:33:00,2016-03-24 19:01:00,3 - moderate,2 - Medium,2 - Medium,category 46,,0,0,false,0.05,Breached SLA
INC0007232,2016-03-15 11:32:00,2016-03-15 12:11:00,2016-03-24 19:01:00,1 - critical,1 - High,1 - High,category 51,Group 24,1,0,false,0.65,Breached SLA
INC0007233,2016-03-15 11:33:00,2016-03-24 10:41:00,2016-03-29 10:59:00,3 - moderate,2 - Medium,2 - Medium,category 26,Group 70,4,0,false,215.13333333333333,Breached SLA
INC0007234,2016-03-15 11:35:00,2016-03-17 10:48:00,2016-03-24 19:01:00,3 - moderate,2 - Medium,2 - Medium,category 42,Group 39,2,0,false,47.21666666666667,Breached SLA
INC0007235,2016-03-15 11:35:00,2016-03-15 11:37:00,2016-03-24 19:01:00,3 - moderate,2 - Medium,2 - Medium,category 51,Group 64,0,0,false,0.03333333333333333,Breached SLA
INC0007236,2016-03-15 11:36:00,2016-03-16 16:55:00,2016-03-24 19:01:00,3 - moderate,2 - Medium,2 - Medium,category 53,Group 27,2,0,false,29.316666666666666,Breached SLA
INC0007237,2016-03-15 11:38:00,2016-03-26 16:42:00,2016-03-31 16:59:00,3 - moderate,2 - Medium,2 - Medium,category 23,Group 20,5,0,false,269.06666666666666,Breached SLA
INC0007238,2016-03-15 11:39:00,2016-03-15 11:58:00,2016-03-24 19:01:00,3 - moderate,2 - Medium,2 - Medium,category 26,Group 70,1,0,false,0.31666666666666665,Breached SLA
INC0007239,2016-03-15 11:41:00,2016-03-28 13:01:00,2016-04-02 13:59:00,3 - moderate,2 - Medium,2 - Medium,category 53,Group 25,1,0,false,313.3333333333333,Breached SLA
INC0007240,2016-03-15 11:43:00,2016-03-24 08:21:00,2016-03-29 08:59:00,3 - moderate,2 - Medium,2 - Medium,category 42,Group 6,1,0,false,212.63333333333333,Breached SLA
INC0007244,2016-03-15 11:47:00,2016-03-15 12:04:00,2016-03-24 19:01:00,3 - moderate,2 - Medium,2 - Medium,category 46,,0,0,false,0.2833333333333333,Breached SLA
INC0007247,2016-03-15 11:52:00,2016-03-24 08:56:00,2016-03-29 08:59:00,3 - moderate,2 - Medium,2 - Medium,category 53,Group 70,4,0,false,213.06666666666666,Breached SLA
INC0007248,2016-03-15 11:55:00,2016-03-16 14:45:00,2016-03-24 19:01:00,3 - moderate,2 - Medium,2 - Medium,category 42,Group 39,2,0,false,26.833333333333332,Breached SLA
INC0007249,2016-03-15 11:56:00,2016-03-23 15:43:00,2016-03-28 15:59:00,3 - moderate,2 - Medium,2 - Medium,category 37,Group 48,1,0,false,195.78333333333333,Breached SLA
INC0007250,2016-03-15 11:57:00,2016-03-15 12:05:00,2016-03-24 19:01:00,3 - moderate,2 - Medium,2 - Medium,category 51,Group 24,1,0,false,0.13333333333333333,Breached SLA
INC0007252,2016-03-15 12:01:00,2016-03-16 15:25:00,2016-03-24 19:01:00,3 - moderate,2 - Medium,2 - Medium,category 53,Group 28,2,0,false,27.4,Breached SLA
INC0007253,2016-03-15 12:02:00,2016-03-21 08:39:00,2016-03-26 08:59:00,3 - moderate,2 - Medium,2 - Medium,category 53,Group 24,0,0,false,140.61666666666667,Breached SLA
INC0007254,2016-03-15 12:03:00,2016-03-15 12:13:00,2016-03-24 19:01:00,3 - moderate,2 - Medium,2 - Medium,category 42,Group 70,0,0,false,0.16666666666666666,Breached SLA
INC0007255,2016-03-15 12:04:00,2016-03-21 15:21:00,2016-03-26 15:59:00,3 - moderate,2 - Medium,2 - Medium,category 8,Group 65,1,0,false,147.28333333333333,Breached SLA
INC0007256,2016-03-15 12:08:00,2016-03-18 16:23:00,2016-03-24 19:01:00,3 - moderate,2 - Medium,2 - Medium,category 53,Group 66,1,0,false,76.25,Breached SLA
INC0007258,2016-03-15 12:12:00,2016-03-15 13:45:00,2016-03-24 19:01:00,3 - moderate,2 - Medium,2 - Medium,category 53,Group 70,0,0,false,1.55,Breached SLA
INC0007261,2016-03-15 12:15:00,2016-03-23 14:53:00,2016-03-28 14:59:00,3 - moderate,2 - Medium,2 - Medium,category 53,Group 70,3,0,false,194.63333333333333,Breached SLA
INC0007262,2016-03-15 12:16:00,2016-03-17 15:35:00,2016-03-24 19:01:00,3 - moderate,2 - Medium,2 - Medium,category 42,Group 39,1,1,false,51.31666666666667,Breached SLA
INC0007267,2016-03-15 12:26:00,2016-03-15 16:59:00,2016-03-24 19:01:00,3 - moderate,2 - Medium,2 - Medium,category 42,Group 55,4,0,false,4.55,Breached SLA
INC0007269,2016-03-15 12:29:00,2016-03-23 15:17:00,2016-03-28 15:59:00,3 - moderate,2 - Medium,2 - Medium,category 23,Group 70,4,0,false,194.8,Breached SLA
INC0007271,2016-03-15 12:31:00,2016-03-17 14:29:00,2016-03-24 19:01:00,3 - moderate,2 - Medium,2 - Medium,category 26,Group 70,4,0,false,49.96666666666667,Breached SLA
INC0007274,2016-03-15 12:34:00,2016-03-24 09:06:00,2016-03-29 09:59:00,3 - moderate,2 - Medium,2 - Medium,category 42,Group 25,2,0,false,212.53333333333333,Breached SLA
INC0007277,2016-03-15 12:40:00,2016-03-15 13:53:00,2016-03-24 19:01:00,3 - moderate,2 - Medium,2 - Medium,category 24,Group 27,0,0,false,1.2166666666666666,Breached SLA
INC0007285,2016-03-15 13:01:00,2016-03-16 10:29:00,2016-03-24 19:01:00,3 - moderate,2 - Medium,2 - Medium,category 9,Group 28,0,0,false,21.466666666666665,Breached SLA
INC0007287,2016-03-15 13:10:00,2016-03-22 15:54:00,2016-03-27 15:59:00,3 - moderate,2 - Medium,2 - Medium,category 61,Group 73,1,0,false,170.73333333333332,Breached SLA
INC0007290,2016-03-15 13:12:00,2016-03-15 13:17:00,2016-03-24 19:01:00,3 - moderate,2 - Medium,2 - Medium,category 32,Group 70,0,0,false,0.08333333333333333,Breached SLA
INC0007291,2016-03-15 13:14:00,2016-03-19 15:22:00,2016-03-24 19:01:00,3 - moderate,2 - Medium,2 - Medium,category 26,Group 70,1,0,false,98.13333333333334,Breached SLA
INC0007292,2016-03-15 13:15:00,2016-03-24 12:12:00,2016-03-29 12:59:00,3 - moderate,2 - Medium,2 - Medium,category 34,Group 29,0,0,false,214.95,Breached SLA
INC0007294,2016-03-15 13:18:00,2016-03-18 16:17:00,2016-03-24 19:01:00,3 - moderate,2 - Medium,2 - Medium,category 20,Group 25,2,0,false,74.98333333333333,Breached SLA
INC0007295,2016-03-15 13:20:00,2016-03-18 15:30:00,2016-03-24 19:01:00,3 - moderate,2 - Medium,2 - Medium,category 42,Group 39,3,0,false,74.16666666666667,Breached SLA
INC0007296,2016-03-15 13:25:00,2016-03-15 15:30:00,2016-03-24 19:01:00,3 - moderate,2 - Medium,2 - Medium,category 37,Group 46,0,0,false,2.0833333333333335,Breached SLA
INC0007297,2016-03-15 13:27:00,2016-03-17 11:10:00,2016-03-24 19:01:00,3 - moderate,2 - Medium,2 - Medium,category 9,Group 24,2,0,false,45.71666666666667,Breached SLA
INC0007302,2016-03-15 13:33:00,2016-03-18 10:31:00,2016-03-24 19:01:00,3 - moderate,2 - Medium,2 - Medium,category 40,Group 25,6,0,false,68.96666666666667,Breached SLA
INC0007303,2016-03-15 13:34:00,2016-03-15 18:51:00,2016-03-24 19:01:00,3 - moderate,2 - Medium,2 - Medium,category 20,Group 70,0,0,false,5.283333333333333,Breached SLA
INC0007305,2016-03-15 13:36:00,2016-03-21 17:04:00,2016-03-26 17:59:00,3 - moderate,2 - Medium,2 - Medium,category 26,Group 70,1,0,false,147.46666666666667,Breached SLA
INC0007306,2016-03-15 13:36:00,2016-03-22 16:12:00,2016-03-27 16:59:00,3 - moderate,2 - Medium,2 - Medium,category 26,Group 27,2,0,false,170.6,Breached SLA
INC0007308,2016-03-15 13:37:00,2016-03-17 15:01:00,2016-03-24 19:01:00,3 - moderate,2 - Medium,2 - Medium,category 57,Group 56,7,0,false,49.4,Breached SLA
INC0007310,2016-03-15 13:44:00,2016-03-17 17:21:00,2016-03-24 19:01:00,3 - moderate,2 - Medium,2 - Medium,category 37,Group 50,2,0,false,51.61666666666667,Breached SLA
INC0007311,2016-03-15 13:46:00,2016-03-18 12:21:00,2016-03-24 19:01:00,3 - moderate,2 - Medium,2 - Medium,category 9,Group 25,1,0,false,70.58333333333333,Breached SLA
INC0007313,2016-03-15 13:48:00,2016-03-17 14:44:00,2016-03-24 19:01:00,3 - moderate,2 - Medium,2 - Medium,category 26,Group 70,1,0,false,48.93333333333333,Breached SLA
INC0007315,2016-03-15 13:50:00,2016-03-17 14:50:00,2016-03-24 19:01:00,3 - moderate,2 - Medium,2 - Medium,category 26,Group 70,1,0,false,49.0,Breached SLA
INC0007316,2016-03-15 13:51:00,2016-03-15 17:30:00,2016-03-24 19:01:00,3 - moderate,2 - Medium,2 - Medium,category 42,Group 39,2,0,false,3.65,Breached SLA
INC0007317,2016-03-15 13:52:00,2016-03-23 14:43:00,2016-03-28 14:59:00,3 - moderate,2 - Medium,2 - Medium,category 42,Group 37,1,0,false,192.85,Breached SLA
INC0007318,2016-03-15 13:52:00,2016-03-24 08:18:00,2016-03-29 08:59:00,3 - moderate,2 - Medium,2 - Medium,category 40,Group 70,8,0,false,210.43333333333334,Breached SLA
INC0007319,2016-03-15 13:53:00,2016-03-23 10:49:00,2016-03-28 10:59:00,3 - moderate,2 - Medium,2 - Medium,category 32,Group 70,7,0,false,188.93333333333334,Breached SLA
INC0007320,2016-03-15 13:54:00,2016-03-15 14:07:00,2016-03-24 19:01:00,3 - moderate,2 - Medium,2 - Medium,category 46,Group 70,0,0,false,0.21666666666666667,Breached SLA
INC0007322,2016-03-15 13:57:00,2016-03-15 14:11:00,2016-05-23 11:07:00,3 - moderate,2 - Medium,2 - Medium,category 44,Group 5,0,0,false,0.23333333333333334,Breached SLA
INC0007323,2016-03-15 14:02:00,2016-03-18 08:44:00,2016-03-24 19:01:00,3 - moderate,2 - Medium,2 - Medium,category 32,Group 70,1,0,false,66.7,Breached SLA
INC0007324,2016-03-15 14:03:00,2016-03-23 10:02:00,2016-03-28 10:59:00,3 - moderate,2 - Medium,2 - Medium,category 61,Group 73,1,0,false,187.98333333333332,Breached SLA
INC0007326,2016-03-15 14:06:00,2016-03-15 17:38:00,2016-03-24 19:01:00,3 - moderate,2 - Medium,2 - Medium,category 42,Group 39,1,0,false,3.533333333333333,Breached SLA
INC0007328,2016-03-15 14:07:00,2016-03-15 17:20:00,2016-03-24 19:01:00,3 - moderate,2 - Medium,2 - Medium,category 32,Group 66,1,0,false,3.216666666666667,Breached SLA
INC0007330,2016-03-15 14:08:00,2016-03-23 10:57:00,2016-03-28 10:59:00,3 - moderate,2 - Medium,2 - Medium,category 26,Group 70,2,0,false,188.81666666666666,Breached SLA
INC0007332,2016-03-15 14:10:00,2016-03-17 16:34:00,2016-03-24 19:01:00,3 - moderate,2 - Medium,2 - Medium,category 53,Group 70,1,0,false,50.4,Breached SLA
INC0007333,2016-03-15 14:11:00,2016-03-17 15:24:00,2016-03-24 19:01:00,3 - moderate,2 - Medium,2 - Medium,category 42,Group 39,2,0,false,49.21666666666667,Breached SLA
INC0007334,2016-03-15 14:11:00,2016-03-22 10:22:00,2016-03-27 10:59:00,3 - moderate,2 - Medium,2 - Medium,category 61,Group 74,1,0,false,164.18333333333334,Breached SLA
INC0007335,2016-03-15 14:12:00,2016-03-22 16:44:00,2016-03-27 16:59:00,3 - moderate,2 - Medium,2 - Medium,category 61,Group 74,1,0,false,170.53333333333333,Breached SLA
INC0007336,2016-03-15 14:12:00,2016-03-15 17:48:00,2016-03-24 19:01:00,3 - moderate,2 - Medium,2 - Medium,category 42,Group 39,1,0,false,3.6,Breached SLA
INC0007337,2016-03-15 14:15:00,2016-03-18 09:54:00,2016-03-24 19:01:00,3 - moderate,2 - Medium,2 - Medium,category 24,Group 28,1,0,false,67.65,Breached SLA
INC0007338,2016-03-15 14:15:00,2016-03-21 16:00:00,2016-03-26 16:59:00,3 - moderate,2 - Medium,2 - Medium,category 53,Group 24,2,1,false,145.75,Breached SLA
INC0007339,2016-03-15 14:16:00,2016-03-24 08:30:00,2016-03-29 08:59:00,3 - moderate,2 - Medium,2 - Medium,category 20,Group 70,1,0,false,210.23333333333332,Breached SLA
INC0007345,2016-03-15 14:25:00,2016-03-15 16:34:00,2016-03-24 19:01:00,3 - moderate,2 - Medium,2 - Medium,category 37,Group 23,3,0,false,2.15,Breached SLA
INC0007346,2016-03-15 14:32:00,2016-03-22 14:14:00,2016-03-27 14:59:00,3 - moderate,2 - Medium,2 - Medium,category 61,Group 74,1,0,false,167.7,Breached SLA
INC0007348,2016-03-15 14:38:00,2016-03-21 10:48:00,2016-03-26 10:59:00,3 - moderate,2 - Medium,2 - Medium,category 26,Group 28,2,0,false,140.16666666666666,Breached SLA
INC0007350,2016-03-15 14:42:00,2016-03-29 10:17:00,2016-04-03 10:59:00,3 - moderate,2 - Medium,2 - Medium,category 42,Group 15,1,0,false,331.5833333333333,Breached SLA
INC0007353,2016-03-15 14:46:00,2016-03-17 13:30:00,2016-03-24 19:01:00,3 - moderate,2 - Medium,2 - Medium,category 20,Group 70,3,0,false,46.733333333333334,Breached SLA
INC0007354,2016-03-15 14:48:00,2016-03-15 15:02:00,2016-03-24 19:01:00,3 - moderate,2 - Medium,2 - Medium,category 44,Group 70,1,0,false,0.23333333333333334,Breached SLA
INC0007355,2016-03-15 14:48:00,2016-03-17 11:40:00,2016-03-24 19:01:00,3 - moderate,2 - Medium,2 - Medium,category 53,Group 70,1,0,false,44.86666666666667,Breached SLA
INC0007356,2016-03-15 14:49:00,2016-03-24 12:28:00,2016-03-29 12:59:00,3 - moderate,2 - Medium,2 - Medium,category 37,Group 70,2,0,false,213.65,Breached SLA
INC0007357,2016-03-15 14:51:00,2016-03-29 13:00:00,2016-04-03 13:59:00,3 - moderate,2 - Medium,2 - Medium,category 32,Group 70,6,0,false,334.15,Breached SLA
INC0007359,2016-03-15 14:57:00,2016-03-17 13:17:00,2016-03-24 19:01:00,3 - moderate,2 - Medium,2 - Medium,category 26,Group 70,1,0,false,46.333333333333336,Breached SLA
INC0007360,2016-03-15 14:57:00,2016-03-17 15:12:00,2016-03-24 19:01:00,3 - moderate,2 - Medium,2 - Medium,category 42,Group 39,3,0,false,48.25,Breached SLA
INC0007362,2016-03-15 14:58:00,2016-03-15 17:03:00,2016-03-24 19:01:00,3 - moderate,2 - Medium,2 - Medium,category 26,Group 25,1,0,false,2.0833333333333335,Breached SLA
INC0007364,2016-03-15 15:02:00,2016-03-15 15:19:00,2016-03-24 19:01:00,3 - moderate,2 - Medium,2 - Medium,category 42,Group 70,0,0,false,0.2833333333333333,Breached SLA
INC0007365,2016-03-15 15:08:00,2016-03-17 16:51:00,2016-03-24 19:01:00,3 - moderate,2 - Medium,2 - Medium,category 53,Group 70,1,0,false,49.71666666666667,Breached SLA
INC0007367,2016-03-15 15:11:00,2016-03-17 16:56:00,2016-03-24 19:01:00,3 - moderate,2 - Medium,2 - Medium,category 53,Group 70,1,0,false,49.75,Breached SLA
INC0007368,2016-03-15 15:11:00,2016-03-29 09:20:00,2016-04-03 09:59:00,3 - moderate,2 - Medium,2 - Medium,category 53,Group 66,1,0,false,330.15,Breached SLA
INC0007369,2016-03-15 15:12:00,2016-03-16 16:29:00,2016-03-24 19:01:00,3 - moderate,2 - Medium,2 - Medium,category 42,Group 39,1,0,false,25.283333333333335,Breached SLA
INC0007370,2016-03-15 15:14:00,2016-03-17 11:40:00,2016-03-24 19:01:00,3 - moderate,2 - Medium,2 - Medium,category 40,Group 70,1,0,false,44.43333333333333,Breached SLA
INC0007371,2016-03-15 15:16:00,2016-03-19 09:51:00,2016-03-24 19:01:00,3 - moderate,2 - Medium,2 - Medium,category 42,Group 70,3,0,false,90.58333333333333,Breached SLA
INC0007373,2016-03-15 15:18:00,2016-03-15 17:24:00,2016-03-24 19:01:00,3 - moderate,2 - Medium,2 - Medium,category 26,Group 70,1,0,false,2.1,Breached SLA
INC0007375,2016-03-15 15:19:00,2016-03-17 08:46:00,2016-03-24 19:01:00,3 - moderate,2 - Medium,2 - Medium,category 42,Group 55,4,0,false,41.45,Breached SLA
INC0007376,2016-03-15 15:21:00,2016-03-15 15:22:00,2016-03-24 19:01:00,3 - moderate,2 - Medium,2 - Medium,category 46,Group 64,0,0,false,0.016666666666666666,Breached SLA
INC0007377,2016-03-15 15:22:00,2016-03-15 15:23:00,2016-03-24 19:01:00,3 - moderate,2 - Medium,2 - Medium,category 46,Group 64,0,0,false,0.016666666666666666,Breached SLA
INC0007378,2016-03-15 15:25:00,2016-03-29 08:25:00,2016-04-03 08:59:00,3 - moderate,2 - Medium,2 - Medium,category 53,Group 70,8,0,false,329.0,Breached SLA
INC0007379,2016-03-15 15:25:00,2016-03-15 15:26:00,2016-03-24 19:01:00,3 - moderate,2 - Medium,2 - Medium,category 46,Group 64,0,0,false,0.016666666666666666,Breached SLA
INC0007380,2016-03-15 15:26:00,2016-03-17 11:56:00,2016-03-24 19:01:00,3 - moderate,2 - Medium,2 - Medium,category 37,Group 23,4,0,false,44.5,Breached SLA
INC0007381,2016-03-15 15:26:00,2016-03-16 12:06:00,2016-03-24 19:01:00,3 - moderate,2 - Medium,2 - Medium,category 34,Group 27,0,0,false,20.666666666666668,Breached SLA
INC0007382,2016-03-15 15:26:00,2016-03-15 17:41:00,2016-03-24 19:01:00,3 - moderate,2 - Medium,2 - Medium,category 37,Group 70,1,0,false,2.25,Breached SLA
INC0007384,2016-03-15 15:29:00,2016-03-24 09:41:00,2016-03-29 09:59:00,3 - moderate,2 - Medium,2 - Medium,category 35,Group 70,1,0,false,210.2,Breached SLA
INC0007386,2016-03-15 15:36:00,2016-03-19 15:52:00,2016-03-24 19:01:00,3 - moderate,2 - Medium,2 - Medium,category 26,Group 70,1,0,false,96.26666666666667,Breached SLA
INC0007388,2016-03-15 15:36:00,2016-03-15 16:03:00,2016-03-24 19:01:00,3 - moderate,2 - Medium,2 - Medium,category 26,Group 70,0,0,false,0.45,Breached SLA
INC0007389,2016-03-15 15:37:00,2016-03-19 15:10:00,2016-03-24 19:01:00,3 - moderate,2 - Medium,2 - Medium,category 51,Group 20,1,0,false,95.55,Breached SLA
INC0007391,2016-03-15 15:39:00,2016-03-17 10:58:00,2016-03-24 19:01:00,3 - moderate,2 - Medium,2 - Medium,category 26,Group 23,2,0,false,43.31666666666667,Breached SLA
INC0007392,2016-03-15 15:43:00,2016-03-17 17:11:00,2016-03-24 19:01:00,3 - moderate,2 - Medium,2 - Medium,category 26,Group 70,4,0,false,49.46666666666667,Breached SLA
INC0007393,2016-03-15 15:49:00,2016-03-18 11:57:00,2016-03-24 19:01:00,3 - moderate,2 - Medium,2 - Medium,category 37,Group 23,5,0,false,68.13333333333334,Breached SLA
INC0007397,2016-03-15 15:54:00,2016-03-15 16:07:00,2016-03-24 19:01:00,3 - moderate,2 - Medium,2 - Medium,category 43,Group 70,1,0,false,0.21666666666666667,Breached SLA
INC0007398,2016-03-15 15:54:00,2016-03-16 16:49:00,2016-03-24 19:01:00,3 - moderate,2 - Medium,2 - Medium,category 46,Group 39,2,0,false,24.916666666666668,Breached SLA
INC0007400,2016-03-15 15:58:00,2016-03-23 15:26:00,2016-03-28 15:59:00,3 - moderate,2 - Medium,2 - Medium,category 26,Group 70,1,0,false,191.46666666666667,Breached SLA
INC0007402,2016-03-15 16:00:00,2016-03-17 11:52:00,2016-03-24 19:01:00,3 - moderate,2 - Medium,2 - Medium,category 53,Group 24,4,0,false,43.86666666666667,Breached SLA
INC0007404,2016-03-15 16:03:00,2016-03-24 09:34:00,2016-03-29 09:59:00,3 - moderate,2 - Medium,2 - Medium,category 53,Group 70,4,0,false,209.51666666666668,Breached SLA
INC0007410,2016-03-15 16:11:00,2016-03-18 09:19:00,2016-03-24 19:01:00,3 - moderate,2 - Medium,2 - Medium,category 53,Group 70,4,0,false,65.13333333333334,Breached SLA
INC0007412,2016-03-15 16:17:00,2016-03-22 12:06:00,2016-03-27 12:59:00,3 - moderate,2 - Medium,2 - Medium,category 9,Group 25,0,0,false,163.81666666666666,Breached SLA
INC0007415,2016-03-15 16:19:00,2016-03-29 11:24:00,2016-04-03 11:59:00,3 - moderate,2 - Medium,2 - Medium,category 46,Group 37,7,0,false,331.0833333333333,Breached SLA
INC0007417,2016-03-15 16:24:00,2016-03-17 17:01:00,2016-03-24 19:01:00,3 - moderate,2 - Medium,2 - Medium,category 42,Group 30,1,0,false,48.61666666666667,Breached SLA
INC0007418,2016-03-15 16:29:00,2016-03-15 16:45:00,2016-03-24 19:01:00,3 - moderate,2 - Medium,2 - Medium,category 44,Group 70,1,0,false,0.26666666666666666,Breached SLA
INC0007419,2016-03-15 16:30:00,2016-03-17 17:27:00,2016-03-24 19:01:00,3 - moderate,2 - Medium,2 - Medium,category 53,Group 70,1,0,false,48.95,Breached SLA
INC0007420,2016-03-15 16:41:00,2016-03-17 17:28:00,2016-03-24 19:01:00,3 - moderate,2 - Medium,2 - Medium,category 40,Group 70,1,0,false,48.78333333333333,Breached SLA
INC0007422,2016-03-15 16:49:00,2016-03-16 01:22:00,2016-03-24 19:01:00,3 - moderate,2 - Medium,2 - Medium,category 23,Group 20,1,0,false,8.55,Breached SLA
INC0007423,2016-03-15 16:51:00,2016-03-17 15:07:00,2016-03-24 19:01:00,3 - moderate,2 - Medium,2 - Medium,category 42,Group 39,2,0,false,46.266666666666666,Breached SLA
INC0007425,2016-03-15 16:54:00,2016-03-23 16:12:00,2016-03-28 16:59:00,3 - moderate,2 - Medium,2 - Medium,category 53,Group 70,1,0,false,191.3,Breached SLA
INC0007426,2016-03-15 16:57:00,2016-03-29 10:23:00,2016-04-03 10:59:00,3 - moderate,2 - Medium,2 - Medium,category 35,Group 25,2,0,false,329.43333333333334,Breached SLA
INC0007427,2016-03-15 16:58:00,2016-03-16 11:38:00,2016-03-24 19:01:00,3 - moderate,2 - Medium,2 - Medium,category 44,Group 5,0,0,false,18.666666666666668,Breached SLA
INC0007428,2016-03-15 16:58:00,2016-03-24 12:00:00,2016-03-29 12:59:00,3 - moderate,2 - Medium,2 - Medium,category 26,Group 70,1,1,false,211.03333333333333,Breached SLA
INC0007429,2016-03-15 16:58:00,2016-03-21 10:01:00,2016-03-26 10:59:00,3 - moderate,2 - Medium,2 - Medium,category 53,Group 70,4,0,false,137.05,Breached SLA
INC0007430,2016-03-15 16:59:00,2016-03-24 08:05:00,2016-03-29 08:59:00,3 - moderate,2 - Medium,2 - Medium,category 42,Group 10,2,0,false,207.1,Breached SLA
INC0007432,2016-03-15 17:01:00,2016-03-29 17:52:00,2016-04-03 17:59:00,3 - moderate,2 - Medium,2 - Medium,category 42,Group 39,1,1,false,336.85,Breached SLA
INC0007433,2016-03-15 17:02:00,2016-03-22 12:53:00,2016-03-27 12:59:00,3 - moderate,2 - Medium,2 - Medium,category 41,Group 70,1,0,false,163.85,Breached SLA
INC0007434,2016-03-15 17:02:00,2016-03-22 12:54:00,2016-03-27 12:59:00,3 - moderate,2 - Medium,2 - Medium,category 41,Group 70,1,0,false,163.86666666666667,Breached SLA
INC0007435,2016-03-15 17:02:00,2016-03-22 12:55:00,2016-03-27 12:59:00,3 - moderate,2 - Medium,2 - Medium,category 41,Group 70,1,0,false,163.88333333333333,Breached SLA
INC0007436,2016-03-15 17:06:00,2016-03-18 09:22:00,2016-03-24 19:01:00,3 - moderate,2 - Medium,2 - Medium,category 26,Group 70,1,0,false,64.26666666666667,Breached SLA
INC0007439,2016-03-15 17:10:00,2016-03-23 10:03:00,2016-03-28 10:59:00,3 - moderate,2 - Medium,2 - Medium,category 61,Group 73,1,0,false,184.88333333333333,Breached SLA
INC0007440,2016-03-15 17:12:00,2016-03-29 14:22:00,2016-04-03 14:59:00,3 - moderate,2 - Medium,2 - Medium,category 42,Group 29,7,0,false,333.1666666666667,Breached SLA
INC0007441,2016-03-15 17:16:00,2016-03-16 10:26:00,2016-03-24 19:01:00,3 - moderate,2 - Medium,2 - Medium,category 61,Group 74,1,0,false,17.166666666666668,Breached SLA
INC0007442,2016-03-15 17:17:00,2016-03-15 19:13:00,2016-03-24 19:01:00,3 - moderate,2 - Medium,2 - Medium,category 26,Group 70,1,0,false,1.9333333333333333,Breached SLA
INC0007443,2016-03-15 17:17:00,2016-03-18 12:41:00,2016-03-24 19:01:00,3 - moderate,2 - Medium,2 - Medium,category 9,Group 30,5,0,false,67.4,Breached SLA
INC0007444,2016-03-15 17:20:00,2016-03-15 17:22:00,2016-03-24 19:01:00,3 - moderate,2 - Medium,2 - Medium,category 46,Group 64,0,0,false,0.03333333333333333,Breached SLA
INC0007447,2016-03-15 17:23:00,2016-03-24 09:22:00,2016-03-29 09:59:00,3 - moderate,2 - Medium,2 - Medium,category 34,Group 25,1,0,false,207.98333333333332,Breached SLA
INC0007448,2016-03-15 17:25:00,2016-03-15 17:26:00,2016-03-24 19:01:00,3 - moderate,2 - Medium,2 - Medium,category 46,Group 64,0,0,false,0.016666666666666666,Breached SLA
INC0007449,2016-03-15 17:25:00,2016-03-17 15:35:00,2016-03-24 19:01:00,3 - moderate,2 - Medium,2 - Medium,category 32,Group 70,1,0,false,46.166666666666664,Breached SLA
INC0007450,2016-03-15 17:28:00,2016-03-24 09:31:00,2016-03-29 09:59:00,3 - moderate,2 - Medium,2 - Medium,category 46,Group 64,0,0,false,208.05,Breached SLA
INC0007452,2016-03-15 17:30:00,2016-03-24 09:44:00,2016-03-29 09:59:00,3 - moderate,2 - Medium,2 - Medium,category 46,Group 64,0,0,false,208.23333333333332,Breached SLA
INC0007453,2016-03-15 17:30:00,2016-03-23 14:16:00,2016-03-28 14:59:00,3 - moderate,2 - Medium,2 - Medium,category 57,Group 51,3,0,false,188.76666666666668,Breached SLA
INC0007454,2016-03-15 17:31:00,2016-03-24 09:38:00,2016-03-29 09:59:00,3 - moderate,2 - Medium,2 - Medium,category 46,Group 64,0,0,false,208.11666666666667,Breached SLA
INC0007457,2016-03-15 17:33:00,2016-03-24 09:39:00,2016-03-29 09:59:00,3 - moderate,2 - Medium,2 - Medium,category 46,Group 64,0,0,false,208.1,Breached SLA
INC0007460,2016-03-15 17:37:00,2016-03-24 09:32:00,2016-03-29 09:59:00,3 - moderate,2 - Medium,2 - Medium,category 46,Group 64,0,0,false,207.91666666666666,Breached SLA
INC0007462,2016-03-15 17:40:00,2016-03-18 11:03:00,2016-03-24 19:01:00,3 - moderate,2 - Medium,2 - Medium,category 42,Group 33,6,0,false,65.38333333333334,Breached SLA
INC0007465,2016-03-15 17:48:00,2016-03-23 11:54:00,2016-03-28 11:59:00,3 - moderate,2 - Medium,2 - Medium,category 53,,0,0,false,186.1,Breached SLA
INC0007469,2016-03-15 18:09:00,2016-03-30 12:46:00,2016-04-04 12:59:00,3 - moderate,2 - Medium,2 - Medium,category 46,Group 55,1,0,false,354.6166666666667,Breached SLA
INC0007470,2016-03-15 18:19:00,2016-03-16 08:46:00,2016-03-24 19:01:00,3 - moderate,2 - Medium,2 - Medium,category 42,Group 33,0,0,false,14.45,Breached SLA
INC0007472,2016-03-15 18:35:00,2016-03-15 19:04:00,2016-03-24 19:01:00,3 - moderate,2 - Medium,2 - Medium,category 26,Group 70,1,0,false,0.48333333333333334,Breached SLA
INC0007474,2016-03-15 18:39:00,2016-03-23 11:57:00,2016-03-28 11:59:00,3 - moderate,2 - Medium,2 - Medium,category 26,Group 70,1,0,false,185.3,Breached SLA
INC0007476,2016-03-15 18:54:00,2016-03-17 10:44:00,2016-03-24 19:01:00,3 - moderate,2 - Medium,2 - Medium,category 26,Group 24,2,0,false,39.833333333333336,Breached SLA
INC0007479,2016-03-15 19:37:00,2016-03-17 14:50:00,2016-03-24 19:01:00,3 - moderate,2 - Medium,2 - Medium,category 42,Group 39,1,0,false,43.21666666666667,Breached SLA
INC0007480,2016-03-15 19:42:00,2016-03-18 12:58:00,2016-03-24 19:01:00,3 - moderate,2 - Medium,2 - Medium,category 57,Group 56,7,0,false,65.26666666666667,Breached SLA
INC0007482,2016-03-15 20:50:00,2016-03-23 11:31:00,2016-03-28 11:59:00,3 - moderate,2 - Medium,2 - Medium,category 53,Group 70,4,0,false,182.68333333333334,Breached SLA
INC0007483,2016-03-15 20:57:00,2016-03-29 13:09:00,2016-04-03 13:59:00,3 - moderate,2 - Medium,2 - Medium,category 53,Group 70,3,0,false,328.2,Breached SLA
INC0007496,2016-03-16 05:46:00,2016-03-22 15:20:00,2016-03-27 15:59:00,3 - moderate,2 - Medium,2 - Medium,category 26,Group 70,1,0,false,153.56666666666666,Breached SLA
INC0007503,2016-03-16 06:43:00,2016-03-24 13:58:00,2016-03-29 13:59:00,3 - moderate,2 - Medium,2 - Medium,category 26,Group 70,2,0,false,199.25,Breached SLA
INC0007504,2016-03-16 06:49:00,2016-03-29 13:12:00,2016-04-03 13:59:00,3 - moderate,2 - Medium,2 - Medium,category 20,Group 70,2,0,false,318.3833333333333,Breached SLA
INC0007516,2016-03-16 07:46:00,2016-03-22 13:44:00,2016-03-27 13:59:00,3 - moderate,2 - Medium,2 - Medium,category 26,Group 70,1,0,false,149.96666666666667,Breached SLA
INC0007521,2016-03-16 08:05:00,2016-03-29 11:40:00,2016-04-03 11:59:00,3 - moderate,2 - Medium,2 - Medium,category 9,Group 24,0,3,false,315.5833333333333,Breached SLA
INC0007529,2016-03-16 08:19:00,2016-03-21 09:40:00,2016-03-26 09:59:00,3 - moderate,2 - Medium,2 - Medium,category 26,Group 70,4,0,false,121.35,Breached SLA
INC0007532,2016-03-16 08:24:00,2016-03-22 12:26:00,2016-03-27 12:59:00,3 - moderate,2 - Medium,2 - Medium,category 61,Group 74,1,0,false,148.03333333333333,Breached SLA
INC0007533,2016-03-16 08:26:00,2016-03-22 15:59:00,2016-03-27 16:59:00,3 - moderate,2 - Medium,2 - Medium,category 53,Group 70,1,0,false,151.55,Breached SLA
INC0007540,2016-03-16 08:32:00,2016-03-28 16:39:00,2016-04-02 16:59:00,3 - moderate,2 - Medium,2 - Medium,category 53,Group 25,2,0,false,296.1166666666667,Breached SLA
INC0007543,2016-03-16 08:37:00,2016-03-29 08:43:00,2016-04-03 08:59:00,3 - moderate,2 - Medium,2 - Medium,category 37,Group 48,0,0,false,312.1,Breached SLA
INC0007549,2016-03-16 08:46:00,2016-03-31 10:43:00,2016-04-05 10:59:00,3 - moderate,2 - Medium,2 - Medium,category 53,Group 66,3,0,false,361.95,Breached SLA
INC0007550,2016-03-16 08:47:00,2016-03-31 11:05:00,2016-04-05 11:59:00,3 - moderate,2 - Medium,2 - Medium,category 51,Group 72,0,0,false,362.3,Breached SLA
INC0007557,2016-03-16 08:53:00,2016-03-23 12:11:00,2016-03-28 12:59:00,3 - moderate,2 - Medium,2 - Medium,category 53,Group 70,1,0,false,171.3,Breached SLA
INC0007561,2016-03-16 08:56:00,2016-03-22 12:21:00,2016-03-27 12:59:00,3 - moderate,2 - Medium,2 - Medium,category 24,Group 30,0,0,false,147.41666666666666,Breached SLA
INC0007566,2016-03-16 09:01:00,2016-03-22 17:07:00,2016-03-27 17:59:00,3 - moderate,2 - Medium,2 - Medium,category 32,Group 20,0,0,false,152.1,Breached SLA
INC0007571,2016-03-16 09:06:00,2016-03-16 09:17:00,2016-05-23 11:07:00,3 - moderate,2 - Medium,2 - Medium,category 44,Group 5,0,0,false,0.18333333333333332,Breached SLA
INC0007576,2016-03-16 09:11:00,2016-03-16 09:14:00,2016-05-23 11:07:00,3 - moderate,2 - Medium,2 - Medium,category 44,Group 5,0,0,false,0.05,Breached SLA
INC0007579,2016-03-16 09:13:00,2016-03-24 08:11:00,2016-03-29 08:59:00,3 - moderate,2 - Medium,2 - Medium,category 32,Group 70,1,0,false,190.96666666666667,Breached SLA
INC0007581,2016-03-16 09:13:00,2016-03-26 14:30:00,2016-03-31 14:59:00,3 - moderate,2 - Medium,2 - Medium,category 51,Group 20,6,0,false,245.28333333333333,Breached SLA
INC0007590,2016-03-16 09:17:00,2016-03-22 12:05:00,2016-03-27 12:59:00,3 - moderate,2 - Medium,2 - Medium,category 19,Group 70,6,0,false,146.8,Breached SLA
INC0007591,2016-03-16 09:18:00,2016-03-28 11:39:00,2016-04-02 11:59:00,3 - moderate,2 - Medium,2 - Medium,category 23,Group 54,3,0,false,290.35,Breached SLA
INC0007592,2016-03-16 09:19:00,2016-03-29 16:13:00,2016-04-03 16:59:00,3 - moderate,2 - Medium,2 - Medium,category 61,Group 73,1,0,false,318.9,Breached SLA
INC0007593,2016-03-16 09:20:00,2016-03-28 14:47:00,2016-04-02 14:59:00,3 - moderate,2 - Medium,2 - Medium,category 53,Group 25,0,3,false,293.45,Breached SLA
INC0007598,2016-03-16 09:23:00,2016-03-29 17:44:00,2016-04-03 17:59:00,3 - moderate,2 - Medium,2 - Medium,category 32,Group 54,3,0,false,320.35,Breached SLA
INC0007600,2016-03-16 09:26:00,2016-03-29 16:14:00,2016-04-03 16:59:00,3 - moderate,2 - Medium,2 - Medium,category 9,Group 72,1,0,false,318.8,Breached SLA
INC0007605,2016-03-16 09:34:00,2016-03-28 08:27:00,2016-04-02 08:59:00,3 - moderate,2 - Medium,2 - Medium,category 19,Group 24,3,0,false,286.8833333333333,Breached SLA
INC0007607,2016-03-16 09:35:00,2016-03-19 16:42:00,2016-03-19 16:42:00,1 - critical,1 - High,1 - High,category 51,Group 20,1,0,false,79.11666666666666,Breached SLA
INC0007614,2016-03-16 09:41:00,2016-03-24 09:33:00,2016-03-29 09:59:00,3 - moderate,2 - Medium,2 - Medium,category 26,Group 70,1,0,false,191.86666666666667,Breached SLA
INC0007627,2016-03-16 09:50:00,2016-03-23 10:38:00,2016-03-28 10:59:00,3 - moderate,2 - Medium,2 - Medium,category 42,Group 39,5,0,false,168.8,Breached SLA
INC0007630,2016-03-16 09:55:00,2016-03-22 16:40:00,2016-03-27 16:59:00,3 - moderate,2 - Medium,2 - Medium,category 51,Group 70,2,0,false,150.75,Breached SLA
INC0007631,2016-03-16 09:55:00,2016-03-22 16:49:00,2016-03-27 16:59:00,3 - moderate,2 - Medium,2 - Medium,category 24,Group 23,1,0,false,150.9,Breached SLA
INC0007632,2016-03-16 09:56:00,2016-03-24 11:01:00,2016-03-29 11:59:00,3 - moderate,2 - Medium,2 - Medium,category 26,Group 70,3,0,false,193.08333333333334,Breached SLA
INC0007638,2016-03-16 10:03:00,2016-03-29 11:38:00,2016-04-03 11:59:00,3 - moderate,2 - Medium,2 - Medium,category 23,Group 72,5,0,false,313.5833333333333,Breached SLA
INC0007649,2016-03-16 10:15:00,2016-03-21 12:07:00,2016-03-26 12:59:00,3 - moderate,2 - Medium,2 - Medium,category 32,Group 70,1,0,false,121.86666666666666,Breached SLA
INC0007651,2016-03-16 10:17:00,2016-03-22 13:25:00,2016-03-27 13:59:00,3 - moderate,2 - Medium,2 - Medium,category 9,Group 25,0,0,false,147.13333333333333,Breached SLA
INC0007658,2016-03-16 10:24:00,2016-03-30 17:29:00,2016-04-04 17:59:00,3 - moderate,2 - Medium,2 - Medium,category 46,Group 22,1,0,false,343.0833333333333,Breached SLA
INC0007660,2016-03-16 10:25:00,2016-03-23 15:55:00,2016-03-28 15:59:00,3 - moderate,2 - Medium,2 - Medium,category 61,Group 73,1,0,false,173.5,Breached SLA
INC0007671,2016-03-16 10:39:00,2016-03-24 10:54:00,2016-03-29 10:59:00,3 - moderate,2 - Medium,2 - Medium,category 20,Group 25,4,0,false,192.25,Breached SLA
INC0007673,2016-03-16 10:41:00,2016-03-21 16:18:00,2016-03-26 16:59:00,3 - moderate,2 - Medium,2 - Medium,category 32,Group 31,0,0,false,125.61666666666666,Breached SLA
INC0007675,2016-03-16 10:44:00,2016-03-22 13:28:00,2016-03-27 13:59:00,3 - moderate,2 - Medium,2 - Medium,category 32,Group 70,1,0,false,146.73333333333332,Breached SLA
INC0007676,2016-03-16 10:48:00,2016-03-29 13:40:00,2016-04-03 13:59:00,3 - moderate,2 - Medium,2 - Medium,category 37,Group 25,3,0,false,314.8666666666667,Breached SLA
INC0007677,2016-03-16 10:48:00,2016-03-22 16:30:00,2016-03-27 16:59:00,3 - moderate,2 - Medium,2 - Medium,category 20,Group 70,1,0,false,149.7,Breached SLA
INC0007683,2016-03-16 10:54:00,2016-03-24 11:37:00,2016-03-29 11:59:00,3 - moderate,2 - Medium,2 - Medium,category 53,Group 27,11,0,false,192.71666666666667,Breached SLA
INC0007685,2016-03-16 10:56:00,2016-03-29 16:46:00,2016-04-03 16:59:00,3 - moderate,2 - Medium,2 - Medium,category 37,Group 46,2,0,false,317.8333333333333,Breached SLA
INC0007687,2016-03-16 10:57:00,2016-03-22 12:55:00,2016-03-27 12:59:00,3 - moderate,2 - Medium,2 - Medium,category 41,Group 70,1,0,false,145.96666666666667,Breached SLA
INC0007688,2016-03-16 10:57:00,2016-03-22 12:56:00,2016-03-27 12:59:00,3 - moderate,2 - Medium,2 - Medium,category 41,Group 70,1,0,false,145.98333333333332,Breached SLA
INC0007692,2016-03-16 10:58:00,2016-03-31 16:42:00,2016-04-05 16:59:00,3 - moderate,2 - Medium,2 - Medium,category 46,Group 37,0,0,false,365.73333333333335,Breached SLA
INC0007694,2016-03-16 11:00:00,2016-03-22 15:47:00,2016-03-27 15:59:00,3 - moderate,2 - Medium,2 - Medium,category 20,Group 70,3,0,false,148.78333333333333,Breached SLA
INC0007695,2016-03-16 11:01:00,2016-03-22 15:12:00,2016-03-27 15:59:00,3 - moderate,2 - Medium,2 - Medium,category 44,Group 5,3,0,false,148.18333333333334,Breached SLA
INC0007696,2016-03-16 11:01:00,2016-03-29 13:15:00,2016-04-03 13:59:00,3 - moderate,2 - Medium,2 - Medium,category 19,Group 70,3,0,false,314.23333333333335,Breached SLA
INC0007712,2016-03-16 11:15:00,2016-03-30 12:21:00,2016-04-04 12:59:00,3 - moderate,2 - Medium,2 - Medium,category 44,Group 55,3,0,false,337.1,Breached SLA
INC0007714,2016-03-16 11:19:00,2016-03-22 15:48:00,2016-03-27 15:59:00,3 - moderate,2 - Medium,2 - Medium,category 9,,0,0,false,148.48333333333332,Breached SLA
INC0007727,2016-03-16 11:31:00,2016-03-30 15:57:00,2016-04-04 15:59:00,3 - moderate,2 - Medium,2 - Medium,category 42,Group 33,2,0,false,340.43333333333334,Breached SLA
INC0007731,2016-03-16 11:39:00,2016-03-23 18:13:00,2016-03-28 18:59:00,3 - moderate,2 - Medium,2 - Medium,category 42,Group 23,5,0,false,174.56666666666666,Breached SLA
INC0007744,2016-03-16 11:50:00,2016-03-23 17:11:00,2016-03-28 17:59:00,3 - moderate,2 - Medium,2 - Medium,category 61,Group 73,1,0,false,173.35,Breached SLA
INC0007745,2016-03-16 11:51:00,2016-03-22 13:41:00,2016-03-27 13:59:00,3 - moderate,2 - Medium,2 - Medium,category 26,Group 70,1,0,false,145.83333333333334,Breached SLA
INC0007751,2016-03-16 11:54:00,2016-03-22 16:49:00,2016-03-27 16:59:00,3 - moderate,2 - Medium,2 - Medium,category 46,Group 57,0,0,false,148.91666666666666,Breached SLA
INC0007761,2016-03-16 12:06:00,2016-03-22 15:36:00,2016-03-27 15:59:00,3 - moderate,2 - Medium,2 - Medium,category 53,Group 70,1,0,false,147.5,Breached SLA
INC0007763,2016-03-16 12:08:00,2016-03-21 15:30:00,2016-03-26 15:59:00,3 - moderate,2 - Medium,2 - Medium,category 53,Group 70,4,0,false,123.36666666666666,Breached SLA
INC0007767,2016-03-16 12:34:00,2016-03-23 09:28:00,2016-03-28 09:59:00,3 - moderate,2 - Medium,2 - Medium,category 53,Group 25,2,0,false,164.9,Breached SLA
INC0007778,2016-03-16 13:09:00,2016-03-21 10:02:00,2016-03-26 10:59:00,3 - moderate,2 - Medium,2 - Medium,category 23,Group 70,2,0,false,116.88333333333334,Breached SLA
INC0007780,2016-03-16 13:13:00,2016-03-23 09:30:00,2016-03-28 09:59:00,3 - moderate,2 - Medium,2 - Medium,category 40,,0,0,false,164.28333333333333,Breached SLA
INC0007782,2016-03-16 13:16:00,2016-03-29 08:45:00,2016-04-03 08:59:00,3 - moderate,2 - Medium,2 - Medium,category 37,Group 48,0,0,false,307.48333333333335,Breached SLA
INC0007783,2016-03-16 13:17:00,2016-03-29 15:59:00,2016-04-03 16:59:00,3 - moderate,2 - Medium,2 - Medium,category 9,Group 25,0,0,false,314.7,Breached SLA
INC0007786,2016-03-16 13:18:00,2016-03-21 11:31:00,2016-03-26 11:59:00,3 - moderate,2 - Medium,2 - Medium,category 53,Group 27,1,0,false,118.21666666666667,Breached SLA
INC0007789,2016-03-16 13:19:00,2016-03-22 15:51:00,2016-03-31 08:39:00,3 - moderate,2 - Medium,2 - Medium,category 61,Group 73,1,0,false,146.53333333333333,Breached SLA
INC0007791,2016-03-16 13:22:00,2016-03-16 13:28:00,2016-05-23 11:07:00,3 - moderate,2 - Medium,2 - Medium,category 44,Group 5,0,0,false,0.1,Breached SLA
INC0007796,2016-03-16 13:27:00,2016-03-31 08:00:00,2016-04-05 08:59:00,3 - moderate,2 - Medium,2 - Medium,category 26,Group 70,4,0,false,354.55,Breached SLA
INC0007800,2016-03-16 13:31:00,2016-03-21 10:33:00,2016-03-26 10:59:00,3 - moderate,2 - Medium,2 - Medium,category 53,Group 39,1,0,false,117.03333333333333,Breached SLA
INC0007801,2016-03-16 13:32:00,2016-03-22 15:29:00,2016-03-27 15:59:00,3 - moderate,2 - Medium,2 - Medium,category 20,Group 70,1,0,false,145.95,Breached SLA
INC0007802,2016-03-16 13:35:00,2016-03-22 14:55:00,2016-03-27 14:59:00,3 - moderate,2 - Medium,2 - Medium,category 53,Group 70,1,0,false,145.33333333333334,Breached SLA
INC0007805,2016-03-16 13:44:00,2016-03-22 13:58:00,2016-03-27 13:59:00,3 - moderate,2 - Medium,2 - Medium,category 26,Group 70,1,0,false,144.23333333333332,Breached SLA
INC0007813,2016-03-16 13:57:00,2016-03-21 08:21:00,2016-03-26 08:59:00,3 - moderate,2 - Medium,2 - Medium,category 32,Group 39,3,0,false,114.4,Breached SLA
INC0007817,2016-03-16 14:01:00,2016-03-23 11:12:00,2016-03-28 11:59:00,3 - moderate,2 - Medium,2 - Medium,category 35,Group 70,1,0,false,165.18333333333334,Breached SLA
INC0007820,2016-03-16 14:05:00,2016-03-21 16:40:00,2016-03-26 16:59:00,3 - moderate,2 - Medium,2 - Medium,category 46,Group 70,0,0,false,122.58333333333333,Breached SLA
INC0007824,2016-03-16 14:09:00,2016-03-22 09:37:00,2016-03-27 09:59:00,3 - moderate,2 - Medium,2 - Medium,category 37,Group 70,3,0,false,139.46666666666667,Breached SLA
INC0007827,2016-03-16 14:11:00,2016-03-21 16:33:00,2016-03-26 16:59:00,3 - moderate,2 - Medium,2 - Medium,category 23,Group 70,2,0,false,122.36666666666666,Breached SLA
INC0007829,2016-03-16 14:15:00,2016-03-17 10:06:00,2016-03-24 19:01:00,2 - high,2 - Medium,1 - High,category 23,Group 25,1,0,false,19.85,Breached SLA
INC0007831,2016-03-16 14:15:00,2016-03-23 11:08:00,2016-03-28 11:59:00,3 - moderate,2 - Medium,2 - Medium,category 20,Group 70,1,0,false,164.88333333333333,Breached SLA
INC0007832,2016-03-16 14:20:00,2016-03-22 15:09:00,2016-03-27 15:59:00,3 - moderate,2 - Medium,2 - Medium,category 53,Group 23,5,0,false,144.81666666666666,Breached SLA
INC0007836,2016-03-16 14:23:00,2016-03-21 14:48:00,2016-03-26 14:59:00,3 - moderate,2 - Medium,2 - Medium,category 46,Group 39,4,0,false,120.41666666666667,Breached SLA
INC0007837,2016-03-16 14:23:00,2016-03-23 08:31:00,2016-03-28 08:59:00,3 - moderate,2 - Medium,2 - Medium,category 40,Group 70,0,1,false,162.13333333333333,Breached SLA
INC0007847,2016-03-16 14:32:00,2016-03-16 16:59:00,2016-03-24 19:01:00,2 - high,2 - Medium,1 - High,category 37,Group 46,1,0,false,2.45,Breached SLA
INC0007848,2016-03-16 14:33:00,2016-03-21 10:14:00,2016-03-26 10:59:00,3 - moderate,2 - Medium,2 - Medium,category 53,Group 70,1,0,false,115.68333333333334,Breached SLA
INC0007849,2016-03-16 14:33:00,2016-03-29 16:21:00,2016-04-03 16:59:00,3 - moderate,2 - Medium,2 - Medium,category 61,Group 73,1,0,false,313.8,Breached SLA
INC0007853,2016-03-16 14:36:00,2016-03-21 16:29:00,2016-03-26 16:59:00,3 - moderate,2 - Medium,2 - Medium,category 20,Group 20,3,0,false,121.88333333333334,Breached SLA
INC0007858,2016-03-16 14:44:00,2016-03-22 14:45:00,2016-03-27 14:59:00,3 - moderate,2 - Medium,2 - Medium,category 53,Group 29,4,0,false,144.01666666666668,Breached SLA
INC0007860,2016-03-16 14:46:00,2016-03-22 14:10:00,2016-03-27 14:59:00,3 - moderate,2 - Medium,2 - Medium,category 26,Group 70,1,0,false,143.4,Breached SLA
INC0007864,2016-03-16 14:53:00,2016-03-23 11:06:00,2016-03-28 11:59:00,3 - moderate,2 - Medium,2 - Medium,category 35,Group 70,1,0,false,164.21666666666667,Breached SLA
INC0007872,2016-03-16 15:01:00,2016-03-23 08:55:00,2016-03-28 08:59:00,3 - moderate,2 - Medium,2 - Medium,category 44,Group 70,2,0,false,161.9,Breached SLA
INC0007876,2016-03-16 15:03:00,2016-03-21 16:10:00,2016-03-26 16:59:00,3 - moderate,2 - Medium,2 - Medium,category 51,Group 24,3,0,false,121.11666666666666,Breached SLA
INC0007878,2016-03-16 15:04:00,2016-03-24 17:21:00,2016-03-29 17:59:00,3 - moderate,2 - Medium,2 - Medium,category 26,Group 20,4,0,false,194.28333333333333,Breached SLA
INC0007882,2016-03-16 15:06:00,2016-03-28 10:47:00,2016-04-02 10:59:00,3 - moderate,2 - Medium,2 - Medium,category 42,Group 57,2,0,false,283.68333333333334,Breached SLA
INC0007884,2016-03-16 15:07:00,2016-03-23 09:00:00,2016-03-28 09:59:00,3 - moderate,2 - Medium,2 - Medium,category 42,Group 70,1,0,false,161.88333333333333,Breached SLA
INC0007886,2016-03-16 15:10:00,2016-03-23 09:14:00,2016-03-28 09:59:00,3 - moderate,2 - Medium,2 - Medium,category 42,Group 6,2,0,false,162.06666666666666,Breached SLA
INC0007891,2016-03-16 15:12:00,2016-03-31 11:56:00,2016-04-05 11:59:00,3 - moderate,2 - Medium,2 - Medium,category 46,Group 15,1,0,false,356.73333333333335,Breached SLA
INC0007893,2016-03-16 15:17:00,2016-03-29 16:26:00,2016-04-03 16:59:00,3 - moderate,2 - Medium,2 - Medium,category 61,Group 73,1,0,false,313.15,Breached SLA
INC0007894,2016-03-16 15:19:00,2016-03-17 09:49:00,2016-03-24 19:01:00,3 - moderate,2 - Medium,2 - Medium,category 42,Group 39,1,0,false,18.5,Breached SLA
INC0007897,2016-03-16 15:23:00,2016-03-23 13:45:00,2016-03-28 13:59:00,3 - moderate,2 - Medium,2 - Medium,category 26,Group 54,4,0,false,166.36666666666667,Breached SLA
INC0007899,2016-03-16 15:24:00,2016-03-28 09:39:00,2016-04-02 09:59:00,3 - moderate,2 - Medium,2 - Medium,category 9,Group 25,0,0,false,282.25,Breached SLA
INC0007900,2016-03-16 15:27:00,2016-03-29 08:29:00,2016-04-03 08:59:00,3 - moderate,2 - Medium,2 - Medium,category 26,Group 70,10,0,false,305.03333333333336,Breached SLA
INC0007901,2016-03-16 15:28:00,2016-03-29 13:43:00,2016-04-03 13:59:00,3 - moderate,2 - Medium,2 - Medium,category 26,Group 24,2,0,false,310.25,Breached SLA
INC0007903,2016-03-16 15:32:00,2016-03-24 11:33:00,2016-03-29 11:59:00,3 - moderate,2 - Medium,2 - Medium,category 13,Group 55,7,0,false,188.01666666666668,Breached SLA
INC0007905,2016-03-16 15:36:00,2016-03-24 14:08:00,2016-03-29 14:59:00,3 - moderate,2 - Medium,2 - Medium,category 26,Group 70,2,0,false,190.53333333333333,Breached SLA
INC0007910,2016-03-16 15:45:00,2016-03-24 14:10:00,2016-03-29 14:59:00,3 - moderate,2 - Medium,2 - Medium,category 53,Group 70,1,0,false,190.41666666666666,Breached SLA
INC0007917,2016-03-16 15:56:00,2016-03-21 13:32:00,2016-03-26 13:59:00,2 - high,1 - High,2 - Medium,category 13,Group 70,1,0,false,117.6,Breached SLA
INC0007918,2016-03-16 15:57:00,2016-03-29 15:24:00,2016-04-03 15:59:00,3 - moderate,2 - Medium,2 - Medium,category 9,Group 72,1,0,false,311.45,Breached SLA
INC0007923,2016-03-16 16:07:00,2016-03-24 08:47:00,2016-03-29 08:59:00,3 - moderate,2 - Medium,2 - Medium,category 53,Group 28,1,0,false,184.66666666666666,Breached SLA
INC0007929,2016-03-16 16:14:00,2016-03-21 09:52:00,2016-03-26 09:59:00,3 - moderate,2 - Medium,2 - Medium,category 34,Group 28,1,0,false,113.63333333333334,Breached SLA
INC0007930,2016-03-16 16:14:00,2016-03-23 08:22:00,2016-03-28 08:59:00,3 - moderate,2 - Medium,2 - Medium,category 61,Group 73,1,0,false,160.13333333333333,Breached SLA
INC0007933,2016-03-16 16:17:00,2016-03-21 16:44:00,2016-03-26 16:59:00,3 - moderate,2 - Medium,2 - Medium,category 19,Group 24,3,0,false,120.45,Breached SLA
INC0007936,2016-03-16 16:24:00,2016-03-23 03:42:00,2016-03-28 03:59:00,3 - moderate,2 - Medium,2 - Medium,category 46,Group 70,1,0,false,155.3,Breached SLA
INC0007938,2016-03-16 16:28:00,2016-03-23 09:32:00,2016-03-28 09:59:00,3 - moderate,2 - Medium,2 - Medium,category 19,Group 25,0,0,false,161.06666666666666,Breached SLA
INC0007941,2016-03-16 16:32:00,2016-03-16 16:39:00,2016-05-23 11:07:00,3 - moderate,2 - Medium,2 - Medium,category 23,Group 20,0,0,false,0.11666666666666667,Breached SLA
INC0007944,2016-03-16 16:34:00,2016-03-23 10:29:00,2016-03-28 10:59:00,3 - moderate,2 - Medium,2 - Medium,category 26,Group 20,2,0,false,161.91666666666666,Breached SLA
INC0007949,2016-03-16 16:42:00,2016-03-24 09:33:00,2016-03-29 09:59:00,3 - moderate,2 - Medium,2 - Medium,category 46,Group 64,0,0,false,184.85,Breached SLA
INC0007950,2016-03-16 16:44:00,2016-03-29 14:10:00,2016-04-03 14:59:00,3 - moderate,2 - Medium,2 - Medium,category 51,Group 70,6,0,false,309.43333333333334,Breached SLA
INC0007953,2016-03-16 16:49:00,2016-03-21 10:37:00,2016-03-26 10:59:00,3 - moderate,2 - Medium,2 - Medium,category 26,Group 70,1,0,false,113.8,Breached SLA
INC0007956,2016-03-16 16:52:00,2016-03-24 11:27:00,2016-03-29 11:59:00,3 - moderate,2 - Medium,2 - Medium,category 26,Group 20,1,0,false,186.58333333333334,Breached SLA
INC0007959,2016-03-16 16:54:00,2016-03-31 17:14:00,2016-04-05 17:59:00,3 - moderate,2 - Medium,2 - Medium,category 46,Group 37,0,0,false,360.3333333333333,Breached SLA
INC0007975,2016-03-16 17:08:00,2016-03-24 11:57:00,2016-03-29 11:59:00,3 - moderate,2 - Medium,2 - Medium,category 26,Group 20,3,0,false,186.81666666666666,Breached SLA
INC0007981,2016-03-16 17:19:00,2016-03-28 17:21:00,2016-04-02 17:59:00,3 - moderate,2 - Medium,2 - Medium,category 53,Group 23,3,0,false,288.03333333333336,Breached SLA
INC0007986,2016-03-16 17:27:00,2016-03-21 10:44:00,2016-03-26 10:59:00,3 - moderate,2 - Medium,2 - Medium,category 42,Group 70,1,0,false,113.28333333333333,Breached SLA
INC0007987,2016-03-16 17:28:00,2016-03-16 17:36:00,2016-05-23 11:07:00,3 - moderate,2 - Medium,2 - Medium,category 44,Group 5,0,0,false,0.13333333333333333,Breached SLA
INC0007988,2016-03-16 17:30:00,2016-03-21 08:42:00,2016-03-26 08:59:00,3 - moderate,2 - Medium,2 - Medium,category 46,Group 39,5,0,false,111.2,Breached SLA
INC0007989,2016-03-16 17:36:00,2016-03-23 08:51:00,2016-03-28 08:59:00,3 - moderate,2 - Medium,2 - Medium,category 34,Group 73,1,0,false,159.25,Breached SLA
INC0007997,2016-03-16 17:50:00,2016-03-28 13:30:00,2016-04-02 13:59:00,3 - moderate,2 - Medium,2 - Medium,category 53,Group 53,6,0,false,283.6666666666667,Breached SLA
INC0008000,2016-03-16 17:56:00,2016-03-28 08:18:00,2016-04-02 08:59:00,3 - moderate,2 - Medium,2 - Medium,category 34,Group 28,3,0,false,278.3666666666667,Breached SLA
INC0008001,2016-03-16 17:56:00,2016-03-24 14:23:00,2016-03-29 15:23:00,3 - moderate,2 - Medium,2 - Medium,category 26,Group 70,2,1,false,188.45,Breached SLA
INC0008002,2016-03-16 17:59:00,2016-03-29 14:13:00,2016-04-03 14:59:00,3 - moderate,2 - Medium,2 - Medium,category 42,Group 70,0,0,false,308.23333333333335,Breached SLA
INC0008009,2016-03-16 19:44:00,2016-03-23 08:26:00,2016-03-28 08:59:00,3 - moderate,2 - Medium,2 - Medium,category 46,Group 55,0,0,false,156.7,Breached SLA
INC0008010,2016-03-16 20:22:00,2016-03-29 08:34:00,2016-04-03 08:59:00,3 - moderate,2 - Medium,2 - Medium,category 40,Group 70,5,0,false,300.2,Breached SLA
INC0008011,2016-03-16 20:27:00,2016-03-23 09:23:00,2016-03-28 09:59:00,3 - moderate,2 - Medium,2 - Medium,category 26,Group 70,1,0,false,156.93333333333334,Breached SLA
INC0008012,2016-03-16 20:29:00,2016-03-23 09:28:00,2016-03-28 09:59:00,3 - moderate,2 - Medium,2 - Medium,category 26,Group 70,4,0,false,156.98333333333332,Breached SLA
INC0008015,2016-03-16 21:07:00,2016-03-22 09:27:00,2016-03-27 09:59:00,3 - moderate,2 - Medium,2 - Medium,category 53,Group 23,3,0,false,132.33333333333334,Breached SLA
INC0008017,2016-03-16 22:17:00,2016-03-22 09:12:00,2016-03-27 09:59:00,3 - moderate,2 - Medium,2 - Medium,category 23,Group 25,1,0,false,130.91666666666666,Breached SLA
INC0008018,2016-03-16 22:45:00,2016-03-29 16:39:00,2016-04-03 16:59:00,3 - moderate,2 - Medium,2 - Medium,category 61,Group 73,1,1,false,305.9,Breached SLA
INC0008022,2016-03-17 00:35:00,2016-03-24 11:13:00,2016-03-29 11:59:00,3 - moderate,2 - Medium,2 - Medium,category 46,Group 70,2,0,false,178.63333333333333,Breached SLA
INC0008023,2016-03-17 00:49:00,2016-03-23 14:42:00,2016-03-28 14:59:00,3 - moderate,2 - Medium,2 - Medium,category 57,Group 65,2,0,false,157.88333333333333,Breached SLA
INC0008036,2016-03-17 05:41:00,2016-03-23 14:42:00,2016-03-28 14:59:00,1 - critical,1 - High,1 - High,category 57,Group 65,0,0,false,153.01666666666668,Breached SLA
INC0008039,2016-03-17 06:10:00,2016-03-28 09:38:00,2016-04-02 09:59:00,3 - moderate,2 - Medium,2 - Medium,category 37,Group 48,4,0,false,267.46666666666664,Breached SLA
INC0008041,2016-03-17 06:38:00,2016-03-29 08:46:00,2016-04-03 08:59:00,3 - moderate,2 - Medium,2 - Medium,category 37,Group 48,1,0,false,290.1333333333333,Breached SLA
INC0008051,2016-03-17 07:43:00,2016-03-23 11:15:00,2016-03-28 11:59:00,3 - moderate,2 - Medium,2 - Medium,category 53,Group 70,1,0,false,147.53333333333333,Breached SLA
INC0008053,2016-03-17 07:47:00,2016-03-21 10:19:00,2016-03-26 10:59:00,3 - moderate,2 - Medium,2 - Medium,category 53,Group 70,1,0,false,98.53333333333333,Breached SLA
INC0008057,2016-03-17 07:49:00,2016-03-21 07:47:00,2016-03-26 07:59:00,3 - moderate,2 - Medium,2 - Medium,category 51,Group 64,0,0,false,95.96666666666667,Breached SLA
INC0008058,2016-03-17 07:51:00,2016-03-29 14:47:00,2016-04-03 14:59:00,3 - moderate,2 - Medium,2 - Medium,category 57,Group 70,1,0,false,294.93333333333334,Breached SLA
INC0008059,2016-03-17 07:53:00,2016-03-23 14:57:00,2016-03-28 14:59:00,3 - moderate,2 - Medium,2 - Medium,category 57,Group 65,2,0,false,151.06666666666666,Breached SLA
INC0008062,2016-03-17 08:02:00,2016-03-22 09:29:00,2016-03-27 09:59:00,3 - moderate,2 - Medium,2 - Medium,category 37,Group 49,2,0,false,121.45,Breached SLA
INC0008065,2016-03-17 08:04:00,2016-03-21 16:21:00,2016-03-26 16:59:00,3 - moderate,2 - Medium,2 - Medium,category 53,Group 70,1,0,false,104.28333333333333,Breached SLA
INC0008066,2016-03-17 08:04:00,2016-03-29 14:57:00,2016-04-03 14:59:00,3 - moderate,2 - Medium,2 - Medium,category 23,Group 70,1,0,false,294.8833333333333,Breached SLA
INC0008067,2016-03-17 08:14:00,2016-03-29 16:32:00,2016-04-03 16:59:00,3 - moderate,2 - Medium,2 - Medium,category 61,Group 73,1,0,false,296.3,Breached SLA
INC0008079,2016-03-17 08:32:00,2016-03-24 12:36:00,2016-03-29 12:59:00,3 - moderate,2 - Medium,2 - Medium,category 53,Group 70,4,0,false,172.06666666666666,Breached SLA
INC0008080,2016-03-17 08:33:00,2016-03-24 17:58:00,2016-03-29 17:59:00,3 - moderate,2 - Medium,2 - Medium,category 26,Group 70,4,0,false,177.41666666666666,Breached SLA
INC0008083,2016-03-17 08:38:00,2016-03-24 13:31:00,2016-03-29 13:59:00,3 - moderate,2 - Medium,2 - Medium,category 26,Group 70,4,1,false,172.88333333333333,Breached SLA
INC0008093,2016-03-17 08:43:00,2016-03-22 12:35:00,2016-03-27 12:59:00,3 - moderate,2 - Medium,2 - Medium,category 61,Group 73,1,0,false,123.86666666666666,Breached SLA
INC0008094,2016-03-17 08:45:00,2016-03-29 16:22:00,2016-04-03 16:59:00,2 - high,1 - High,2 - Medium,category 26,Group 54,9,0,false,295.6166666666667,Breached SLA
INC0008097,2016-03-17 08:46:00,2016-03-23 11:36:00,2016-03-28 11:59:00,3 - moderate,2 - Medium,2 - Medium,category 9,Group 25,1,0,false,146.83333333333334,Breached SLA
INC0008108,2016-03-17 08:56:00,2016-03-17 19:21:00,2016-03-24 19:01:00,2 - high,1 - High,2 - Medium,category 51,Group 70,1,0,false,10.416666666666666,Breached SLA
INC0008114,2016-03-17 09:02:00,2016-03-17 15:46:00,2016-03-22 16:01:00,1 - critical,1 - High,1 - High,category 46,Group 15,2,0,false,6.733333333333333,Breached SLA
INC0008119,2016-03-17 09:04:00,2016-03-24 11:37:00,2016-03-29 11:59:00,3 - moderate,2 - Medium,2 - Medium,category 20,Group 70,2,0,false,170.55,Breached SLA
INC0008129,2016-03-17 09:15:00,2016-03-28 08:37:00,2016-04-01 12:13:00,3 - moderate,2 - Medium,2 - Medium,category 61,Group 65,6,0,false,263.3666666666667,Breached SLA
INC0008131,2016-03-17 09:16:00,2016-03-24 15:45:00,2016-03-29 15:59:00,3 - moderate,2 - Medium,2 - Medium,category 57,Group 33,1,0,false,174.48333333333332,Breached SLA
INC0008132,2016-03-17 09:17:00,2016-03-22 10:46:00,2016-03-27 10:59:00,3 - moderate,2 - Medium,2 - Medium,category 26,Group 70,1,0,false,121.48333333333333,Breached SLA
INC0008134,2016-03-17 09:19:00,2016-03-21 09:40:00,2016-03-26 09:59:00,3 - moderate,2 - Medium,2 - Medium,category 20,Group 70,1,0,false,96.35,Breached SLA
INC0008135,2016-03-17 09:21:00,2016-03-24 13:40:00,2016-03-29 13:59:00,3 - moderate,2 - Medium,2 - Medium,category 53,,0,0,false,172.31666666666666,Breached SLA
INC0008138,2016-03-17 09:23:00,2016-03-29 15:10:00,2016-04-03 15:59:00,3 - moderate,2 - Medium,2 - Medium,category 26,Group 70,2,0,false,293.78333333333336,Breached SLA
INC0008139,2016-03-17 09:23:00,2016-03-24 11:18:00,2016-03-29 11:59:00,3 - moderate,2 - Medium,2 - Medium,category 32,Group 70,3,0,false,169.91666666666666,Breached SLA
INC0008145,2016-03-17 09:27:00,2016-03-24 18:43:00,2016-03-29 18:59:00,3 - moderate,2 - Medium,2 - Medium,category 53,Group 70,4,0,false,177.26666666666668,Breached SLA
INC0008147,2016-03-17 09:28:00,2016-03-23 11:36:00,2016-03-28 11:59:00,3 - moderate,2 - Medium,2 - Medium,category 26,Group 25,1,1,false,146.13333333333333,Breached SLA
INC0008148,2016-03-17 09:29:00,2016-03-24 14:04:00,2016-03-29 14:59:00,3 - moderate,2 - Medium,2 - Medium,category 35,Group 70,4,0,false,172.58333333333334,Breached SLA
INC0008162,2016-03-17 09:39:00,2016-03-31 12:28:00,2016-04-05 12:59:00,3 - moderate,2 - Medium,2 - Medium,category 53,Group 70,4,0,false,338.81666666666666,Breached SLA
INC0008171,2016-03-17 09:47:00,2016-03-18 10:21:00,2016-03-24 19:02:00,2 - high,1 - High,2 - Medium,category 26,Group 30,2,0,false,24.566666666666666,Breached SLA
INC0008174,2016-03-17 09:48:00,2016-03-24 14:39:00,2016-03-29 14:59:00,3 - moderate,2 - Medium,2 - Medium,category 26,Group 28,2,0,false,172.85,Breached SLA
INC0008179,2016-03-17 09:54:00,2016-03-29 16:09:00,2016-04-03 16:59:00,3 - moderate,2 - Medium,2 - Medium,category 61,Group 73,1,0,false,294.25,Breached SLA
INC0008180,2016-03-17 09:54:00,2016-03-22 15:23:00,2016-03-27 15:59:00,3 - moderate,2 - Medium,2 - Medium,category 37,Group 48,1,0,false,125.48333333333333,Breached SLA
INC0008183,2016-03-17 09:58:00,2016-03-30 09:11:00,2016-04-04 09:59:00,3 - moderate,2 - Medium,2 - Medium,category 24,Group 24,1,0,false,311.21666666666664,Breached SLA
INC0008184,2016-03-17 09:59:00,2016-03-29 08:47:00,2016-04-03 08:59:00,3 - moderate,2 - Medium,2 - Medium,category 37,Group 48,3,0,false,286.8,Breached SLA
INC0008186,2016-03-17 10:01:00,2016-03-30 08:31:00,2016-04-04 08:59:00,3 - moderate,2 - Medium,2 - Medium,category 19,Group 61,0,0,false,310.5,Breached SLA
INC0008188,2016-03-17 10:05:00,2016-03-22 16:10:00,2016-03-27 16:59:00,3 - moderate,2 - Medium,2 - Medium,category 26,Group 28,3,0,false,126.08333333333333,Breached SLA
INC0008189,2016-03-17 10:05:00,2016-03-23 10:52:00,2016-03-28 10:59:00,3 - moderate,2 - Medium,2 - Medium,category 61,Group 74,2,0,false,144.78333333333333,Breached SLA
INC0008195,2016-03-17 10:07:00,2016-03-24 08:28:00,2016-03-29 08:59:00,3 - moderate,2 - Medium,2 - Medium,category 26,Group 27,7,0,false,166.35,Breached SLA
INC0008209,2016-03-17 10:25:00,2016-03-24 14:17:00,2016-03-29 14:59:00,3 - moderate,2 - Medium,2 - Medium,category 26,Group 70,1,0,false,171.86666666666667,Breached SLA
INC0008219,2016-03-17 10:30:00,2016-03-24 12:03:00,2016-03-29 12:59:00,3 - moderate,2 - Medium,2 - Medium,category 23,Group 25,3,0,false,169.55,Breached SLA
INC0008222,2016-03-17 10:32:00,2016-03-31 14:55:00,2016-04-05 14:59:00,3 - moderate,2 - Medium,2 - Medium,category 61,Group 73,1,0,false,340.3833333333333,Breached SLA
INC0008224,2016-03-17 10:34:00,2016-03-21 08:59:00,2016-03-26 08:59:00,3 - moderate,2 - Medium,2 - Medium,category 53,Group 30,0,0,false,94.41666666666667,Breached SLA
INC0008227,2016-03-17 10:37:00,2016-03-26 12:03:00,2016-03-31 12:59:00,3 - moderate,2 - Medium,2 - Medium,category 26,Group 20,1,0,false,217.43333333333334,Breached SLA
INC0008232,2016-03-17 10:41:00,2016-03-30 10:15:00,2016-04-04 10:59:00,3 - moderate,2 - Medium,2 - Medium,category 44,Group 39,10,0,false,311.56666666666666,Breached SLA
INC0008236,2016-03-17 10:43:00,2016-03-21 14:42:00,2016-03-26 14:59:00,3 - moderate,2 - Medium,2 - Medium,category 26,Group 24,1,0,false,99.98333333333333,Breached SLA
INC0008250,2016-03-17 10:57:00,2016-03-24 08:59:00,2016-03-29 08:59:00,1 - critical,1 - High,1 - High,category 42,Group 66,0,0,false,166.03333333333333,Breached SLA
INC0008251,2016-03-17 11:00:00,2016-03-24 15:46:00,2016-03-29 15:59:00,3 - moderate,2 - Medium,2 - Medium,category 34,Group 28,0,0,false,172.76666666666668,Breached SLA
INC0008254,2016-03-17 11:04:00,2016-03-30 12:53:00,2016-04-04 12:59:00,2 - high,2 - Medium,1 - High,category 44,Group 55,2,0,false,313.81666666666666,Breached SLA
INC0008263,2016-03-17 11:14:00,2016-03-29 15:17:00,2016-04-03 15:59:00,3 - moderate,2 - Medium,2 - Medium,category 26,Group 70,2,0,false,292.05,Breached SLA
INC0008274,2016-03-17 11:32:00,2016-03-22 18:56:00,2016-03-27 18:59:00,3 - moderate,2 - Medium,2 - Medium,category 9,Group 29,1,0,false,127.4,Breached SLA
INC0008276,2016-03-17 11:33:00,2016-03-29 14:15:00,2016-04-03 14:59:00,3 - moderate,2 - Medium,2 - Medium,category 32,Group 64,1,0,false,290.7,Breached SLA
INC0008278,2016-03-17 11:38:00,2016-03-29 13:41:00,2016-04-03 13:59:00,3 - moderate,2 - Medium,2 - Medium,category 9,Group 25,1,0,false,290.05,Breached SLA
INC0008289,2016-03-17 11:48:00,2016-03-24 09:02:00,2016-03-29 09:59:00,3 - moderate,2 - Medium,2 - Medium,category 61,Group 73,1,0,false,165.23333333333332,Breached SLA
INC0008291,2016-03-17 11:53:00,2016-03-28 15:48:00,2016-04-02 15:59:00,3 - moderate,2 - Medium,2 - Medium,category 24,Group 25,0,0,false,267.9166666666667,Breached SLA
INC0008295,2016-03-17 11:57:00,2016-03-22 16:21:00,2016-03-27 16:59:00,3 - moderate,2 - Medium,2 - Medium,category 34,Group 70,3,0,false,124.4,Breached SLA
INC0008299,2016-03-17 12:15:00,2016-03-21 10:38:00,2016-03-26 10:59:00,3 - moderate,2 - Medium,2 - Medium,category 42,Group 68,1,0,false,94.38333333333334,Breached SLA
INC0008301,2016-03-17 12:21:00,2016-03-31 09:35:00,2016-04-05 09:59:00,3 - moderate,2 - Medium,2 - Medium,category 46,Group 39,6,0,false,333.23333333333335,Breached SLA
INC0008309,2016-03-17 12:33:00,2016-03-30 09:57:00,2016-04-04 09:59:00,3 - moderate,2 - Medium,2 - Medium,category 61,Group 73,4,0,false,309.4,Breached SLA
INC0008319,2016-03-17 13:09:00,2016-03-23 15:31:00,2016-03-28 15:59:00,3 - moderate,2 - Medium,2 - Medium,category 9,Group 28,0,0,false,146.36666666666667,Breached SLA
INC0008323,2016-03-17 13:16:00,2016-03-24 09:01:00,2016-03-29 09:59:00,3 - moderate,2 - Medium,2 - Medium,category 46,Group 39,1,0,false,163.75,Breached SLA
INC0008325,2016-03-17 13:20:00,2016-03-29 17:10:00,2016-04-03 17:59:00,3 - moderate,2 - Medium,2 - Medium,category 26,Group 20,7,0,false,291.8333333333333,Breached SLA
INC0008328,2016-03-17 13:25:00,2016-03-24 12:23:00,2016-03-29 12:59:00,3 - moderate,2 - Medium,2 - Medium,category 61,Group 54,2,0,false,166.96666666666667,Breached SLA
INC0008347,2016-03-17 13:56:00,2016-03-21 16:18:00,2016-03-26 16:59:00,3 - moderate,2 - Medium,2 - Medium,category 42,Group 21,1,0,false,98.36666666666666,Breached SLA
INC0008348,2016-03-17 13:57:00,2016-03-28 14:10:00,2016-04-02 14:59:00,3 - moderate,2 - Medium,2 - Medium,category 46,Group 57,0,0,false,264.21666666666664,Breached SLA
INC0008352,2016-03-17 14:04:00,2016-03-22 12:01:00,2016-03-27 12:59:00,3 - moderate,2 - Medium,2 - Medium,category 8,Group 53,1,0,false,117.95,Breached SLA
INC0008355,2016-03-17 14:08:00,2016-03-22 18:36:00,2016-03-27 18:59:00,3 - moderate,2 - Medium,2 - Medium,category 9,Group 29,2,0,false,124.46666666666667,Breached SLA
INC0008356,2016-03-17 14:11:00,2016-03-25 10:01:00,2016-03-30 11:45:00,3 - moderate,2 - Medium,2 - Medium,category 20,Group 70,1,0,false,187.83333333333334,Breached SLA
INC0008357,2016-03-17 14:13:00,2016-03-21 15:21:00,2016-03-26 15:59:00,3 - moderate,2 - Medium,2 - Medium,category 53,Group 70,1,0,false,97.13333333333334,Breached SLA
INC0008358,2016-03-17 14:17:00,2016-03-22 12:36:00,2016-03-27 12:59:00,3 - moderate,2 - Medium,2 - Medium,category 61,Group 74,1,0,false,118.31666666666666,Breached SLA
INC0008360,2016-03-17 14:22:00,2016-03-22 17:06:00,2016-03-27 17:59:00,1 - critical,1 - High,1 - High,category 42,Group 3,0,0,false,122.73333333333333,Breached SLA
INC0008361,2016-03-17 14:23:00,2016-03-28 10:35:00,2016-04-02 10:59:00,3 - moderate,2 - Medium,2 - Medium,category 13,Group 23,5,0,false,260.2,Breached SLA
INC0008366,2016-03-17 14:26:00,2016-03-24 11:30:00,2016-03-29 11:59:00,3 - moderate,2 - Medium,2 - Medium,category 26,Group 29,2,0,false,165.06666666666666,Breached SLA
INC0008369,2016-03-17 14:29:00,2016-03-29 16:25:00,2016-04-03 16:59:00,3 - moderate,2 - Medium,2 - Medium,category 61,Group 73,1,0,false,289.93333333333334,Breached SLA
INC0008370,2016-03-17 14:30:00,2016-03-29 09:26:00,2016-04-03 09:59:00,3 - moderate,2 - Medium,2 - Medium,category 9,Group 27,1,0,false,282.93333333333334,Breached SLA
INC0008371,2016-03-17 14:30:00,2016-03-28 09:58:00,2016-04-02 09:59:00,3 - moderate,2 - Medium,2 - Medium,category 28,Group 76,2,0,false,259.46666666666664,Breached SLA
INC0008375,2016-03-17 14:32:00,2016-03-22 09:24:00,2016-03-27 09:59:00,3 - moderate,2 - Medium,2 - Medium,category 57,Group 27,4,0,false,114.86666666666666,Breached SLA
INC0008376,2016-03-17 14:34:00,2016-03-29 16:23:00,2016-04-03 16:59:00,3 - moderate,2 - Medium,2 - Medium,category 61,Group 73,1,0,false,289.81666666666666,Breached SLA
INC0008381,2016-03-17 14:43:00,2016-03-29 16:24:00,2016-04-03 16:59:00,3 - moderate,2 - Medium,2 - Medium,category 61,Group 73,1,0,false,289.68333333333334,Breached SLA
INC0008383,2016-03-17 14:44:00,2016-03-24 15:36:00,2016-03-29 15:59:00,3 - moderate,2 - Medium,2 - Medium,category 53,Group 70,4,0,false,168.86666666666667,Breached SLA
INC0008385,2016-03-17 14:45:00,2016-03-22 09:17:00,2016-03-27 09:59:00,3 - moderate,2 - Medium,2 - Medium,category 32,Group 39,1,0,false,114.53333333333333,Breached SLA
INC0008388,2016-03-17 14:50:00,2016-03-17 14:58:00,2016-05-23 11:07:00,3 - moderate,2 - Medium,2 - Medium,category 44,Group 5,0,0,false,0.13333333333333333,Breached SLA
INC0008389,2016-03-17 14:51:00,2016-03-30 16:27:00,2016-04-04 16:59:00,3 - moderate,2 - Medium,2 - Medium,category 53,Group 24,4,0,false,313.6,Breached SLA
INC0008396,2016-03-17 15:02:00,2016-03-17 17:51:00,2016-03-22 18:01:00,3 - moderate,2 - Medium,2 - Medium,category 19,Group 21,3,0,false,2.816666666666667,Breached SLA
INC0008397,2016-03-17 15:04:00,2016-03-31 08:29:00,2016-04-05 08:59:00,3 - moderate,2 - Medium,2 - Medium,category 53,Group 70,1,0,false,329.4166666666667,Breached SLA
INC0008401,2016-03-17 15:08:00,2016-03-29 14:06:00,2016-04-03 14:59:00,3 - moderate,2 - Medium,2 - Medium,category 24,Group 28,0,0,false,286.96666666666664,Breached SLA
INC0008408,2016-03-17 15:18:00,2016-03-29 15:43:00,2016-04-03 15:59:00,3 - moderate,2 - Medium,2 - Medium,category 26,Group 70,2,0,false,288.4166666666667,Breached SLA
INC0008417,2016-03-17 15:31:00,2016-03-17 15:36:00,2016-05-23 11:07:00,3 - moderate,2 - Medium,2 - Medium,category 44,Group 5,0,0,false,0.08333333333333333,Breached SLA
INC0008419,2016-03-17 15:35:00,2016-03-24 12:15:00,2016-03-29 12:59:00,3 - moderate,2 - Medium,2 - Medium,category 61,Group 54,2,0,false,164.66666666666666,Breached SLA
INC0008429,2016-03-17 15:53:00,2016-03-29 15:46:00,2016-04-03 15:59:00,3 - moderate,2 - Medium,2 - Medium,category 23,Group 70,1,0,false,287.8833333333333,Breached SLA
INC0008431,2016-03-17 15:55:00,2016-03-30 14:16:00,2016-03-31 15:18:00,3 - moderate,2 - Medium,2 - Medium,category 45,Group 58,7,0,false,310.35,Breached SLA
INC0008436,2016-03-17 16:14:00,2016-03-24 12:01:00,2016-03-29 12:59:00,3 - moderate,2 - Medium,2 - Medium,category 40,Group 70,5,0,false,163.78333333333333,Breached SLA
INC0008437,2016-03-17 16:16:00,2016-03-31 08:36:00,2016-04-05 08:59:00,3 - moderate,2 - Medium,2 - Medium,category 24,Group 27,2,0,false,328.3333333333333,Breached SLA
INC0008439,2016-03-17 16:18:00,2016-03-24 13:47:00,2016-03-29 13:59:00,3 - moderate,2 - Medium,2 - Medium,category 9,Group 30,0,0,false,165.48333333333332,Breached SLA
INC0008441,2016-03-17 16:24:00,2016-03-31 16:50:00,2016-04-05 16:59:00,3 - moderate,2 - Medium,2 - Medium,category 9,Group 25,1,1,false,336.43333333333334,Breached SLA
INC0008451,2016-03-17 16:38:00,2016-03-29 15:49:00,2016-04-03 15:59:00,2 - high,1 - High,2 - Medium,category 26,Group 70,2,0,false,287.18333333333334,Breached SLA
INC0008455,2016-03-17 16:44:00,2016-03-30 14:59:00,2016-04-04 15:59:00,3 - moderate,2 - Medium,2 - Medium,category 53,Group 70,7,0,false,310.25,Breached SLA
INC0008461,2016-03-17 16:53:00,2016-03-31 15:22:00,2016-04-05 15:59:00,3 - moderate,2 - Medium,2 - Medium,category 53,Group 27,1,0,false,334.48333333333335,Breached SLA
INC0008467,2016-03-17 17:06:00,2016-03-30 16:30:00,2016-04-04 16:59:00,3 - moderate,2 - Medium,2 - Medium,category 46,Group 37,1,0,false,311.4,Breached SLA
INC0008477,2016-03-17 17:24:00,2016-03-24 10:46:00,2016-03-29 10:59:00,3 - moderate,2 - Medium,2 - Medium,category 42,Group 25,4,0,false,161.36666666666667,Breached SLA
INC0008479,2016-03-17 17:28:00,2016-03-24 15:18:00,2016-03-29 15:59:00,3 - moderate,2 - Medium,2 - Medium,category 46,Group 57,0,0,false,165.83333333333334,Breached SLA
INC0008480,2016-03-17 17:30:00,2016-03-17 17:37:00,2016-05-23 11:07:00,3 - moderate,2 - Medium,2 - Medium,category 23,Group 20,0,0,false,0.11666666666666667,Breached SLA
INC0008490,2016-03-17 18:05:00,2016-03-31 10:58:00,2016-04-05 10:59:00,3 - moderate,2 - Medium,2 - Medium,category 46,Group 57,0,0,false,328.8833333333333,Breached SLA
INC0008492,2016-03-17 18:09:00,2016-03-17 18:11:00,2016-05-23 11:07:00,3 - moderate,2 - Medium,2 - Medium,category 44,Group 5,0,0,false,0.03333333333333333,Breached SLA
INC0008499,2016-03-17 20:03:00,2016-03-31 16:46:00,2016-04-01 12:13:00,3 - moderate,2 - Medium,2 - Medium,category 57,Group 65,0,0,false,332.71666666666664,Breached SLA
INC0008500,2016-03-17 20:14:00,2016-03-29 15:54:00,2016-04-03 15:59:00,3 - moderate,2 - Medium,2 - Medium,category 28,Group 70,6,0,false,283.6666666666667,Breached SLA
INC0008521,2016-03-18 06:25:00,2016-03-18 06:29:00,2016-05-23 11:07:00,3 - moderate,2 - Medium,2 - Medium,category 44,Group 5,0,0,false,0.06666666666666667,Breached SLA
INC0008522,2016-03-18 06:48:00,2016-03-29 11:15:00,2016-04-03 11:59:00,3 - moderate,2 - Medium,2 - Medium,category 23,Group 70,3,0,false,268.45,Breached SLA
INC0008534,2016-03-18 07:26:00,2016-03-28 15:41:00,2016-04-02 15:59:00,3 - moderate,2 - Medium,2 - Medium,category 23,Group 25,1,0,false,248.25,Breached SLA
INC0008538,2016-03-18 07:39:00,2016-03-30 09:54:00,2016-04-04 09:59:00,3 - moderate,2 - Medium,2 - Medium,category 13,Group 70,1,0,false,290.25,Breached SLA
INC0008543,2016-03-18 08:03:00,2016-03-29 13:22:00,2016-04-03 13:59:00,3 - moderate,2 - Medium,2 - Medium,category 24,Group 24,4,0,false,269.31666666666666,Breached SLA
INC0008545,2016-03-18 08:10:00,2016-03-24 10:17:00,2016-03-29 10:59:00,3 - moderate,2 - Medium,2 - Medium,category 26,Group 70,1,0,false,146.11666666666667,Breached SLA
INC0008549,2016-03-18 08:18:00,2016-03-29 08:48:00,2016-04-03 08:59:00,3 - moderate,2 - Medium,2 - Medium,category 37,Group 48,1,0,false,264.5,Breached SLA
INC0008562,2016-03-18 08:31:00,2016-03-29 08:49:00,2016-04-03 08:59:00,3 - moderate,2 - Medium,2 - Medium,category 37,Group 48,1,0,false,264.3,Breached SLA
INC0008568,2016-03-18 08:36:00,2016-03-31 10:22:00,2016-04-05 10:59:00,3 - moderate,2 - Medium,2 - Medium,category 53,Group 70,1,0,false,313.76666666666665,Breached SLA
INC0008576,2016-03-18 08:52:00,2016-03-25 10:43:00,2016-03-30 10:59:00,3 - moderate,2 - Medium,2 - Medium,category 9,Group 70,1,0,false,169.85,Breached SLA
INC0008577,2016-03-18 08:53:00,2016-03-24 10:15:00,2016-03-29 10:59:00,3 - moderate,2 - Medium,2 - Medium,category 61,Group 73,1,0,false,145.36666666666667,Breached SLA
INC0008585,2016-03-18 09:05:00,2016-03-25 10:45:00,2016-03-30 10:59:00,3 - moderate,2 - Medium,2 - Medium,category 26,Group 70,1,0,false,169.66666666666666,Breached SLA
INC0008598,2016-03-18 09:17:00,2016-03-28 10:25:00,2016-04-02 10:59:00,1 - critical,1 - High,1 - High,category 46,Group 37,0,0,false,241.13333333333333,Breached SLA
INC0008605,2016-03-18 09:21:00,2016-03-24 15:38:00,2016-03-29 15:59:00,3 - moderate,2 - Medium,2 - Medium,category 26,Group 70,4,0,false,150.28333333333333,Breached SLA
INC0008607,2016-03-18 09:23:00,2016-03-25 08:49:00,2016-03-30 08:59:00,3 - moderate,2 - Medium,2 - Medium,category 26,Group 70,1,0,false,167.43333333333334,Breached SLA
INC0008611,2016-03-18 09:27:00,2016-03-24 12:08:00,2016-03-29 12:59:00,3 - moderate,2 - Medium,2 - Medium,category 20,Group 70,4,0,false,146.68333333333334,Breached SLA
INC0008614,2016-03-18 09:31:00,2016-03-29 11:47:00,2016-04-03 11:59:00,3 - moderate,2 - Medium,2 - Medium,category 26,Group 70,1,0,false,266.26666666666665,Breached SLA
INC0008618,2016-03-18 09:33:00,2016-03-18 09:41:00,2016-05-23 11:07:00,3 - moderate,2 - Medium,2 - Medium,category 23,Group 20,0,0,false,0.13333333333333333,Breached SLA
INC0008622,2016-03-18 09:37:00,2016-03-24 12:04:00,2016-03-29 12:59:00,3 - moderate,2 - Medium,2 - Medium,category 61,Group 73,1,0,false,146.45,Breached SLA
INC0008632,2016-03-18 09:45:00,2016-03-24 12:17:00,2016-03-29 12:59:00,3 - moderate,2 - Medium,2 - Medium,category 61,Group 54,2,0,false,146.53333333333333,Breached SLA
INC0008633,2016-03-18 09:48:00,2016-03-25 10:54:00,2016-03-30 10:59:00,3 - moderate,2 - Medium,2 - Medium,category 53,Group 70,1,0,false,169.1,Breached SLA
INC0008642,2016-03-18 09:54:00,2016-03-29 11:53:00,2016-04-03 11:59:00,3 - moderate,2 - Medium,2 - Medium,category 20,Group 70,6,0,false,265.98333333333335,Breached SLA
INC0008649,2016-03-18 09:59:00,2016-03-29 16:08:00,2016-04-03 16:59:00,3 - moderate,2 - Medium,2 - Medium,category 61,Group 73,1,0,false,270.15,Breached SLA
INC0008654,2016-03-18 10:07:00,2016-03-29 15:45:00,2016-04-03 15:59:00,3 - moderate,2 - Medium,2 - Medium,category 57,,0,0,false,269.6333333333333,Breached SLA
INC0008657,2016-03-18 10:10:00,2016-03-29 12:40:00,2016-04-03 12:59:00,3 - moderate,2 - Medium,2 - Medium,category 26,Group 70,1,0,false,266.5,Breached SLA
INC0008658,2016-03-18 10:12:00,2016-03-29 11:51:00,2016-04-03 11:59:00,3 - moderate,2 - Medium,2 - Medium,category 9,Group 24,0,0,false,265.65,Breached SLA
INC0008660,2016-03-18 10:12:00,2016-03-28 18:38:00,2016-04-02 18:59:00,3 - moderate,2 - Medium,2 - Medium,category 46,Group 22,2,0,false,248.43333333333334,Breached SLA
INC0008665,2016-03-18 10:17:00,2016-03-30 10:01:00,2016-04-04 10:59:00,3 - moderate,2 - Medium,2 - Medium,category 26,Group 70,1,0,false,287.73333333333335,Breached SLA
INC0008668,2016-03-18 10:20:00,2016-03-30 10:03:00,2016-04-04 10:59:00,3 - moderate,2 - Medium,2 - Medium,category 26,Group 70,1,0,false,287.71666666666664,Breached SLA
INC0008674,2016-03-18 10:25:00,2016-03-31 09:43:00,2016-04-01 12:13:00,3 - moderate,2 - Medium,2 - Medium,category 28,Group 65,1,0,false,311.3,Breached SLA
INC0008677,2016-03-18 10:29:00,2016-03-31 10:39:00,2016-04-05 10:59:00,3 - moderate,2 - Medium,2 - Medium,category 53,Group 70,1,0,false,312.1666666666667,Breached SLA
INC0008681,2016-03-18 10:33:00,2016-03-29 12:57:00,2016-04-03 12:59:00,3 - moderate,2 - Medium,2 - Medium,category 26,Group 70,1,0,false,266.4,Breached SLA
INC0008683,2016-03-18 10:34:00,2016-03-24 09:31:00,2016-03-29 09:59:00,3 - moderate,2 - Medium,2 - Medium,category 46,Group 64,0,0,false,142.95,Breached SLA
INC0008685,2016-03-18 10:37:00,2016-03-29 15:47:00,2016-04-03 15:59:00,3 - moderate,2 - Medium,2 - Medium,category 37,,0,0,false,269.1666666666667,Breached SLA
INC0008694,2016-03-18 10:47:00,2016-03-30 15:15:00,2016-04-04 15:59:00,3 - moderate,2 - Medium,2 - Medium,category 32,Group 70,4,0,false,292.46666666666664,Breached SLA
INC0008695,2016-03-18 10:47:00,2016-03-28 19:25:00,2016-04-02 19:59:00,3 - moderate,2 - Medium,2 - Medium,category 51,Group 70,2,0,false,248.63333333333333,Breached SLA
INC0008696,2016-03-18 10:48:00,2016-03-31 09:27:00,2016-04-05 09:59:00,3 - moderate,2 - Medium,2 - Medium,category 26,Group 70,7,0,false,310.65,Breached SLA
INC0008702,2016-03-18 10:51:00,2016-03-29 16:05:00,2016-04-03 16:59:00,3 - moderate,2 - Medium,2 - Medium,category 40,Group 70,1,0,false,269.23333333333335,Breached SLA
INC0008707,2016-03-18 10:56:00,2016-03-31 10:48:00,2016-04-05 10:59:00,3 - moderate,2 - Medium,2 - Medium,category 42,Group 70,3,0,false,311.8666666666667,Breached SLA
INC0008709,2016-03-18 10:59:00,2016-03-29 16:15:00,2016-04-03 16:59:00,3 - moderate,2 - Medium,2 - Medium,category 53,Group 70,1,0,false,269.26666666666665,Breached SLA
INC0008711,2016-03-18 11:00:00,2016-03-29 08:53:00,2016-04-03 08:59:00,3 - moderate,2 - Medium,2 - Medium,category 37,Group 48,2,0,false,261.8833333333333,Breached SLA
INC0008712,2016-03-18 11:02:00,2016-03-24 12:13:00,2016-03-29 12:59:00,3 - moderate,2 - Medium,2 - Medium,category 32,Group 70,1,0,false,145.18333333333334,Breached SLA
INC0008724,2016-03-18 11:14:00,2016-03-29 16:21:00,2016-04-03 16:59:00,3 - moderate,2 - Medium,2 - Medium,category 23,Group 70,2,0,false,269.1166666666667,Breached SLA
INC0008730,2016-03-18 11:21:00,2016-03-30 13:47:00,2016-04-04 13:59:00,3 - moderate,2 - Medium,2 - Medium,category 46,Group 55,3,0,false,290.43333333333334,Breached SLA
INC0008731,2016-03-18 11:23:00,2016-03-28 15:38:00,2016-04-02 15:59:00,3 - moderate,2 - Medium,2 - Medium,category 24,Group 25,1,0,false,244.25,Breached SLA
INC0008732,2016-03-18 11:24:00,2016-03-28 09:56:00,2016-04-02 09:59:00,3 - moderate,2 - Medium,2 - Medium,category 26,Group 25,2,0,false,238.53333333333333,Breached SLA
INC0008733,2016-03-18 11:25:00,2016-03-29 16:33:00,2016-04-03 16:59:00,3 - moderate,2 - Medium,2 - Medium,category 40,Group 70,4,0,false,269.1333333333333,Breached SLA
INC0008743,2016-03-18 11:35:00,2016-03-28 14:21:00,2016-04-02 14:59:00,3 - moderate,2 - Medium,2 - Medium,category 37,Group 70,1,0,false,242.76666666666668,Breached SLA
INC0008744,2016-03-18 11:37:00,2016-03-30 10:26:00,2016-04-04 10:59:00,3 - moderate,2 - Medium,2 - Medium,category 53,Group 70,2,0,false,286.81666666666666,Breached SLA
INC0008765,2016-03-18 12:02:00,2016-03-30 10:28:00,2016-04-04 10:59:00,2 - high,1 - High,2 - Medium,category 19,Group 70,2,0,false,286.43333333333334,Breached SLA
INC0008767,2016-03-18 12:04:00,2016-03-24 12:13:00,2016-03-29 12:59:00,3 - moderate,2 - Medium,2 - Medium,category 20,Group 25,1,0,false,144.15,Breached SLA
INC0008769,2016-03-18 12:06:00,2016-03-24 15:08:00,2016-03-29 15:59:00,3 - moderate,2 - Medium,2 - Medium,category 57,Group 70,4,0,false,147.03333333333333,Breached SLA
INC0008782,2016-03-18 12:50:00,2016-03-29 08:54:00,2016-04-03 08:59:00,3 - moderate,2 - Medium,2 - Medium,category 37,Group 48,1,0,false,260.06666666666666,Breached SLA
INC0008785,2016-03-18 13:00:00,2016-03-30 15:44:00,2016-04-04 15:59:00,3 - moderate,2 - Medium,2 - Medium,category 37,Group 29,4,0,false,290.73333333333335,Breached SLA
INC0008790,2016-03-18 13:08:00,2016-03-30 16:01:00,2016-04-04 16:59:00,3 - moderate,2 - Medium,2 - Medium,category 37,Group 24,3,0,false,290.8833333333333,Breached SLA
INC0008795,2016-03-18 13:20:00,2016-03-28 12:06:00,2016-04-02 12:59:00,3 - moderate,2 - Medium,2 - Medium,category 34,Group 27,1,0,false,238.76666666666668,Breached SLA
INC0008797,2016-03-18 13:22:00,2016-03-24 15:15:00,2016-03-29 15:59:00,3 - moderate,2 - Medium,2 - Medium,category 26,Group 70,1,0,false,145.88333333333333,Breached SLA
INC0008800,2016-03-18 13:29:00,2016-03-30 10:35:00,2016-04-04 10:59:00,3 - moderate,2 - Medium,2 - Medium,category 26,Group 70,1,0,false,285.1,Breached SLA
INC0008802,2016-03-18 13:32:00,2016-03-29 16:31:00,2016-04-03 16:59:00,3 - moderate,2 - Medium,2 - Medium,category 61,Group 73,1,0,false,266.98333333333335,Breached SLA
INC0008803,2016-03-18 13:33:00,2016-03-30 10:55:00,2016-04-04 10:59:00,3 - moderate,2 - Medium,2 - Medium,category 26,Group 70,1,0,false,285.3666666666667,Breached SLA
INC0008805,2016-03-18 13:40:00,2016-03-18 18:54:00,2016-03-24 19:02:00,2 - high,2 - Medium,1 - High,category 57,Group 53,1,0,false,5.233333333333333,Breached SLA
INC0008815,2016-03-18 13:57:00,2016-03-28 12:16:00,2016-04-02 12:59:00,3 - moderate,2 - Medium,2 - Medium,category 61,Group 74,1,0,false,238.31666666666666,Breached SLA
INC0008820,2016-03-18 14:08:00,2016-03-29 16:19:00,2016-04-03 16:59:00,3 - moderate,2 - Medium,2 - Medium,category 61,Group 73,1,0,false,266.18333333333334,Breached SLA
INC0008822,2016-03-18 14:13:00,2016-03-24 08:24:00,2016-03-29 08:59:00,3 - moderate,2 - Medium,2 - Medium,category 20,Group 70,1,0,false,138.18333333333334,Breached SLA
INC0008825,2016-03-18 14:17:00,2016-03-29 16:30:00,2016-04-03 16:59:00,3 - moderate,2 - Medium,2 - Medium,category 61,Group 73,1,0,false,266.21666666666664,Breached SLA
INC0008826,2016-03-18 14:18:00,2016-03-30 10:56:00,2016-04-04 10:59:00,3 - moderate,2 - Medium,2 - Medium,category 20,Group 70,1,0,false,284.6333333333333,Breached SLA
INC0008828,2016-03-18 14:20:00,2016-03-21 08:35:00,2016-03-29 10:59:00,3 - moderate,2 - Medium,2 - Medium,category 53,Group 66,1,0,false,66.25,Breached SLA
INC0008831,2016-03-18 14:24:00,2016-03-31 08:13:00,2016-04-05 08:59:00,3 - moderate,2 - Medium,2 - Medium,category 26,Group 73,2,0,false,305.81666666666666,Breached SLA
INC0008838,2016-03-18 14:32:00,2016-03-30 11:05:00,2016-04-04 11:59:00,3 - moderate,2 - Medium,2 - Medium,category 20,Group 70,1,0,false,284.55,Breached SLA
INC0008846,2016-03-18 14:36:00,2016-03-30 11:35:00,2016-04-04 11:59:00,3 - moderate,2 - Medium,2 - Medium,category 20,Group 70,1,0,false,284.98333333333335,Breached SLA
INC0008850,2016-03-18 14:43:00,2016-03-30 11:38:00,2016-04-04 11:59:00,3 - moderate,2 - Medium,2 - Medium,category 26,Group 70,4,0,false,284.9166666666667,Breached SLA
INC0008854,2016-03-18 14:50:00,2016-03-24 12:10:00,2016-03-29 12:59:00,3 - moderate,2 - Medium,2 - Medium,category 9,Group 29,1,0,false,141.33333333333334,Breached SLA
INC0008871,2016-03-18 15:08:00,2016-03-30 11:42:00,2016-04-04 11:59:00,3 - moderate,2 - Medium,2 - Medium,category 20,Group 70,1,0,false,284.56666666666666,Breached SLA
INC0008872,2016-03-18 15:10:00,2016-03-18 15:38:00,2016-05-23 11:07:00,3 - moderate,2 - Medium,2 - Medium,category 42,Group 3,0,0,false,0.4666666666666667,Breached SLA
INC0008874,2016-03-18 15:14:00,2016-03-31 10:59:00,2016-04-05 11:59:00,3 - moderate,2 - Medium,2 - Medium,category 42,Group 70,0,0,false,307.75,Breached SLA
INC0008876,2016-03-18 15:14:00,2016-03-30 11:46:00,2016-04-04 11:59:00,3 - moderate,2 - Medium,2 - Medium,category 23,Group 20,1,0,false,284.53333333333336,Breached SLA
INC0008887,2016-03-18 15:22:00,2016-03-24 17:55:00,2016-03-29 17:59:00,3 - moderate,2 - Medium,2 - Medium,category 53,Group 70,1,0,false,146.55,Breached SLA
INC0008895,2016-03-18 15:35:00,2016-03-29 16:28:00,2016-04-03 16:59:00,3 - moderate,2 - Medium,2 - Medium,category 61,Group 73,1,0,false,264.8833333333333,Breached SLA
INC0008896,2016-03-18 15:36:00,2016-03-29 13:00:00,2016-04-03 13:59:00,3 - moderate,2 - Medium,2 - Medium,category 35,Group 70,2,0,false,261.4,Breached SLA
INC0008897,2016-03-18 15:36:00,2016-03-30 12:01:00,2016-04-04 12:59:00,3 - moderate,2 - Medium,2 - Medium,category 57,Group 70,2,0,false,284.4166666666667,Breached SLA
INC0008898,2016-03-18 15:37:00,2016-03-24 17:13:00,2016-03-29 17:59:00,3 - moderate,2 - Medium,2 - Medium,category 24,Group 23,2,0,false,145.6,Breached SLA
INC0008899,2016-03-18 15:38:00,2016-03-30 12:02:00,2016-04-04 12:59:00,3 - moderate,2 - Medium,2 - Medium,category 26,Group 70,1,0,false,284.4,Breached SLA
INC0008901,2016-03-18 15:42:00,2016-03-28 08:15:00,2016-04-02 08:59:00,3 - moderate,2 - Medium,2 - Medium,category 53,Group 24,1,0,false,232.55,Breached SLA
INC0008906,2016-03-18 15:49:00,2016-03-31 11:02:00,2016-04-05 11:59:00,3 - moderate,2 - Medium,2 - Medium,category 53,,0,0,false,307.21666666666664,Breached SLA
INC0008907,2016-03-18 15:49:00,2016-03-28 14:20:00,2016-04-02 14:59:00,3 - moderate,2 - Medium,2 - Medium,category 37,Group 70,1,0,false,238.51666666666668,Breached SLA
INC0008925,2016-03-18 16:24:00,2016-03-31 11:10:00,2016-04-05 11:59:00,3 - moderate,2 - Medium,2 - Medium,category 28,Group 70,1,0,false,306.76666666666665,Breached SLA
INC0008927,2016-03-18 16:26:00,2016-03-28 15:12:00,2016-04-02 15:59:00,3 - moderate,2 - Medium,2 - Medium,category 42,Group 39,2,0,false,238.76666666666668,Breached SLA
INC0008929,2016-03-18 16:32:00,2016-03-31 11:29:00,2016-04-05 11:59:00,3 - moderate,2 - Medium,2 - Medium,category 35,Group 70,1,0,false,306.95,Breached SLA
INC0008930,2016-03-18 16:35:00,2016-03-29 08:57:00,2016-04-03 08:59:00,3 - moderate,2 - Medium,2 - Medium,category 37,Group 48,1,0,false,256.3666666666667,Breached SLA
INC0008934,2016-03-18 16:43:00,2016-03-21 14:08:00,2016-03-26 14:59:00,2 - high,1 - High,2 - Medium,category 42,Group 31,1,0,false,69.41666666666667,Breached SLA
INC0008939,2016-03-18 16:55:00,2016-03-21 11:22:00,2016-03-26 11:59:00,2 - high,1 - High,2 - Medium,category 37,Group 25,0,0,false,66.45,Breached SLA
INC0008962,2016-03-18 17:45:00,2016-03-30 13:34:00,2016-04-04 13:59:00,3 - moderate,2 - Medium,2 - Medium,category 46,Group 70,4,1,false,283.81666666666666,Breached SLA
INC0008963,2016-03-18 17:46:00,2016-03-31 11:38:00,2016-04-05 11:59:00,3 - moderate,2 - Medium,2 - Medium,category 26,Group 70,1,0,false,305.8666666666667,Breached SLA
INC0008981,2016-03-18 20:12:00,2016-03-28 08:56:00,2016-04-02 08:59:00,2 - high,1 - High,2 - Medium,category 37,Group 48,2,0,false,228.73333333333332,Breached SLA
INC0008987,2016-03-18 22:38:00,2016-03-18 22:56:00,2016-05-23 11:07:00,3 - moderate,2 - Medium,2 - Medium,category 23,Group 20,0,0,false,0.3,Breached SLA
INC0008991,2016-03-18 23:06:00,2016-03-28 14:34:00,2016-04-02 14:59:00,3 - moderate,2 - Medium,2 - Medium,category 46,,0,0,false,231.46666666666667,Breached SLA
INC0008999,2016-03-19 01:41:00,2016-03-29 08:26:00,2016-04-03 08:59:00,3 - moderate,2 - Medium,2 - Medium,category 37,Group 48,1,0,false,246.75,Breached SLA
INC0009015,2016-03-19 07:59:00,2016-03-19 12:27:00,2016-03-24 19:02:00,3 - moderate,2 - Medium,2 - Medium,category 57,Group 64,2,0,false,4.466666666666667,Breached SLA
INC0009017,2016-03-19 08:02:00,2016-03-29 16:25:00,2016-04-03 16:59:00,3 - moderate,2 - Medium,2 - Medium,category 20,Group 66,2,0,false,248.38333333333333,Breached SLA
INC0009026,2016-03-19 08:37:00,2016-03-19 08:46:00,2016-05-23 11:07:00,3 - moderate,2 - Medium,2 - Medium,category 57,Group 24,0,0,false,0.15,Breached SLA
INC0009028,2016-03-19 08:46:00,2016-03-31 11:50:00,2016-04-05 11:59:00,3 - moderate,2 - Medium,2 - Medium,category 26,Group 70,3,0,false,291.06666666666666,Breached SLA
INC0009029,2016-03-19 08:51:00,2016-03-31 15:26:00,2016-04-05 15:59:00,3 - moderate,2 - Medium,2 - Medium,category 63,Group 25,2,0,false,294.5833333333333,Breached SLA
INC0009074,2016-03-19 23:39:00,2016-03-28 14:12:00,2016-04-02 14:59:00,3 - moderate,2 - Medium,2 - Medium,category 32,Group 28,2,0,false,206.55,Breached SLA
INC0009080,2016-03-20 00:45:00,2016-03-31 12:06:00,2016-04-05 12:59:00,3 - moderate,2 - Medium,2 - Medium,category 46,Group 55,1,0,false,275.35,Breached SLA
INC0009109,2016-03-20 10:32:00,2016-03-22 15:15:00,2016-03-27 15:59:00,1 - critical,1 - High,1 - High,category 46,Group 12,1,0,false,52.71666666666667,Breached SLA
INC0009111,2016-03-20 10:37:00,2016-03-29 09:05:00,2016-04-03 09:59:00,3 - moderate,2 - Medium,2 - Medium,category 46,Group 24,3,0,false,214.46666666666667,Breached SLA
INC0009115,2016-03-20 11:50:00,2016-03-29 09:12:00,2016-04-03 09:59:00,3 - moderate,2 - Medium,2 - Medium,category 37,Group 48,1,0,false,213.36666666666667,Breached SLA
INC0009116,2016-03-20 11:56:00,2016-03-29 09:13:00,2016-04-03 09:59:00,3 - moderate,2 - Medium,2 - Medium,category 37,Group 48,1,0,false,213.28333333333333,Breached SLA
INC0009124,2016-03-20 15:06:00,2016-03-28 14:25:00,2016-04-02 14:59:00,3 - moderate,2 - Medium,2 - Medium,category 42,Group 70,4,0,false,191.31666666666666,Breached SLA
INC0009146,2016-03-21 00:28:00,2016-03-30 13:05:00,2016-04-04 13:59:00,3 - moderate,2 - Medium,2 - Medium,category 46,Group 55,3,0,false,228.61666666666667,Breached SLA
INC0009147,2016-03-21 00:46:00,2016-03-21 02:02:00,2016-03-26 02:59:00,2 - high,2 - Medium,1 - High,category 46,Group 70,2,0,false,1.2666666666666666,Breached SLA
INC0009148,2016-03-21 00:59:00,2016-03-31 14:02:00,2016-04-05 14:59:00,1 - critical,1 - High,1 - High,category 46,Group 57,3,0,false,253.05,Breached SLA
INC0009149,2016-03-21 01:00:00,2016-03-30 13:06:00,2016-04-04 13:59:00,3 - moderate,2 - Medium,2 - Medium,category 46,Group 55,1,0,false,228.1,Breached SLA
INC0009153,2016-03-21 01:38:00,2016-03-31 14:03:00,2016-04-05 14:59:00,1 - critical,1 - High,1 - High,category 46,Group 57,1,0,false,252.41666666666666,Breached SLA
INC0009172,2016-03-21 07:19:00,2016-03-30 09:14:00,2016-04-04 09:59:00,3 - moderate,2 - Medium,2 - Medium,category 20,Group 66,1,0,false,217.91666666666666,Breached SLA
INC0009181,2016-03-21 08:06:00,2016-03-30 17:03:00,2016-04-04 17:59:00,3 - moderate,2 - Medium,2 - Medium,category 46,Group 48,2,0,false,224.95,Breached SLA
INC0009187,2016-03-21 08:15:00,2016-03-28 14:30:00,2016-04-02 14:59:00,3 - moderate,2 - Medium,2 - Medium,category 24,Group 25,1,0,false,174.25,Breached SLA
INC0009204,2016-03-21 08:39:00,2016-03-29 15:28:00,2016-04-03 15:59:00,3 - moderate,2 - Medium,2 - Medium,category 26,Group 70,1,0,false,198.81666666666666,Breached SLA
INC0009205,2016-03-21 08:40:00,2016-03-29 16:33:00,2016-04-03 16:59:00,3 - moderate,2 - Medium,2 - Medium,category 26,Group 73,3,0,false,199.88333333333333,Breached SLA
INC0009212,2016-03-21 08:45:00,2016-03-21 08:59:00,2016-05-23 11:07:00,3 - moderate,2 - Medium,2 - Medium,category 43,Group 22,0,0,false,0.23333333333333334,Breached SLA
INC0009213,2016-03-21 08:45:00,2016-03-29 12:00:00,2016-04-03 12:59:00,3 - moderate,2 - Medium,2 - Medium,category 26,Group 70,1,0,false,195.25,Breached SLA
INC0009221,2016-03-21 08:54:00,2016-03-29 16:49:00,2016-04-03 16:59:00,3 - moderate,2 - Medium,2 - Medium,category 61,Group 73,1,0,false,199.91666666666666,Breached SLA
INC0009230,2016-03-21 09:03:00,2016-03-28 16:34:00,2016-04-02 16:59:00,3 - moderate,2 - Medium,2 - Medium,category 26,Group 70,1,0,false,175.51666666666668,Breached SLA
INC0009245,2016-03-21 09:14:00,2016-03-29 08:42:00,2016-04-03 08:59:00,3 - moderate,2 - Medium,2 - Medium,category 26,Group 70,1,0,false,191.46666666666667,Breached SLA
INC0009249,2016-03-21 09:16:00,2016-03-30 15:26:00,2016-04-04 15:59:00,3 - moderate,2 - Medium,2 - Medium,category 42,Group 22,2,0,false,222.16666666666666,Breached SLA
INC0009256,2016-03-21 09:24:00,2016-03-29 14:00:00,2016-04-03 14:59:00,3 - moderate,2 - Medium,2 - Medium,category 53,Group 70,1,0,false,196.6,Breached SLA
INC0009258,2016-03-21 09:25:00,2016-03-29 14:16:00,2016-04-03 14:59:00,3 - moderate,2 - Medium,2 - Medium,category 26,Group 70,1,0,false,196.85,Breached SLA
INC0009260,2016-03-21 09:29:00,2016-03-29 15:35:00,2016-04-03 15:59:00,3 - moderate,2 - Medium,2 - Medium,category 53,Group 70,3,0,false,198.1,Breached SLA
INC0009273,2016-03-21 09:37:00,2016-03-31 10:37:00,2016-04-05 10:59:00,3 - moderate,2 - Medium,2 - Medium,category 13,Group 24,9,0,false,241.0,Breached SLA
INC0009284,2016-03-21 09:43:00,2016-03-31 17:04:00,2016-04-05 17:59:00,3 - moderate,2 - Medium,2 - Medium,category 46,Group 15,1,0,false,247.35,Breached SLA
INC0009288,2016-03-21 09:46:00,2016-03-29 16:01:00,2016-04-03 16:59:00,3 - moderate,2 - Medium,2 - Medium,category 26,Group 70,1,0,false,198.25,Breached SLA
INC0009305,2016-03-21 09:56:00,2016-03-29 15:03:00,2016-04-03 15:59:00,3 - moderate,2 - Medium,2 - Medium,category 23,Group 72,1,0,false,197.11666666666667,Breached SLA
INC0009306,2016-03-21 09:56:00,2016-03-25 13:52:00,2016-03-30 13:59:00,3 - moderate,2 - Medium,2 - Medium,category 26,Group 24,2,0,false,99.93333333333334,Breached SLA
INC0009311,2016-03-21 10:01:00,2016-03-26 14:46:00,2016-03-31 14:59:00,3 - moderate,2 - Medium,2 - Medium,category 53,Group 20,2,0,false,124.75,Breached SLA
INC0009315,2016-03-21 10:04:00,2016-03-29 16:41:00,2016-04-03 16:59:00,3 - moderate,2 - Medium,2 - Medium,category 26,Group 23,6,0,false,198.61666666666667,Breached SLA
INC0009339,2016-03-21 10:29:00,2016-03-30 09:49:00,2016-04-04 09:59:00,3 - moderate,2 - Medium,2 - Medium,category 26,Group 25,2,0,false,215.33333333333334,Breached SLA
INC0009342,2016-03-21 10:31:00,2016-03-30 15:52:00,2016-04-04 15:59:00,3 - moderate,2 - Medium,2 - Medium,category 26,Group 70,5,1,false,221.35,Breached SLA
INC0009357,2016-03-21 10:41:00,2016-03-30 11:32:00,2016-04-04 11:59:00,3 - moderate,2 - Medium,2 - Medium,category 46,Group 57,1,0,false,216.85,Breached SLA
INC0009358,2016-03-21 10:41:00,2016-03-29 16:56:00,2016-04-03 16:59:00,3 - moderate,2 - Medium,2 - Medium,category 61,Group 73,1,0,false,198.25,Breached SLA
INC0009373,2016-03-21 10:54:00,2016-03-29 16:06:00,2016-04-03 16:59:00,3 - moderate,2 - Medium,2 - Medium,category 26,Group 70,1,0,false,197.2,Breached SLA
INC0009375,2016-03-21 10:56:00,2016-03-28 16:26:00,2016-04-02 16:59:00,3 - moderate,2 - Medium,2 - Medium,category 26,Group 25,2,0,false,173.5,Breached SLA
INC0009378,2016-03-21 10:59:00,2016-03-28 09:22:00,2016-04-02 09:59:00,3 - moderate,2 - Medium,2 - Medium,category 61,Group 73,1,0,false,166.38333333333333,Breached SLA
INC0009390,2016-03-21 11:16:00,2016-03-31 12:35:00,2016-04-05 12:59:00,3 - moderate,2 - Medium,2 - Medium,category 26,Group 70,1,0,false,241.31666666666666,Breached SLA
INC0009393,2016-03-21 11:19:00,2016-03-21 11:30:00,2016-05-23 11:07:00,3 - moderate,2 - Medium,2 - Medium,category 23,Group 20,0,0,false,0.18333333333333332,Breached SLA
INC0009403,2016-03-21 11:27:00,2016-03-30 14:18:00,2016-04-04 14:59:00,3 - moderate,2 - Medium,2 - Medium,category 46,Group 55,1,0,false,218.85,Breached SLA
INC0009419,2016-03-21 11:37:00,2016-03-30 09:37:00,2016-04-04 09:59:00,3 - moderate,2 - Medium,2 - Medium,category 26,Group 28,2,0,false,214.0,Breached SLA
INC0009426,2016-03-21 11:44:00,2016-03-28 19:03:00,2016-04-02 19:59:00,3 - moderate,2 - Medium,2 - Medium,category 32,Group 70,1,0,false,175.31666666666666,Breached SLA
INC0009427,2016-03-21 11:44:00,2016-03-29 16:26:00,2016-04-03 16:59:00,3 - moderate,2 - Medium,2 - Medium,category 23,Group 25,2,0,false,196.7,Breached SLA
INC0009438,2016-03-21 12:07:00,2016-03-28 18:40:00,2016-04-02 18:59:00,3 - moderate,2 - Medium,2 - Medium,category 53,Group 70,1,0,false,174.55,Breached SLA
INC0009439,2016-03-21 12:07:00,2016-03-31 08:36:00,2016-04-05 08:59:00,3 - moderate,2 - Medium,2 - Medium,category 61,Group 73,1,1,false,236.48333333333332,Breached SLA
INC0009446,2016-03-21 12:15:00,2016-03-31 09:18:00,2016-04-05 09:59:00,3 - moderate,2 - Medium,2 - Medium,category 9,Group 25,0,0,false,237.05,Breached SLA
INC0009461,2016-03-21 12:40:00,2016-03-28 16:25:00,2016-04-02 16:59:00,3 - moderate,2 - Medium,2 - Medium,category 46,Group 70,4,0,false,171.75,Breached SLA
INC0009466,2016-03-21 12:54:00,2016-03-31 14:03:00,2016-04-05 14:59:00,3 - moderate,2 - Medium,2 - Medium,category 9,,0,0,false,241.15,Breached SLA
INC0009472,2016-03-21 13:03:00,2016-03-29 17:09:00,2016-04-03 17:59:00,3 - moderate,2 - Medium,2 - Medium,category 61,Group 73,1,0,false,196.1,Breached SLA
INC0009473,2016-03-21 13:06:00,2016-03-31 14:11:00,2016-04-05 14:59:00,3 - moderate,2 - Medium,2 - Medium,category 57,Group 70,1,0,false,241.08333333333334,Breached SLA
INC0009474,2016-03-21 13:07:00,2016-03-29 15:53:00,2016-04-03 15:59:00,3 - moderate,2 - Medium,2 - Medium,category 23,Group 29,2,0,false,194.76666666666668,Breached SLA
INC0009476,2016-03-21 13:11:00,2016-03-29 09:14:00,2016-04-03 09:59:00,3 - moderate,2 - Medium,2 - Medium,category 37,Group 48,1,0,false,188.05,Breached SLA
INC0009495,2016-03-21 13:35:00,2016-03-29 09:15:00,2016-04-03 09:59:00,3 - moderate,2 - Medium,2 - Medium,category 37,Group 48,1,0,false,187.66666666666666,Breached SLA
INC0009498,2016-03-21 13:42:00,2016-03-29 16:50:00,2016-04-03 16:59:00,3 - moderate,2 - Medium,2 - Medium,category 26,Group 70,1,0,false,195.13333333333333,Breached SLA
INC0009501,2016-03-21 13:52:00,2016-03-30 12:09:00,2016-04-04 12:59:00,3 - moderate,2 - Medium,2 - Medium,category 53,,0,0,false,214.28333333333333,Breached SLA
INC0009503,2016-03-21 13:56:00,2016-03-28 18:57:00,2016-04-02 18:59:00,3 - moderate,2 - Medium,2 - Medium,category 42,Group 22,1,0,false,173.01666666666668,Breached SLA
INC0009506,2016-03-21 13:59:00,2016-03-29 16:44:00,2016-04-03 16:59:00,3 - moderate,2 - Medium,2 - Medium,category 42,Group 3,1,0,false,194.75,Breached SLA
INC0009517,2016-03-21 14:11:00,2016-03-31 09:47:00,2016-04-05 09:59:00,3 - moderate,2 - Medium,2 - Medium,category 9,Group 25,0,0,false,235.6,Breached SLA
INC0009527,2016-03-21 14:22:00,2016-03-29 15:43:00,2016-04-03 15:59:00,3 - moderate,2 - Medium,2 - Medium,category 9,Group 72,1,0,false,193.35,Breached SLA
INC0009530,2016-03-21 14:25:00,2016-03-29 16:42:00,2016-04-03 16:59:00,3 - moderate,2 - Medium,2 - Medium,category 26,Group 70,1,0,false,194.28333333333333,Breached SLA
INC0009535,2016-03-21 14:29:00,2016-03-23 07:57:00,2016-03-28 07:59:00,2 - high,1 - High,2 - Medium,category 17,Group 69,1,0,false,41.46666666666667,Breached SLA
INC0009539,2016-03-21 14:32:00,2016-03-29 10:18:00,2016-04-03 10:59:00,3 - moderate,2 - Medium,2 - Medium,category 53,Group 23,2,0,false,187.76666666666668,Breached SLA
INC0009551,2016-03-21 14:41:00,2016-03-29 13:37:00,2016-04-03 13:59:00,3 - moderate,2 - Medium,2 - Medium,category 53,Group 70,1,0,false,190.93333333333334,Breached SLA
INC0009563,2016-03-21 14:51:00,2016-03-30 08:27:00,2016-04-04 08:59:00,3 - moderate,2 - Medium,2 - Medium,category 42,Group 66,1,0,false,209.6,Breached SLA
INC0009570,2016-03-21 14:57:00,2016-03-30 08:26:00,2016-04-04 08:59:00,3 - moderate,2 - Medium,2 - Medium,category 42,Group 66,1,0,false,209.48333333333332,Breached SLA
INC0009571,2016-03-21 14:57:00,2016-03-29 02:39:00,2016-04-03 02:59:00,3 - moderate,2 - Medium,2 - Medium,category 24,Group 70,2,0,false,179.7,Breached SLA
INC0009576,2016-03-21 15:01:00,2016-03-30 08:24:00,2016-04-04 08:59:00,3 - moderate,2 - Medium,2 - Medium,category 42,Group 66,1,0,false,209.38333333333333,Breached SLA
INC0009580,2016-03-21 15:03:00,2016-03-30 14:14:00,2016-04-04 14:59:00,3 - moderate,2 - Medium,2 - Medium,category 42,Group 55,2,0,false,215.18333333333334,Breached SLA
INC0009583,2016-03-21 15:09:00,2016-03-30 08:16:00,2016-04-04 08:59:00,3 - moderate,2 - Medium,2 - Medium,category 42,Group 70,1,0,false,209.11666666666667,Breached SLA
INC0009586,2016-03-21 15:11:00,2016-03-29 09:16:00,2016-04-03 09:59:00,3 - moderate,2 - Medium,2 - Medium,category 37,Group 48,2,0,false,186.08333333333334,Breached SLA
INC0009597,2016-03-21 15:33:00,2016-03-28 14:43:00,2016-04-02 14:59:00,3 - moderate,2 - Medium,2 - Medium,category 42,Group 22,1,0,false,167.16666666666666,Breached SLA
INC0009604,2016-03-21 15:42:00,2016-03-28 15:29:00,2016-04-02 15:59:00,3 - moderate,2 - Medium,2 - Medium,category 23,Group 20,0,0,false,167.78333333333333,Breached SLA
INC0009608,2016-03-21 15:44:00,2016-03-30 17:29:00,2016-04-04 17:59:00,3 - moderate,2 - Medium,2 - Medium,category 57,Group 56,4,0,false,217.75,Breached SLA
INC0009613,2016-03-21 15:52:00,2016-03-30 09:56:00,2016-04-04 09:59:00,3 - moderate,2 - Medium,2 - Medium,category 32,Group 68,1,0,false,210.06666666666666,Breached SLA
INC0009614,2016-03-21 15:53:00,2016-03-30 09:39:00,2016-04-04 09:59:00,3 - moderate,2 - Medium,2 - Medium,category 26,Group 70,1,0,false,209.76666666666668,Breached SLA
INC0009626,2016-03-21 16:05:00,2016-03-30 09:14:00,2016-04-04 09:59:00,3 - moderate,2 - Medium,2 - Medium,category 32,Group 70,1,0,false,209.15,Breached SLA
INC0009627,2016-03-21 16:06:00,2016-03-28 10:15:00,2016-04-02 10:59:00,3 - moderate,2 - Medium,2 - Medium,category 61,Group 73,1,0,false,162.15,Breached SLA
INC0009633,2016-03-21 16:11:00,2016-03-30 09:47:00,2016-04-04 09:59:00,3 - moderate,2 - Medium,2 - Medium,category 26,Group 70,4,0,false,209.6,Breached SLA
INC0009635,2016-03-21 16:15:00,2016-03-30 12:17:00,2016-04-04 12:59:00,3 - moderate,2 - Medium,2 - Medium,category 26,Group 70,1,0,false,212.03333333333333,Breached SLA
INC0009638,2016-03-21 16:20:00,2016-03-29 16:58:00,2016-04-03 16:59:00,3 - moderate,2 - Medium,2 - Medium,category 34,Group 73,1,0,false,192.63333333333333,Breached SLA
INC0009640,2016-03-21 16:24:00,2016-03-30 17:21:00,2016-04-04 17:59:00,3 - moderate,2 - Medium,2 - Medium,category 46,Group 22,0,0,false,216.95,Breached SLA
INC0009641,2016-03-21 16:24:00,2016-03-31 14:22:00,2016-04-05 14:59:00,3 - moderate,2 - Medium,2 - Medium,category 53,,0,0,false,237.96666666666667,Breached SLA
INC0009643,2016-03-21 16:27:00,2016-03-28 13:03:00,2016-04-02 13:59:00,3 - moderate,2 - Medium,2 - Medium,category 34,Group 25,0,0,false,164.6,Breached SLA
INC0009650,2016-03-21 16:35:00,2016-03-30 10:19:00,2016-04-04 10:59:00,3 - moderate,2 - Medium,2 - Medium,category 26,Group 70,1,0,false,209.73333333333332,Breached SLA
INC0009653,2016-03-21 16:39:00,2016-03-31 14:20:00,2016-04-05 14:59:00,3 - moderate,2 - Medium,2 - Medium,category 46,Group 22,0,0,false,237.68333333333334,Breached SLA
INC0009668,2016-03-21 16:51:00,2016-03-30 13:54:00,2016-04-04 13:59:00,3 - moderate,2 - Medium,2 - Medium,category 42,Group 55,2,0,false,213.05,Breached SLA
INC0009691,2016-03-21 17:34:00,2016-03-30 11:47:00,2016-04-04 11:59:00,3 - moderate,2 - Medium,2 - Medium,category 42,Group 70,2,0,false,210.21666666666667,Breached SLA
INC0009699,2016-03-21 17:52:00,2016-03-30 09:58:00,2016-04-04 09:59:00,3 - moderate,2 - Medium,2 - Medium,category 23,Group 20,1,0,false,208.1,Breached SLA
INC0009702,2016-03-21 17:55:00,2016-03-30 09:52:00,2016-04-04 09:59:00,3 - moderate,2 - Medium,2 - Medium,category 20,Group 70,1,0,false,207.95,Breached SLA
INC0009708,2016-03-21 18:28:00,2016-03-22 10:20:00,2016-03-27 10:59:00,3 - moderate,2 - Medium,2 - Medium,category 42,Group 22,1,0,false,15.866666666666667,Breached SLA
INC0009716,2016-03-21 20:10:00,2016-03-31 14:38:00,2016-04-05 14:59:00,3 - moderate,2 - Medium,2 - Medium,category 26,Group 70,0,0,false,234.46666666666667,Breached SLA
INC0009720,2016-03-21 21:12:00,2016-03-31 08:56:00,2016-04-01 10:44:00,3 - moderate,2 - Medium,2 - Medium,category 57,Group 65,4,0,false,227.73333333333332,Breached SLA
INC0009725,2016-03-21 22:17:00,2016-03-26 02:26:00,2016-03-31 02:59:00,3 - moderate,2 - Medium,2 - Medium,category 26,Group 70,2,0,false,100.15,Breached SLA
INC0009744,2016-03-22 03:24:00,2016-03-22 03:26:00,2016-05-23 11:07:00,3 - moderate,2 - Medium,2 - Medium,category 43,Group 22,0,0,false,0.03333333333333333,Breached SLA
INC0009751,2016-03-22 06:19:00,2016-03-31 09:54:00,2016-04-05 09:59:00,3 - moderate,2 - Medium,2 - Medium,category 26,Group 25,2,0,false,219.58333333333334,Breached SLA
INC0009762,2016-03-22 07:35:00,2016-03-29 09:45:00,2016-04-03 09:59:00,3 - moderate,2 - Medium,2 - Medium,category 32,Group 54,3,0,false,170.16666666666666,Breached SLA
INC0009776,2016-03-22 08:14:00,2016-03-30 09:08:00,2016-04-04 09:59:00,3 - moderate,2 - Medium,2 - Medium,category 26,Group 28,2,0,false,192.9,Breached SLA
INC0009787,2016-03-22 08:35:00,2016-03-28 08:43:00,2016-04-02 08:59:00,3 - moderate,2 - Medium,2 - Medium,category 26,Group 20,1,0,false,144.13333333333333,Breached SLA
INC0009789,2016-03-22 08:38:00,2016-03-31 10:14:00,2016-04-05 10:59:00,3 - moderate,2 - Medium,2 - Medium,category 34,Group 27,1,0,false,217.6,Breached SLA
INC0009791,2016-03-22 08:43:00,2016-03-31 14:45:00,2016-04-05 14:59:00,3 - moderate,2 - Medium,2 - Medium,category 26,Group 70,1,0,false,222.03333333333333,Breached SLA
INC0009797,2016-03-22 08:49:00,2016-03-29 16:15:00,2016-04-03 16:59:00,3 - moderate,2 - Medium,2 - Medium,category 32,Group 70,1,0,false,175.43333333333334,Breached SLA
INC0009800,2016-03-22 08:50:00,2016-03-30 09:03:00,2016-04-04 09:59:00,3 - moderate,2 - Medium,2 - Medium,category 24,Group 28,1,0,false,192.21666666666667,Breached SLA
INC0009807,2016-03-22 08:58:00,2016-03-28 12:00:00,2016-04-02 12:59:00,3 - moderate,2 - Medium,2 - Medium,category 26,Group 24,2,0,false,147.03333333333333,Breached SLA
INC0009811,2016-03-22 09:01:00,2016-03-29 16:27:00,2016-04-03 16:59:00,3 - moderate,2 - Medium,2 - Medium,category 53,Group 25,1,0,false,175.43333333333334,Breached SLA
INC0009817,2016-03-22 09:07:00,2016-03-31 12:51:00,2016-04-05 12:59:00,3 - moderate,2 - Medium,2 - Medium,category 37,Group 70,1,0,false,219.73333333333332,Breached SLA
INC0009838,2016-03-22 09:28:00,2016-03-29 16:43:00,2016-04-03 16:59:00,3 - moderate,2 - Medium,2 - Medium,category 26,Group 70,1,0,false,175.25,Breached SLA
INC0009845,2016-03-22 09:43:00,2016-03-22 09:55:00,2016-05-23 11:07:00,3 - moderate,2 - Medium,2 - Medium,category 44,Group 5,0,0,false,0.2,Breached SLA
INC0009849,2016-03-22 09:46:00,2016-03-30 12:54:00,2016-04-04 12:59:00,3 - moderate,2 - Medium,2 - Medium,category 9,,0,0,false,195.13333333333333,Breached SLA
INC0009877,2016-03-22 10:13:00,2016-03-31 10:36:00,2016-04-05 10:59:00,3 - moderate,2 - Medium,2 - Medium,category 53,Group 66,4,0,false,216.38333333333333,Breached SLA
INC0009884,2016-03-22 10:19:00,2016-03-30 08:36:00,2016-04-04 08:59:00,3 - moderate,2 - Medium,2 - Medium,category 53,Group 66,4,0,false,190.28333333333333,Breached SLA
INC0009905,2016-03-22 10:34:00,2016-03-31 15:27:00,2016-04-05 15:59:00,3 - moderate,2 - Medium,2 - Medium,category 42,Group 6,3,0,false,220.88333333333333,Breached SLA
INC0009909,2016-03-22 10:38:00,2016-03-30 09:17:00,2016-04-04 09:59:00,3 - moderate,2 - Medium,2 - Medium,category 9,Group 24,0,0,false,190.65,Breached SLA
INC0009942,2016-03-22 11:11:00,2016-03-31 14:09:00,2016-04-05 14:59:00,3 - moderate,2 - Medium,2 - Medium,category 26,Group 70,1,0,false,218.96666666666667,Breached SLA
INC0009944,2016-03-22 11:13:00,2016-03-28 09:52:00,2016-04-02 09:59:00,3 - moderate,2 - Medium,2 - Medium,category 42,Group 39,1,0,false,142.65,Breached SLA
INC0009948,2016-03-22 11:14:00,2016-03-31 14:19:00,2016-04-05 14:59:00,3 - moderate,2 - Medium,2 - Medium,category 26,Group 70,1,0,false,219.08333333333334,Breached SLA
INC0009952,2016-03-22 11:20:00,2016-03-28 12:08:00,2016-04-02 12:59:00,3 - moderate,2 - Medium,2 - Medium,category 44,Group 39,4,0,false,144.8,Breached SLA
INC0009954,2016-03-22 11:22:00,2016-03-31 15:07:00,2016-04-05 15:59:00,3 - moderate,2 - Medium,2 - Medium,category 26,Group 70,1,0,false,219.75,Breached SLA
INC0009969,2016-03-22 11:39:00,2016-03-28 10:11:00,2016-04-02 10:59:00,3 - moderate,2 - Medium,2 - Medium,category 44,Group 39,6,0,false,142.53333333333333,Breached SLA
INC0009984,2016-03-22 11:59:00,2016-03-29 17:23:00,2016-04-03 17:59:00,3 - moderate,2 - Medium,2 - Medium,category 9,Group 27,0,0,false,173.4,Breached SLA
INC0009992,2016-03-22 12:16:00,2016-03-22 14:36:00,2016-03-27 14:59:00,2 - high,1 - High,2 - Medium,category 37,Group 49,1,0,false,2.3333333333333335,Breached SLA
INC0009996,2016-03-22 12:28:00,2016-03-31 09:23:00,2016-04-05 09:59:00,3 - moderate,2 - Medium,2 - Medium,category 23,Group 72,1,0,false,212.91666666666666,Breached SLA
INC0010001,2016-03-22 12:46:00,2016-03-28 12:13:00,2016-04-02 12:59:00,3 - moderate,2 - Medium,2 - Medium,category 23,Group 54,1,0,false,143.45,Breached SLA
INC0010011,2016-03-22 13:29:00,2016-03-29 17:06:00,2016-04-03 17:59:00,3 - moderate,2 - Medium,2 - Medium,category 61,Group 73,1,0,false,171.61666666666667,Breached SLA
INC0010012,2016-03-22 13:31:00,2016-03-30 10:49:00,2016-04-04 10:59:00,3 - moderate,2 - Medium,2 - Medium,category 26,Group 70,1,0,false,189.3,Breached SLA
INC0010015,2016-03-22 13:33:00,2016-03-28 11:23:00,2016-04-02 11:59:00,3 - moderate,2 - Medium,2 - Medium,category 46,Group 57,0,0,false,141.83333333333334,Breached SLA
INC0010028,2016-03-22 13:53:00,2016-03-28 10:23:00,2016-04-02 10:59:00,3 - moderate,2 - Medium,2 - Medium,category 20,Group 25,1,0,false,140.5,Breached SLA
INC0010031,2016-03-22 13:53:00,2016-03-31 11:33:00,2016-04-05 11:59:00,3 - moderate,2 - Medium,2 - Medium,category 23,Group 70,2,0,false,213.66666666666666,Breached SLA
INC0010045,2016-03-22 14:08:00,2016-03-31 16:27:00,2016-04-05 16:59:00,3 - moderate,2 - Medium,2 - Medium,category 46,Group 27,4,0,false,218.31666666666666,Breached SLA
INC0010050,2016-03-22 14:15:00,2016-03-29 17:30:00,2016-04-03 17:59:00,3 - moderate,2 - Medium,2 - Medium,category 42,Group 3,1,0,false,171.25,Breached SLA
INC0010051,2016-03-22 14:16:00,2016-03-28 13:13:00,2016-04-02 13:59:00,3 - moderate,2 - Medium,2 - Medium,category 46,Group 57,2,0,false,142.95,Breached SLA
INC0010053,2016-03-22 14:18:00,2016-03-29 16:18:00,2016-04-03 16:59:00,3 - moderate,2 - Medium,2 - Medium,category 24,Group 25,1,0,false,170.0,Breached SLA
INC0010055,2016-03-22 14:19:00,2016-03-30 11:51:00,2016-04-04 11:59:00,3 - moderate,2 - Medium,2 - Medium,category 46,Group 57,0,0,false,189.53333333333333,Breached SLA
INC0010057,2016-03-22 14:21:00,2016-03-31 15:10:00,2016-04-05 15:59:00,3 - moderate,2 - Medium,2 - Medium,category 37,Group 70,1,0,false,216.81666666666666,Breached SLA
INC0010064,2016-03-22 14:26:00,2016-03-31 15:57:00,2016-04-05 15:59:00,3 - moderate,2 - Medium,2 - Medium,category 34,Group 25,1,0,false,217.51666666666668,Breached SLA
INC0010072,2016-03-22 14:33:00,2016-03-30 09:14:00,2016-04-04 09:59:00,3 - moderate,2 - Medium,2 - Medium,category 7,Group 24,0,0,false,186.68333333333334,Breached SLA
INC0010078,2016-03-22 14:36:00,2016-03-29 17:28:00,2016-04-03 17:59:00,3 - moderate,2 - Medium,2 - Medium,category 26,Group 70,1,0,false,170.86666666666667,Breached SLA
INC0010090,2016-03-22 14:41:00,2016-03-29 09:31:00,2016-04-01 10:43:00,3 - moderate,2 - Medium,2 - Medium,category 46,Group 65,1,0,false,162.83333333333334,Breached SLA
INC0010091,2016-03-22 14:42:00,2016-03-31 10:17:00,2016-04-05 10:59:00,3 - moderate,2 - Medium,2 - Medium,category 23,Group 72,1,0,false,211.58333333333334,Breached SLA
INC0010100,2016-03-22 14:59:00,2016-03-30 11:21:00,2016-04-04 11:59:00,3 - moderate,2 - Medium,2 - Medium,category 9,Group 24,0,0,false,188.36666666666667,Breached SLA
INC0010101,2016-03-22 14:59:00,2016-03-29 09:37:00,2016-04-03 09:59:00,3 - moderate,2 - Medium,2 - Medium,category 42,Group 5,5,0,false,162.63333333333333,Breached SLA
INC0010103,2016-03-22 15:01:00,2016-03-30 14:00:00,2016-04-04 14:59:00,3 - moderate,2 - Medium,2 - Medium,category 26,Group 70,1,0,false,190.98333333333332,Breached SLA
INC0010121,2016-03-22 15:16:00,2016-03-31 16:40:00,2016-04-05 16:59:00,3 - moderate,2 - Medium,2 - Medium,category 24,Group 23,0,0,false,217.4,Breached SLA
INC0010128,2016-03-22 15:21:00,2016-03-29 09:11:00,2016-04-03 09:59:00,3 - moderate,2 - Medium,2 - Medium,category 42,Group 55,2,0,false,161.83333333333334,Breached SLA
INC0010135,2016-03-22 15:33:00,2016-03-29 17:10:00,2016-04-03 17:59:00,3 - moderate,2 - Medium,2 - Medium,category 26,Group 70,1,0,false,169.61666666666667,Breached SLA
INC0010142,2016-03-22 15:45:00,2016-03-29 15:52:00,2016-04-03 15:59:00,3 - moderate,2 - Medium,2 - Medium,category 19,Group 72,0,0,false,168.11666666666667,Breached SLA
INC0010143,2016-03-22 15:49:00,2016-03-29 05:53:00,2016-04-03 05:59:00,3 - moderate,2 - Medium,2 - Medium,category 32,Group 70,5,0,false,158.06666666666666,Breached SLA
INC0010154,2016-03-22 16:09:00,2016-03-28 08:03:00,2016-04-02 08:59:00,3 - moderate,2 - Medium,2 - Medium,category 51,Group 24,2,0,false,135.9,Breached SLA
INC0010166,2016-03-22 16:29:00,2016-03-30 12:16:00,2016-04-04 12:59:00,3 - moderate,2 - Medium,2 - Medium,category 53,,0,0,false,187.78333333333333,Breached SLA
INC0010172,2016-03-22 16:35:00,2016-03-29 17:00:00,2016-04-03 17:59:00,3 - moderate,2 - Medium,2 - Medium,category 44,Group 70,2,0,false,168.41666666666666,Breached SLA
INC0010174,2016-03-22 16:42:00,2016-03-29 16:52:00,2016-04-03 16:59:00,3 - moderate,2 - Medium,2 - Medium,category 26,Group 70,1,0,false,168.16666666666666,Breached SLA
INC0010177,2016-03-22 16:52:00,2016-03-30 12:04:00,2016-04-04 12:59:00,3 - moderate,2 - Medium,2 - Medium,category 26,Group 70,1,0,false,187.2,Breached SLA
INC0010182,2016-03-22 16:58:00,2016-03-28 13:24:00,2016-04-02 13:59:00,3 - moderate,2 - Medium,2 - Medium,category 26,Group 70,2,0,false,140.43333333333334,Breached SLA
INC0010189,2016-03-22 17:06:00,2016-03-30 15:46:00,2016-04-04 15:59:00,3 - moderate,2 - Medium,2 - Medium,category 42,Group 22,1,0,false,190.66666666666666,Breached SLA
INC0010193,2016-03-22 17:10:00,2016-03-22 17:28:00,2016-05-23 11:07:00,3 - moderate,2 - Medium,2 - Medium,category 44,Group 5,0,0,false,0.3,Breached SLA
INC0010196,2016-03-22 17:15:00,2016-03-31 11:04:00,2016-04-05 11:59:00,3 - moderate,2 - Medium,2 - Medium,category 53,Group 25,1,0,false,209.81666666666666,Breached SLA
INC0010199,2016-03-22 17:30:00,2016-03-28 19:03:00,2016-04-02 19:59:00,3 - moderate,2 - Medium,2 - Medium,category 46,Group 22,4,0,false,145.55,Breached SLA
INC0010202,2016-03-22 17:43:00,2016-03-29 14:33:00,2016-04-03 14:59:00,3 - moderate,2 - Medium,2 - Medium,category 32,Group 39,1,0,false,164.83333333333334,Breached SLA
INC0010209,2016-03-22 21:14:00,2016-03-28 04:35:00,2016-04-02 04:59:00,3 - moderate,2 - Medium,2 - Medium,category 46,Group 70,2,0,false,127.35,Breached SLA
INC0010211,2016-03-22 21:30:00,2016-03-29 09:19:00,2016-04-03 09:59:00,3 - moderate,2 - Medium,2 - Medium,category 37,Group 48,0,0,false,155.81666666666666,Breached SLA
INC0010216,2016-03-22 22:59:00,2016-03-30 15:41:00,2016-04-04 15:59:00,3 - moderate,2 - Medium,2 - Medium,category 46,Group 57,1,0,false,184.7,Breached SLA
INC0010228,2016-03-23 00:59:00,2016-03-28 16:04:00,2016-04-02 16:59:00,2 - high,2 - Medium,1 - High,category 9,Group 25,0,0,false,135.08333333333334,Breached SLA
INC0010241,2016-03-23 02:23:00,2016-03-28 08:23:00,2016-04-02 08:59:00,3 - moderate,2 - Medium,2 - Medium,category 28,Group 28,0,0,false,126.0,Breached SLA
INC0010245,2016-03-23 02:57:00,2016-03-28 14:09:00,2016-04-02 14:59:00,3 - moderate,2 - Medium,2 - Medium,category 53,Group 28,3,0,false,131.2,Breached SLA
INC0010247,2016-03-23 03:10:00,2016-03-29 15:50:00,2016-04-03 15:59:00,3 - moderate,2 - Medium,2 - Medium,category 32,Group 70,1,0,false,156.66666666666666,Breached SLA
INC0010266,2016-03-23 06:49:00,2016-03-23 11:20:00,2016-03-28 11:59:00,2 - high,1 - High,2 - Medium,category 53,Group 66,1,0,false,4.516666666666667,Breached SLA
INC0010274,2016-03-23 07:45:00,2016-03-30 11:06:00,2016-04-04 11:59:00,3 - moderate,2 - Medium,2 - Medium,category 46,Group 10,2,0,false,171.35,Breached SLA
INC0010297,2016-03-23 08:29:00,2016-03-28 08:48:00,2016-04-02 08:59:00,3 - moderate,2 - Medium,2 - Medium,category 26,Group 25,2,0,false,120.31666666666666,Breached SLA
INC0010307,2016-03-23 08:39:00,2016-03-29 09:40:00,2016-04-03 09:59:00,3 - moderate,2 - Medium,2 - Medium,category 43,Group 22,0,0,false,145.01666666666668,Breached SLA
INC0010311,2016-03-23 08:42:00,2016-03-27 00:23:00,2016-04-01 00:59:00,3 - moderate,2 - Medium,2 - Medium,category 26,Group 70,1,0,false,87.68333333333334,Breached SLA
INC0010315,2016-03-23 08:47:00,2016-03-31 08:11:00,2016-04-05 08:59:00,3 - moderate,2 - Medium,2 - Medium,category 26,Group 73,2,0,false,191.4,Breached SLA
INC0010318,2016-03-23 08:50:00,2016-03-28 10:17:00,2016-04-02 10:59:00,3 - moderate,2 - Medium,2 - Medium,category 26,Group 24,2,0,false,121.45,Breached SLA
INC0010329,2016-03-23 08:58:00,2016-03-31 10:59:00,2016-04-05 11:59:00,3 - moderate,2 - Medium,2 - Medium,category 35,Group 70,5,0,false,194.01666666666668,Breached SLA
INC0010332,2016-03-23 09:03:00,2016-03-31 10:06:00,2016-04-05 10:59:00,3 - moderate,2 - Medium,2 - Medium,category 46,Group 70,4,0,false,193.05,Breached SLA
INC0010336,2016-03-23 09:08:00,2016-03-28 09:22:00,2016-04-02 09:59:00,3 - moderate,2 - Medium,2 - Medium,category 37,Group 48,0,0,false,120.23333333333333,Breached SLA
INC0010343,2016-03-23 09:13:00,2016-03-31 23:21:00,2016-04-05 23:59:00,3 - moderate,2 - Medium,2 - Medium,category 35,Group 70,1,0,false,206.13333333333333,Breached SLA
INC0010355,2016-03-23 09:32:00,2016-03-28 08:16:00,2016-04-02 08:59:00,3 - moderate,2 - Medium,2 - Medium,category 9,Group 28,0,1,false,118.73333333333333,Breached SLA
INC0010367,2016-03-23 09:51:00,2016-03-30 10:54:00,2016-04-04 10:59:00,3 - moderate,2 - Medium,2 - Medium,category 26,Group 70,1,0,false,169.05,Breached SLA
INC0010373,2016-03-23 09:55:00,2016-03-28 08:43:00,2016-04-02 08:59:00,3 - moderate,2 - Medium,2 - Medium,category 13,Group 23,1,0,false,118.8,Breached SLA
INC0010377,2016-03-23 10:04:00,2016-03-28 14:16:00,2016-04-02 14:59:00,3 - moderate,2 - Medium,2 - Medium,category 53,Group 76,0,0,false,124.2,Breached SLA
INC0010394,2016-03-23 10:12:00,2016-03-29 10:01:00,2016-04-03 10:59:00,3 - moderate,2 - Medium,2 - Medium,category 26,Group 23,1,0,false,143.81666666666666,Breached SLA
INC0010412,2016-03-23 10:20:00,2016-03-30 15:58:00,2016-04-04 15:59:00,3 - moderate,2 - Medium,2 - Medium,category 26,Group 70,4,0,false,173.63333333333333,Breached SLA
INC0010415,2016-03-23 10:22:00,2016-03-28 10:38:00,2016-04-02 10:59:00,3 - moderate,2 - Medium,2 - Medium,category 42,Group 3,0,0,false,120.26666666666667,Breached SLA
INC0010423,2016-03-23 10:30:00,2016-03-31 20:16:00,2016-04-05 20:59:00,3 - moderate,2 - Medium,2 - Medium,category 26,Group 70,6,0,false,201.76666666666668,Breached SLA
INC0010425,2016-03-23 10:31:00,2016-03-29 12:54:00,2016-04-03 12:59:00,3 - moderate,2 - Medium,2 - Medium,category 32,Group 70,2,0,false,146.38333333333333,Breached SLA
INC0010430,2016-03-23 10:39:00,2016-03-28 12:12:00,2016-04-02 12:59:00,3 - moderate,2 - Medium,2 - Medium,category 44,Group 5,0,0,false,121.55,Breached SLA
INC0010431,2016-03-23 10:39:00,2016-03-30 10:54:00,2016-04-04 10:59:00,3 - moderate,2 - Medium,2 - Medium,category 26,Group 70,1,0,false,168.25,Breached SLA
INC0010432,2016-03-23 10:40:00,2016-03-29 15:06:00,2016-04-03 15:59:00,3 - moderate,2 - Medium,2 - Medium,category 42,Group 39,3,0,false,148.43333333333334,Breached SLA
INC0010433,2016-03-23 10:41:00,2016-03-30 15:20:00,2016-04-04 15:59:00,3 - moderate,2 - Medium,2 - Medium,category 44,Group 5,0,0,false,172.65,Breached SLA
INC0010438,2016-03-23 10:45:00,2016-03-31 10:43:00,2016-04-05 10:59:00,3 - moderate,2 - Medium,2 - Medium,category 26,Group 70,1,0,false,191.96666666666667,Breached SLA
INC0010469,2016-03-23 11:11:00,2016-03-28 14:11:00,2016-04-02 14:59:00,3 - moderate,2 - Medium,2 - Medium,category 19,Group 28,1,0,false,123.0,Breached SLA
INC0010481,2016-03-23 11:24:00,2016-03-29 14:43:00,2016-04-03 14:59:00,3 - moderate,2 - Medium,2 - Medium,category 34,Group 24,3,0,false,147.31666666666666,Breached SLA
INC0010482,2016-03-23 11:24:00,2016-03-30 13:45:00,2016-04-04 13:59:00,3 - moderate,2 - Medium,2 - Medium,category 24,Group 23,0,0,false,170.35,Breached SLA
INC0010508,2016-03-23 12:02:00,2016-03-23 12:20:00,2016-05-23 11:07:00,3 - moderate,2 - Medium,2 - Medium,category 44,Group 5,0,0,false,0.3,Breached SLA
INC0010512,2016-03-23 12:06:00,2016-03-23 12:24:00,2016-05-23 11:07:00,3 - moderate,2 - Medium,2 - Medium,category 23,Group 20,0,0,false,0.3,Breached SLA
INC0010537,2016-03-23 12:57:00,2016-03-31 13:42:00,2016-04-05 13:59:00,3 - moderate,2 - Medium,2 - Medium,category 20,Group 70,1,0,false,192.75,Breached SLA
INC0010543,2016-03-23 13:09:00,2016-03-31 10:53:00,2016-04-05 10:59:00,3 - moderate,2 - Medium,2 - Medium,category 46,Group 57,3,0,false,189.73333333333332,Breached SLA
INC0010547,2016-03-23 13:30:00,2016-03-30 13:04:00,2016-04-04 13:59:00,3 - moderate,2 - Medium,2 - Medium,category 46,Group 55,1,0,false,167.56666666666666,Breached SLA
INC0010548,2016-03-23 13:31:00,2016-03-30 09:07:00,2016-04-04 09:59:00,3 - moderate,2 - Medium,2 - Medium,category 40,Group 70,3,0,false,163.6,Breached SLA
INC0010550,2016-03-23 13:34:00,2016-03-28 17:25:00,2016-04-02 17:59:00,3 - moderate,2 - Medium,2 - Medium,category 43,Group 22,0,0,false,123.85,Breached SLA
INC0010561,2016-03-23 13:48:00,2016-03-28 08:25:00,2016-04-02 08:59:00,3 - moderate,2 - Medium,2 - Medium,category 46,Group 57,1,0,false,114.61666666666666,Breached SLA
INC0010562,2016-03-23 13:50:00,2016-03-30 10:47:00,2016-04-04 10:59:00,3 - moderate,2 - Medium,2 - Medium,category 46,Group 22,1,0,false,164.95,Breached SLA
INC0010564,2016-03-23 13:53:00,2016-03-30 17:24:00,2016-04-04 17:59:00,3 - moderate,2 - Medium,2 - Medium,category 53,Group 70,3,0,false,171.51666666666668,Breached SLA
INC0010569,2016-03-23 14:00:00,2016-03-30 12:35:00,2016-04-04 12:59:00,3 - moderate,2 - Medium,2 - Medium,category 26,Group 70,1,0,false,166.58333333333334,Breached SLA
INC0010570,2016-03-23 14:02:00,2016-03-30 14:51:00,2016-04-04 14:59:00,3 - moderate,2 - Medium,2 - Medium,category 26,Group 70,2,0,false,168.81666666666666,Breached SLA
INC0010576,2016-03-23 14:07:00,2016-03-28 16:19:00,2016-04-02 16:59:00,3 - moderate,2 - Medium,2 - Medium,category 42,Group 57,1,0,false,122.2,Breached SLA
INC0010577,2016-03-23 14:07:00,2016-03-23 15:06:00,2016-05-23 11:07:00,3 - moderate,2 - Medium,2 - Medium,category 23,Group 20,0,0,false,0.9833333333333333,Breached SLA
INC0010591,2016-03-23 14:28:00,2016-03-30 15:11:00,2016-04-04 15:59:00,3 - moderate,2 - Medium,2 - Medium,category 26,Group 70,2,0,false,168.71666666666667,Breached SLA
INC0010594,2016-03-23 14:31:00,2016-03-29 14:05:00,2016-04-03 14:59:00,3 - moderate,2 - Medium,2 - Medium,category 26,Group 70,1,0,false,143.56666666666666,Breached SLA
INC0010607,2016-03-23 14:48:00,2016-03-31 17:02:00,2016-04-01 10:43:00,3 - moderate,2 - Medium,2 - Medium,category 57,Group 65,1,0,false,194.23333333333332,Breached SLA
INC0010608,2016-03-23 14:49:00,2016-03-31 10:24:00,2016-04-05 10:59:00,3 - moderate,2 - Medium,2 - Medium,category 20,Group 69,9,0,false,187.58333333333334,Breached SLA
INC0010620,2016-03-23 15:06:00,2016-03-29 12:19:00,2016-04-03 12:59:00,3 - moderate,2 - Medium,2 - Medium,category 53,Group 23,1,0,false,141.21666666666667,Breached SLA
INC0010624,2016-03-23 15:08:00,2016-03-28 09:58:00,2016-04-02 09:59:00,3 - moderate,2 - Medium,2 - Medium,category 37,Group 46,0,0,false,114.83333333333333,Breached SLA
INC0010631,2016-03-23 15:12:00,2016-03-30 15:03:00,2016-04-04 15:59:00,3 - moderate,2 - Medium,2 - Medium,category 44,Group 70,1,0,false,167.85,Breached SLA
INC0010634,2016-03-23 15:13:00,2016-03-28 10:24:00,2016-04-02 10:59:00,3 - moderate,2 - Medium,2 - Medium,category 53,Group 76,2,0,false,115.18333333333334,Breached SLA
INC0010638,2016-03-23 15:14:00,2016-04-13 14:59:00,2016-04-18 15:07:00,3 - moderate,2 - Medium,2 - Medium,category 26,Group 70,5,1,false,503.75,Breached SLA
INC0010649,2016-03-23 15:20:00,2016-03-28 09:27:00,2016-04-02 09:59:00,3 - moderate,2 - Medium,2 - Medium,category 37,Group 48,0,0,false,114.11666666666666,Breached SLA
INC0010654,2016-03-23 15:27:00,2016-03-29 14:39:00,2016-04-03 14:59:00,3 - moderate,2 - Medium,2 - Medium,category 46,Group 31,1,0,false,143.2,Breached SLA
INC0010655,2016-03-23 15:28:00,2016-03-28 08:08:00,2016-04-02 08:59:00,3 - moderate,2 - Medium,2 - Medium,category 46,Group 22,1,0,false,112.66666666666667,Breached SLA
INC0010664,2016-03-23 15:38:00,2016-03-29 09:50:00,2016-04-03 09:59:00,3 - moderate,2 - Medium,2 - Medium,category 46,Group 22,0,0,false,138.2,Breached SLA
INC0010679,2016-03-23 15:45:00,2016-03-31 14:19:00,2016-04-05 14:59:00,3 - moderate,2 - Medium,2 - Medium,category 46,Group 57,0,0,false,190.56666666666666,Breached SLA
INC0010685,2016-03-23 15:50:00,2016-03-28 17:11:00,2016-04-02 17:59:00,3 - moderate,2 - Medium,2 - Medium,category 46,Group 22,1,0,false,121.35,Breached SLA
INC0010690,2016-03-23 15:51:00,2016-03-29 11:49:00,2016-04-03 11:59:00,3 - moderate,2 - Medium,2 - Medium,category 9,Group 24,0,0,false,139.96666666666667,Breached SLA
INC0010703,2016-03-23 16:09:00,2016-03-31 14:04:00,2016-04-05 14:59:00,3 - moderate,2 - Medium,2 - Medium,category 42,Group 39,3,0,false,189.91666666666666,Breached SLA
INC0010705,2016-03-23 16:12:00,2016-03-31 10:26:00,2016-04-05 10:59:00,3 - moderate,2 - Medium,2 - Medium,category 26,Group 70,2,0,false,186.23333333333332,Breached SLA
INC0010708,2016-03-23 16:21:00,2016-03-30 12:58:00,2016-04-04 12:59:00,3 - moderate,2 - Medium,2 - Medium,category 53,Group 29,1,0,false,164.61666666666667,Breached SLA
INC0010713,2016-03-23 16:26:00,2016-03-28 15:39:00,2016-04-02 15:59:00,3 - moderate,2 - Medium,2 - Medium,category 34,Group 23,0,0,false,119.21666666666667,Breached SLA
INC0010716,2016-03-23 16:34:00,2016-03-29 10:22:00,2016-04-03 10:59:00,3 - moderate,2 - Medium,2 - Medium,category 19,Group 24,1,0,false,137.8,Breached SLA
INC0010726,2016-03-23 16:56:00,2016-03-29 10:37:00,2016-04-03 10:59:00,3 - moderate,2 - Medium,2 - Medium,category 46,Group 22,0,0,false,137.68333333333334,Breached SLA
INC0010735,2016-03-23 17:07:00,2016-03-23 17:41:00,2016-05-23 11:07:00,3 - moderate,2 - Medium,2 - Medium,category 42,Group 3,0,0,false,0.5666666666666667,Breached SLA
INC0010738,2016-03-23 17:09:00,2016-03-31 10:40:00,2016-04-05 10:59:00,3 - moderate,2 - Medium,2 - Medium,category 42,Group 70,2,0,false,185.51666666666668,Breached SLA
INC0010751,2016-03-23 17:43:00,2016-03-31 11:46:00,2016-04-05 11:59:00,3 - moderate,2 - Medium,2 - Medium,category 42,Group 6,2,0,false,186.05,Breached SLA
INC0010752,2016-03-23 17:44:00,2016-03-23 17:58:00,2016-05-23 11:07:00,3 - moderate,2 - Medium,2 - Medium,category 46,Group 55,0,0,false,0.23333333333333334,Breached SLA
INC0010754,2016-03-23 17:51:00,2016-03-30 11:04:00,2016-04-04 11:59:00,3 - moderate,2 - Medium,2 - Medium,category 42,Group 39,5,0,false,161.21666666666667,Breached SLA
INC0010755,2016-03-23 17:55:00,2016-03-30 13:47:00,2016-04-04 13:59:00,3 - moderate,2 - Medium,2 - Medium,category 20,Group 70,0,0,false,163.86666666666667,Breached SLA
INC0010771,2016-03-23 18:43:00,2016-03-23 18:47:00,2016-05-23 11:07:00,3 - moderate,2 - Medium,2 - Medium,category 44,Group 5,0,0,false,0.06666666666666667,Breached SLA
INC0010772,2016-03-23 18:44:00,2016-03-23 18:48:00,2016-05-23 11:07:00,3 - moderate,2 - Medium,2 - Medium,category 46,Group 55,0,0,false,0.06666666666666667,Breached SLA
INC0010784,2016-03-23 22:31:00,2016-03-24 10:34:00,2016-03-29 10:59:00,3 - moderate,2 - Medium,2 - Medium,category 37,Group 55,1,0,false,12.05,Breached SLA
INC0010792,2016-03-24 00:18:00,2016-03-31 11:02:00,2016-04-05 11:59:00,3 - moderate,2 - Medium,2 - Medium,category 42,Group 70,0,0,false,178.73333333333332,Breached SLA
INC0010795,2016-03-24 01:20:00,2016-03-31 05:33:00,2016-04-05 05:59:00,3 - moderate,2 - Medium,2 - Medium,category 37,Group 70,3,0,false,172.21666666666667,Breached SLA
INC0010826,2016-03-24 08:08:00,2016-03-29 15:37:00,2016-04-03 15:59:00,3 - moderate,2 - Medium,2 - Medium,category 26,Group 23,4,0,false,127.48333333333333,Breached SLA
INC0010830,2016-03-24 08:22:00,2016-04-13 15:22:00,2016-04-18 16:07:00,3 - moderate,2 - Medium,2 - Medium,category 34,Group 24,1,0,false,487.0,Breached SLA
INC0010835,2016-03-24 08:26:00,2016-03-28 15:37:00,2016-04-02 15:59:00,3 - moderate,2 - Medium,2 - Medium,category 37,Group 49,1,0,false,103.18333333333334,Breached SLA
INC0010839,2016-03-24 08:33:00,2016-03-28 17:34:00,2016-04-02 17:59:00,3 - moderate,2 - Medium,2 - Medium,category 9,Group 25,0,0,false,105.01666666666667,Breached SLA
INC0010841,2016-03-24 08:36:00,2016-04-13 15:07:00,2016-04-18 15:10:00,3 - moderate,2 - Medium,2 - Medium,category 46,Group 70,1,0,false,486.51666666666665,Breached SLA
INC0010842,2016-03-24 08:37:00,2016-03-29 11:20:00,2016-04-03 11:59:00,3 - moderate,2 - Medium,2 - Medium,category 20,Group 29,1,0,false,122.71666666666667,Breached SLA
INC0010848,2016-03-24 08:42:00,2016-03-30 10:49:00,2016-04-04 10:59:00,3 - moderate,2 - Medium,2 - Medium,category 42,Group 6,3,0,false,146.11666666666667,Breached SLA
INC0010852,2016-03-24 08:47:00,2016-03-29 11:22:00,2016-04-03 11:59:00,3 - moderate,2 - Medium,2 - Medium,category 23,Group 29,1,0,false,122.58333333333333,Breached SLA
INC0010857,2016-03-24 08:53:00,2016-03-28 09:14:00,2016-03-28 10:22:00,3 - moderate,2 - Medium,2 - Medium,category 57,Group 65,0,0,false,96.35,Breached SLA
INC0010909,2016-03-24 09:41:00,2016-03-28 15:08:00,2016-04-02 15:59:00,3 - moderate,2 - Medium,2 - Medium,category 20,Group 31,2,0,false,101.45,Breached SLA
INC0010911,2016-03-24 09:44:00,2016-03-29 11:19:00,2016-04-03 11:59:00,3 - moderate,2 - Medium,2 - Medium,category 23,Group 29,1,0,false,121.58333333333333,Breached SLA
INC0010925,2016-03-24 10:02:00,2016-03-30 14:21:00,2016-04-04 14:59:00,3 - moderate,2 - Medium,2 - Medium,category 46,Group 22,0,0,false,148.31666666666666,Breached SLA
INC0010929,2016-03-24 10:07:00,2016-03-24 11:49:00,2016-03-29 11:59:00,3 - moderate,2 - Medium,2 - Medium,category 42,Group 57,2,0,false,1.7,Breached SLA
INC0010932,2016-03-24 10:09:00,2016-03-24 10:52:00,2016-03-29 10:59:00,2 - high,1 - High,2 - Medium,category 46,Group 55,0,0,false,0.7166666666666667,Breached SLA
INC0010946,2016-03-24 10:18:00,2016-03-31 14:53:00,2016-04-05 14:59:00,3 - moderate,2 - Medium,2 - Medium,category 61,Group 74,3,0,false,172.58333333333334,Breached SLA
INC0010950,2016-03-24 10:21:00,2016-03-30 10:29:00,2016-04-04 10:59:00,3 - moderate,2 - Medium,2 - Medium,category 24,Group 70,7,1,false,144.13333333333333,Breached SLA
INC0010952,2016-03-24 10:25:00,2016-03-29 11:49:00,2016-04-03 11:59:00,3 - moderate,2 - Medium,2 - Medium,category 43,Group 39,1,0,false,121.4,Breached SLA
INC0010958,2016-03-24 10:29:00,2016-03-29 08:49:00,2016-04-03 08:59:00,3 - moderate,2 - Medium,2 - Medium,category 20,Group 23,3,0,false,118.33333333333333,Breached SLA
INC0010960,2016-03-24 10:30:00,2016-03-29 17:05:00,2016-04-03 17:59:00,3 - moderate,2 - Medium,2 - Medium,category 61,Group 73,1,0,false,126.58333333333333,Breached SLA
INC0010965,2016-03-24 10:38:00,2016-03-30 17:19:00,2016-04-04 17:59:00,3 - moderate,2 - Medium,2 - Medium,category 46,Group 57,0,0,false,150.68333333333334,Breached SLA
INC0010968,2016-03-24 10:40:00,2016-03-28 10:37:00,2016-04-02 10:59:00,3 - moderate,2 - Medium,2 - Medium,category 42,Group 3,0,0,false,95.95,Breached SLA
INC0010971,2016-03-24 10:42:00,2016-03-31 12:00:00,2016-04-05 12:59:00,3 - moderate,2 - Medium,2 - Medium,category 53,Group 70,2,0,false,169.3,Breached SLA
INC0010976,2016-03-24 10:48:00,2016-03-29 15:12:00,2016-04-03 15:59:00,3 - moderate,2 - Medium,2 - Medium,category 26,Group 70,1,0,false,124.4,Breached SLA
INC0010979,2016-03-24 10:52:00,2016-03-28 09:58:00,2016-04-02 09:59:00,3 - moderate,2 - Medium,2 - Medium,category 46,Group 6,1,0,false,95.1,Breached SLA
INC0010984,2016-03-24 10:55:00,2016-03-31 13:42:00,2016-04-05 13:59:00,3 - moderate,2 - Medium,2 - Medium,category 26,Group 30,1,0,false,170.78333333333333,Breached SLA
INC0011001,2016-03-24 11:18:00,2016-03-28 15:25:00,2016-04-02 15:59:00,3 - moderate,2 - Medium,2 - Medium,category 42,Group 39,1,0,false,100.11666666666666,Breached SLA
INC0011003,2016-03-24 11:22:00,2016-03-28 17:28:00,2016-04-02 17:59:00,3 - moderate,2 - Medium,2 - Medium,category 44,Group 5,0,0,false,102.1,Breached SLA
INC0011009,2016-03-24 11:29:00,2016-03-31 12:15:00,2016-04-05 12:59:00,3 - moderate,2 - Medium,2 - Medium,category 32,Group 70,2,0,false,168.76666666666668,Breached SLA
INC0011011,2016-03-24 11:30:00,2016-03-29 16:01:00,2016-04-03 16:59:00,3 - moderate,2 - Medium,2 - Medium,category 9,Group 25,0,0,false,124.51666666666667,Breached SLA
INC0011013,2016-03-24 11:31:00,2016-03-31 12:49:00,2016-04-05 12:59:00,3 - moderate,2 - Medium,2 - Medium,category 53,Group 70,3,0,false,169.3,Breached SLA
INC0011022,2016-03-24 11:48:00,2016-03-29 16:58:00,2016-04-03 16:59:00,3 - moderate,2 - Medium,2 - Medium,category 42,Group 6,1,0,false,125.16666666666667,Breached SLA
INC0011030,2016-03-24 11:55:00,2016-03-31 12:55:00,2016-04-05 12:59:00,3 - moderate,2 - Medium,2 - Medium,category 20,Group 70,2,0,false,169.0,Breached SLA
INC0011045,2016-03-24 12:09:00,2016-03-29 08:34:00,2016-04-03 08:59:00,3 - moderate,2 - Medium,2 - Medium,category 24,Group 24,1,0,false,116.41666666666667,Breached SLA
INC0011057,2016-03-24 12:28:00,2016-03-29 17:53:00,2016-04-03 17:59:00,3 - moderate,2 - Medium,2 - Medium,category 24,Group 25,0,0,false,125.41666666666667,Breached SLA
INC0011065,2016-03-24 12:42:00,2016-03-31 17:05:00,2016-04-05 17:59:00,3 - moderate,2 - Medium,2 - Medium,category 26,Group 70,1,0,false,172.38333333333333,Breached SLA
INC0011069,2016-03-24 12:53:00,2016-03-28 09:55:00,2016-04-02 09:59:00,3 - moderate,2 - Medium,2 - Medium,category 37,Group 23,0,0,false,93.03333333333333,Breached SLA
INC0011071,2016-03-24 12:53:00,2016-03-29 17:08:00,2016-04-03 17:59:00,3 - moderate,2 - Medium,2 - Medium,category 61,Group 73,1,0,false,124.25,Breached SLA
INC0011074,2016-03-24 12:56:00,2016-03-29 17:56:00,2016-04-03 17:59:00,4 - low,3 - Low,3 - Low,category 53,Group 25,0,0,false,125.0,Breached SLA
INC0011087,2016-03-24 13:23:00,2016-03-28 14:24:00,2016-04-02 14:59:00,3 - moderate,2 - Medium,2 - Medium,category 9,Group 24,2,0,false,97.01666666666667,Breached SLA
INC0011088,2016-03-24 13:25:00,2016-03-30 14:11:00,2016-04-04 14:59:00,3 - moderate,2 - Medium,2 - Medium,category 24,Group 27,1,0,false,144.76666666666668,Breached SLA
INC0011096,2016-03-24 13:38:00,2016-03-29 09:36:00,2016-04-03 09:59:00,3 - moderate,2 - Medium,2 - Medium,category 53,Group 70,2,0,false,115.96666666666667,Breached SLA
INC0011100,2016-03-24 13:41:00,2016-03-29 18:40:00,2016-04-03 18:59:00,3 - moderate,2 - Medium,2 - Medium,category 42,Group 70,1,0,false,124.98333333333333,Breached SLA
INC0011101,2016-03-24 13:42:00,2016-03-28 15:54:00,2016-04-02 15:59:00,3 - moderate,2 - Medium,2 - Medium,category 26,Group 70,1,0,false,98.2,Breached SLA
INC0011103,2016-03-24 13:45:00,2016-03-28 11:57:00,2016-04-02 11:59:00,3 - moderate,2 - Medium,2 - Medium,category 53,Group 76,0,0,false,94.2,Breached SLA
INC0011122,2016-03-24 14:11:00,2016-03-28 10:44:00,2016-04-02 10:59:00,2 - high,1 - High,2 - Medium,category 23,Group 20,0,0,false,92.55,Breached SLA
INC0011128,2016-03-24 14:21:00,2016-03-28 17:53:00,2016-04-02 17:59:00,3 - moderate,2 - Medium,2 - Medium,category 46,Group 58,1,0,false,99.53333333333333,Breached SLA
INC0011131,2016-03-24 14:25:00,2016-03-28 15:44:00,2016-04-02 15:59:00,3 - moderate,2 - Medium,2 - Medium,category 53,Group 39,1,0,false,97.31666666666666,Breached SLA
INC0011133,2016-03-24 14:29:00,2016-03-28 13:43:00,2016-04-02 13:59:00,3 - moderate,2 - Medium,2 - Medium,category 44,Group 5,0,0,false,95.23333333333333,Breached SLA
INC0011142,2016-03-24 14:43:00,2016-03-28 08:48:00,2016-04-02 08:59:00,2 - high,1 - High,2 - Medium,category 8,Group 53,0,0,false,90.08333333333333,Breached SLA
INC0011145,2016-03-24 14:47:00,2016-03-30 08:40:00,2016-04-04 08:59:00,3 - moderate,2 - Medium,2 - Medium,category 19,Group 61,0,0,false,137.88333333333333,Breached SLA
INC0011157,2016-03-24 15:01:00,2016-03-31 10:07:00,2016-04-05 10:59:00,3 - moderate,2 - Medium,2 - Medium,category 42,Group 3,4,0,false,163.1,Breached SLA
INC0011163,2016-03-24 15:06:00,2016-03-30 17:22:00,2016-04-04 17:59:00,3 - moderate,2 - Medium,2 - Medium,category 42,Group 39,3,0,false,146.26666666666668,Breached SLA
INC0011199,2016-03-24 15:53:00,2016-03-30 15:59:00,2016-04-04 16:59:00,3 - moderate,2 - Medium,2 - Medium,category 26,Group 20,2,0,false,144.1,Breached SLA
INC0011210,2016-03-24 16:05:00,2016-03-29 14:52:00,2016-04-03 14:59:00,2 - high,1 - High,2 - Medium,category 23,Group 20,3,0,false,118.78333333333333,Breached SLA
INC0011212,2016-03-24 16:08:00,2016-03-28 12:23:00,2016-04-02 12:59:00,2 - high,1 - High,2 - Medium,category 42,Group 39,1,0,false,92.25,Breached SLA
INC0011250,2016-03-24 17:02:00,2016-03-30 11:41:00,2016-04-04 11:59:00,3 - moderate,2 - Medium,2 - Medium,category 46,Group 57,1,0,false,138.65,Breached SLA
INC0011254,2016-03-24 17:14:00,2016-03-28 08:42:00,2016-04-02 08:59:00,2 - high,1 - High,2 - Medium,category 20,Group 66,2,0,false,87.46666666666667,Breached SLA
INC0011270,2016-03-24 17:50:00,2016-03-30 16:33:00,2016-04-04 16:59:00,3 - moderate,2 - Medium,2 - Medium,category 42,Group 57,1,0,false,142.71666666666667,Breached SLA
INC0011274,2016-03-24 17:58:00,2016-03-24 18:00:00,2016-05-23 11:07:00,3 - moderate,2 - Medium,2 - Medium,category 44,Group 5,0,0,false,0.03333333333333333,Breached SLA
INC0011278,2016-03-24 18:10:00,2016-04-14 17:23:00,2016-04-19 18:07:00,3 - moderate,2 - Medium,2 - Medium,category 46,Group 37,2,0,false,503.21666666666664,Breached SLA
INC0011280,2016-03-24 18:14:00,2016-03-24 20:26:00,2016-03-29 20:59:00,3 - moderate,2 - Medium,2 - Medium,category 46,Group 22,1,0,false,2.2,Breached SLA
INC0011283,2016-03-24 18:22:00,2016-03-30 21:08:00,2016-04-04 21:59:00,3 - moderate,2 - Medium,2 - Medium,category 9,Group 70,1,0,false,146.76666666666668,Breached SLA
INC0011284,2016-03-24 18:22:00,2016-03-29 14:05:00,2016-04-03 14:59:00,3 - moderate,2 - Medium,2 - Medium,category 42,Group 22,2,0,false,115.71666666666667,Breached SLA
INC0011360,2016-03-25 06:43:00,2016-03-25 06:47:00,2016-05-23 11:07:00,3 - moderate,2 - Medium,2 - Medium,category 57,Group 56,0,0,false,0.06666666666666667,Breached SLA
INC0011363,2016-03-25 07:39:00,2016-03-31 14:59:00,2016-04-05 15:59:00,3 - moderate,2 - Medium,2 - Medium,category 53,Group 25,1,0,false,151.33333333333334,Breached SLA
INC0011377,2016-03-25 10:39:00,2016-03-25 15:07:00,2016-03-30 15:59:00,3 - moderate,2 - Medium,2 - Medium,category 26,Group 70,2,0,false,4.466666666666667,Breached SLA
INC0011517,2016-03-26 19:26:00,2016-03-26 19:33:00,2016-05-23 11:07:00,3 - moderate,2 - Medium,2 - Medium,category 43,Group 22,0,0,false,0.11666666666666667,Breached SLA
INC0011577,2016-03-27 13:30:00,2016-03-28 11:16:00,2016-04-01 10:43:00,2 - high,1 - High,2 - Medium,category 45,Group 65,3,0,false,21.766666666666666,Breached SLA
INC0011593,2016-03-27 18:19:00,2016-03-27 18:29:00,2016-05-23 11:07:00,3 - moderate,2 - Medium,2 - Medium,category 23,Group 20,0,0,false,0.16666666666666666,Breached SLA
INC0011647,2016-03-28 08:10:00,2016-04-14 14:35:00,2016-04-19 15:07:00,3 - moderate,2 - Medium,2 - Medium,category 61,Group 70,4,0,false,414.4166666666667,Breached SLA
INC0011665,2016-03-28 08:29:00,2016-04-15 13:09:00,2016-04-20 13:10:00,3 - moderate,2 - Medium,2 - Medium,category 56,Group 56,20,0,false,436.6666666666667,Breached SLA
INC0011757,2016-03-28 09:45:00,2016-04-15 16:52:00,2016-04-20 17:07:00,3 - moderate,2 - Medium,2 - Medium,category 23,Group 70,2,0,false,439.1166666666667,Breached SLA
INC0011791,2016-03-28 10:10:00,2016-03-30 11:16:00,2016-04-04 11:59:00,3 - moderate,2 - Medium,2 - Medium,category 26,Group 70,3,0,false,49.1,Breached SLA
INC0011805,2016-03-28 10:16:00,2016-03-28 15:52:00,2016-04-02 15:59:00,3 - moderate,2 - Medium,2 - Medium,category 46,Group 15,1,0,false,5.6,Breached SLA
INC0011823,2016-03-28 10:27:00,2016-03-28 15:53:00,2016-04-02 15:59:00,3 - moderate,2 - Medium,2 - Medium,category 46,Group 15,0,0,false,5.433333333333334,Breached SLA
INC0011842,2016-03-28 10:41:00,2016-04-14 12:29:00,2016-04-19 13:07:00,3 - moderate,2 - Medium,2 - Medium,category 9,Group 25,0,0,false,409.8,Breached SLA
INC0011911,2016-03-28 11:45:00,2016-03-28 11:48:00,2016-05-23 11:07:00,3 - moderate,2 - Medium,2 - Medium,category 23,Group 20,0,0,false,0.05,Breached SLA
INC0011940,2016-03-28 12:28:00,2016-04-13 09:09:00,2016-04-18 09:10:00,3 - moderate,2 - Medium,2 - Medium,category 53,Group 70,4,0,false,380.68333333333334,Breached SLA
INC0011989,2016-03-28 13:29:00,2016-04-13 16:35:00,2016-04-18 16:13:00,3 - moderate,2 - Medium,2 - Medium,category 53,Group 22,0,0,false,387.1,Breached SLA
INC0011996,2016-03-28 13:43:00,2016-04-14 09:05:00,2016-04-19 09:07:00,3 - moderate,2 - Medium,2 - Medium,category 26,Group 25,8,0,false,403.3666666666667,Breached SLA
INC0012042,2016-03-28 14:23:00,2016-04-14 16:48:00,2016-04-19 17:07:00,3 - moderate,2 - Medium,2 - Medium,category 9,Group 23,1,0,false,410.4166666666667,Breached SLA
INC0012049,2016-03-28 14:29:00,2016-04-18 10:48:00,2016-04-23 11:07:00,3 - moderate,2 - Medium,2 - Medium,category 26,Group 27,2,0,false,500.31666666666666,Breached SLA
INC0012070,2016-03-28 14:49:00,2016-03-29 09:25:00,2016-04-03 09:59:00,3 - moderate,2 - Medium,2 - Medium,category 46,Group 37,2,0,false,18.6,Breached SLA
INC0012090,2016-03-28 15:02:00,2016-03-28 15:07:00,2016-05-23 11:07:00,3 - moderate,2 - Medium,2 - Medium,category 23,Group 20,0,0,false,0.08333333333333333,Breached SLA
INC0012113,2016-03-28 15:23:00,2016-04-14 11:42:00,2016-04-19 12:07:00,3 - moderate,2 - Medium,2 - Medium,category 46,Group 10,1,0,false,404.31666666666666,Breached SLA
INC0012115,2016-03-28 15:24:00,2016-04-14 11:38:00,2016-04-19 12:07:00,3 - moderate,2 - Medium,2 - Medium,category 46,Group 23,2,0,false,404.23333333333335,Breached SLA
INC0012127,2016-03-28 15:49:00,2016-03-31 09:13:00,2016-04-05 09:59:00,3 - moderate,2 - Medium,2 - Medium,category 53,Group 31,0,0,false,65.4,Breached SLA
INC0012131,2016-03-28 15:54:00,2016-04-15 16:38:00,2016-04-20 17:07:00,3 - moderate,2 - Medium,2 - Medium,category 26,Group 70,4,0,false,432.73333333333335,Breached SLA
INC0012185,2016-03-28 17:00:00,2016-04-14 14:07:00,2016-04-19 14:10:00,3 - moderate,2 - Medium,2 - Medium,category 46,Group 6,0,0,false,405.1166666666667,Breached SLA
INC0012197,2016-03-28 17:20:00,2016-04-15 16:19:00,2016-04-20 17:07:00,3 - moderate,2 - Medium,2 - Medium,category 26,Group 25,3,0,false,430.98333333333335,Breached SLA
INC0012220,2016-03-28 19:10:00,2016-03-28 19:13:00,2016-05-23 11:07:00,3 - moderate,2 - Medium,2 - Medium,category 57,Group 65,0,0,false,0.05,Breached SLA
INC0012264,2016-03-29 06:18:00,2016-03-31 16:48:00,2016-04-05 16:59:00,3 - moderate,2 - Medium,2 - Medium,category 46,Group 33,0,0,false,58.5,Breached SLA
INC0012278,2016-03-29 07:45:00,2016-04-15 16:14:00,2016-04-20 17:07:00,3 - moderate,2 - Medium,2 - Medium,category 61,Group 73,2,0,false,416.48333333333335,Breached SLA
INC0012304,2016-03-29 08:43:00,2016-04-15 09:14:00,2016-04-20 10:07:00,3 - moderate,2 - Medium,2 - Medium,category 46,Group 6,4,0,false,408.51666666666665,Breached SLA
INC0012351,2016-03-29 09:37:00,2016-04-14 14:39:00,2016-04-19 15:07:00,3 - moderate,2 - Medium,2 - Medium,category 26,Group 20,1,0,false,389.03333333333336,Breached SLA
INC0012384,2016-03-29 09:59:00,2016-04-13 16:40:00,2016-04-18 16:13:00,3 - moderate,2 - Medium,2 - Medium,category 9,Group 29,0,0,false,366.68333333333334,Breached SLA
INC0012393,2016-03-29 10:02:00,2016-03-29 10:15:00,2016-05-23 11:07:00,3 - moderate,2 - Medium,2 - Medium,category 44,Group 5,0,0,false,0.21666666666666667,Breached SLA
INC0012396,2016-03-29 10:05:00,2016-04-14 08:47:00,2016-04-19 09:07:00,3 - moderate,2 - Medium,2 - Medium,category 53,Group 25,2,0,false,382.7,Breached SLA
INC0012486,2016-03-29 11:38:00,2016-03-31 11:03:00,2016-04-01 10:42:00,3 - moderate,2 - Medium,2 - Medium,category 57,Group 65,0,0,false,47.416666666666664,Breached SLA
INC0012544,2016-03-29 13:09:00,2016-04-18 10:00:00,2016-04-23 10:07:00,3 - moderate,2 - Medium,2 - Medium,category 26,Group 72,2,0,false,476.85,Breached SLA
INC0012548,2016-03-29 13:14:00,2016-04-18 10:20:00,2016-04-23 11:07:00,3 - moderate,2 - Medium,2 - Medium,category 47,Group 49,4,0,false,477.1,Breached SLA
INC0012558,2016-03-29 13:31:00,2016-03-31 13:02:00,2016-04-05 13:59:00,2 - high,1 - High,2 - Medium,category 42,Group 55,0,0,false,47.516666666666666,Breached SLA
INC0012594,2016-03-29 14:16:00,2016-04-14 16:43:00,2016-04-19 17:07:00,3 - moderate,2 - Medium,2 - Medium,category 19,Group 72,1,0,false,386.45,Breached SLA
INC0012598,2016-03-29 14:21:00,2016-04-18 08:57:00,2016-04-23 09:07:00,3 - moderate,2 - Medium,2 - Medium,category 61,Group 72,1,0,false,474.6,Breached SLA
INC0012608,2016-03-29 14:31:00,2016-04-15 14:23:00,2016-04-20 15:07:00,3 - moderate,2 - Medium,2 - Medium,category 61,Group 73,3,0,false,407.8666666666667,Breached SLA
INC0012634,2016-03-29 15:02:00,2016-04-15 13:46:00,2016-04-20 14:07:00,3 - moderate,2 - Medium,2 - Medium,category 24,Group 20,3,0,false,406.73333333333335,Breached SLA
INC0012653,2016-03-29 15:34:00,2016-03-31 16:17:00,2016-04-05 16:59:00,1 - critical,1 - High,1 - High,category 46,Group 31,0,0,false,48.71666666666667,Breached SLA
INC0012664,2016-03-29 15:54:00,2016-03-29 16:00:00,2016-05-23 11:07:00,3 - moderate,2 - Medium,2 - Medium,category 44,Group 5,0,0,false,0.1,Breached SLA
INC0012692,2016-03-29 16:30:00,2016-04-13 16:41:00,2016-04-18 16:13:00,3 - moderate,2 - Medium,2 - Medium,category 37,Group 29,3,0,false,360.18333333333334,Breached SLA
INC0012712,2016-03-29 17:10:00,2016-04-14 14:42:00,2016-04-19 15:07:00,3 - moderate,2 - Medium,2 - Medium,category 19,Group 72,0,0,false,381.53333333333336,Breached SLA
INC0012725,2016-03-29 17:27:00,2016-04-14 08:35:00,2016-04-19 09:07:00,3 - moderate,2 - Medium,2 - Medium,category 46,Group 6,0,0,false,375.1333333333333,Breached SLA
INC0012815,2016-03-30 08:20:00,2016-04-18 12:51:00,2016-04-23 13:07:00,3 - moderate,2 - Medium,2 - Medium,category 32,Group 56,20,1,false,460.51666666666665,Breached SLA
INC0012840,2016-03-30 08:41:00,2016-03-30 08:54:00,2016-05-23 11:07:00,3 - moderate,2 - Medium,2 - Medium,category 40,Group 20,0,0,false,0.21666666666666667,Breached SLA
INC0012884,2016-03-30 09:21:00,2016-04-13 11:39:00,2016-04-18 12:07:00,3 - moderate,2 - Medium,2 - Medium,category 26,Group 29,4,0,false,338.3,Breached SLA
INC0012900,2016-03-30 09:38:00,2016-03-30 11:52:00,2016-04-04 11:59:00,2 - high,2 - Medium,1 - High,category 42,Group 39,1,0,false,2.2333333333333334,Breached SLA
INC0012908,2016-03-30 09:45:00,2016-04-15 13:39:00,2016-04-20 14:07:00,3 - moderate,2 - Medium,2 - Medium,category 61,Group 73,8,0,false,387.9,Breached SLA
INC0012909,2016-03-30 09:46:00,2016-04-18 13:06:00,2016-04-23 13:07:00,3 - moderate,2 - Medium,2 - Medium,category 57,Group 56,10,1,false,459.3333333333333,Breached SLA
INC0012958,2016-03-30 10:36:00,2016-03-30 15:23:00,2016-04-04 15:59:00,1 - critical,1 - High,1 - High,category 42,Group 55,1,0,false,4.783333333333333,Breached SLA
INC0012974,2016-03-30 10:51:00,2016-03-31 16:18:00,2016-04-05 16:59:00,3 - moderate,2 - Medium,2 - Medium,category 46,Group 31,0,0,false,29.45,Breached SLA
INC0013018,2016-03-30 11:56:00,2016-04-13 17:00:00,2016-04-18 16:12:00,3 - moderate,2 - Medium,2 - Medium,category 42,Group 39,4,1,false,341.06666666666666,Breached SLA
INC0013109,2016-03-30 14:52:00,2016-04-13 08:38:00,2016-04-18 09:07:00,3 - moderate,2 - Medium,2 - Medium,category 53,Group 70,7,0,false,329.76666666666665,Breached SLA
INC0013120,2016-03-30 15:01:00,2016-04-13 15:19:00,2016-04-18 16:07:00,3 - moderate,2 - Medium,2 - Medium,category 53,Group 70,3,1,false,336.3,Breached SLA
INC0013272,2016-03-30 19:50:00,2016-03-31 20:25:00,2016-04-05 20:59:00,2 - high,2 - Medium,1 - High,category 46,Group 70,1,0,false,24.583333333333332,Breached SLA
INC0013273,2016-03-30 20:06:00,2016-03-30 20:15:00,2016-05-23 11:07:00,3 - moderate,2 - Medium,2 - Medium,category 43,Group 22,0,0,false,0.15,Breached SLA
INC0013283,2016-03-31 00:27:00,2016-03-31 08:52:00,2016-04-01 10:42:00,2 - high,1 - High,2 - Medium,category 57,Group 65,2,0,false,8.416666666666666,Breached SLA
INC0013286,2016-03-31 01:10:00,2016-04-15 15:50:00,2016-04-20 16:07:00,3 - moderate,2 - Medium,2 - Medium,category 46,Group 33,4,0,false,374.6666666666667,Breached SLA
INC0013331,2016-03-31 08:34:00,2016-04-18 11:21:00,2016-04-23 12:07:00,3 - moderate,2 - Medium,2 - Medium,category 9,Group 25,2,0,false,434.78333333333336,Breached SLA
INC0013337,2016-03-31 08:38:00,2016-04-18 09:38:00,2016-04-23 10:07:00,3 - moderate,2 - Medium,2 - Medium,category 9,Group 25,1,0,false,433.0,Breached SLA
INC0013348,2016-03-31 08:47:00,2016-04-15 12:14:00,2016-04-20 13:07:00,3 - moderate,2 - Medium,2 - Medium,category 32,Group 54,3,0,false,363.45,Breached SLA
INC0013362,2016-03-31 08:57:00,2016-04-18 09:06:00,2016-04-23 09:07:00,3 - moderate,2 - Medium,2 - Medium,category 61,Group 23,14,0,false,432.15,Breached SLA
INC0013389,2016-03-31 09:29:00,2016-04-20 10:45:00,2016-04-25 11:07:00,3 - moderate,2 - Medium,2 - Medium,category 26,Group 70,5,0,false,481.26666666666665,Breached SLA
INC0013398,2016-03-31 09:37:00,2016-03-31 09:38:00,2016-05-23 11:07:00,3 - moderate,2 - Medium,2 - Medium,category 57,Group 24,0,0,false,0.016666666666666666,Breached SLA
INC0013408,2016-03-31 09:46:00,2016-03-31 09:52:00,2016-05-23 11:07:00,3 - moderate,2 - Medium,2 - Medium,category 57,Group 33,0,0,false,0.1,Breached SLA
INC0013420,2016-03-31 10:00:00,2016-04-18 15:24:00,2016-04-23 16:07:00,3 - moderate,2 - Medium,2 - Medium,category 9,Group 25,0,0,false,437.4,Breached SLA
INC0013431,2016-03-31 10:13:00,2016-04-15 15:13:00,2016-04-20 16:07:00,2 - high,1 - High,2 - Medium,category 46,Group 33,1,0,false,365.0,Breached SLA
INC0013443,2016-03-31 10:37:00,2016-04-14 17:20:00,2016-04-14 17:20:00,3 - moderate,2 - Medium,2 - Medium,category 61,Group 20,2,0,false,342.71666666666664,Breached SLA
INC0013483,2016-03-31 11:37:00,2016-04-20 08:58:00,2016-04-25 09:07:00,3 - moderate,2 - Medium,2 - Medium,category 23,Group 73,4,0,false,477.35,Breached SLA
INC0013506,2016-03-31 12:11:00,2016-04-15 13:57:00,2016-04-20 14:07:00,3 - moderate,2 - Medium,2 - Medium,category 61,Group 74,1,0,false,361.76666666666665,Breached SLA
INC0013624,2016-03-31 15:18:00,2016-04-18 11:21:00,2016-04-18 11:21:00,3 - moderate,2 - Medium,2 - Medium,category 45,Group 58,1,0,false,428.05,Breached SLA
INC0013633,2016-03-31 15:29:00,2016-04-14 09:55:00,2016-04-19 10:07:00,3 - moderate,2 - Medium,2 - Medium,category 46,Group 21,4,0,false,330.43333333333334,Breached SLA
INC0013728,2016-03-31 18:44:00,2016-04-19 15:09:00,2016-04-24 15:10:00,3 - moderate,2 - Medium,2 - Medium,category 46,Group 37,2,0,false,452.4166666666667,Breached SLA
INC0013741,2016-03-31 21:17:00,2016-04-15 16:11:00,2016-04-20 17:07:00,3 - moderate,2 - Medium,2 - Medium,category 57,Group 25,1,0,false,354.9,Breached SLA
INC0018418,2016-04-13 07:02:00,2016-04-25 08:13:00,2016-04-30 09:07:00,3 - moderate,2 - Medium,2 - Medium,category 57,Group 27,1,0,false,289.18333333333334,Breached SLA
INC0018421,2016-04-13 07:29:00,2016-04-26 09:18:00,2016-05-01 10:07:00,3 - moderate,2 - Medium,2 - Medium,category 37,Group 25,1,0,false,313.81666666666666,Breached SLA
INC0018435,2016-04-13 08:04:00,2016-04-26 01:55:00,2016-05-01 02:07:00,3 - moderate,2 - Medium,2 - Medium,category 42,Group 70,3,0,false,305.85,Breached SLA
INC0018444,2016-04-13 08:13:00,2016-04-18 12:33:00,2016-04-23 13:07:00,3 - moderate,2 - Medium,2 - Medium,category 61,Group 73,0,0,false,124.33333333333333,Breached SLA
INC0018450,2016-04-13 08:25:00,2016-04-19 15:27:00,2016-04-24 16:07:00,3 - moderate,2 - Medium,2 - Medium,category 61,Group 73,0,1,false,151.03333333333333,Breached SLA
INC0018458,2016-04-13 08:34:00,2016-04-20 11:38:00,2016-04-25 12:07:00,3 - moderate,2 - Medium,2 - Medium,category 20,Group 76,1,0,false,171.06666666666666,Breached SLA
INC0018459,2016-04-13 08:34:00,2016-04-27 16:29:00,2016-05-02 17:07:00,3 - moderate,2 - Medium,2 - Medium,category 53,Group 70,1,0,false,343.9166666666667,Breached SLA
INC0018462,2016-04-13 08:38:00,2016-04-14 11:57:00,2016-04-19 12:07:00,1 - critical,1 - High,1 - High,category 20,Group 70,3,0,false,27.316666666666666,Breached SLA
INC0018463,2016-04-13 08:39:00,2016-04-25 14:31:00,2016-04-30 15:07:00,3 - moderate,2 - Medium,2 - Medium,category 26,Group 24,2,1,false,293.8666666666667,Breached SLA
INC0018512,2016-04-13 09:32:00,2016-04-22 16:52:00,2016-04-27 17:07:00,3 - moderate,2 - Medium,2 - Medium,category 53,Group 12,0,0,false,223.33333333333334,Breached SLA
INC0018522,2016-04-13 09:45:00,2016-04-19 14:25:00,2016-04-24 15:07:00,3 - moderate,2 - Medium,2 - Medium,category 46,Group 39,2,0,false,148.66666666666666,Breached SLA
INC0018533,2016-04-13 10:02:00,2016-04-28 16:05:00,2016-05-07 18:07:00,3 - moderate,2 - Medium,2 - Medium,category 46,Group 57,0,0,false,366.05,Breached SLA
INC0018544,2016-04-13 10:15:00,2016-04-18 15:00:00,2016-04-23 15:07:00,3 - moderate,2 - Medium,2 - Medium,category 26,Group 70,5,2,false,124.75,Breached SLA
INC0018548,2016-04-13 10:20:00,2016-04-18 18:08:00,2016-04-23 18:10:00,3 - moderate,2 - Medium,2 - Medium,category 61,Group 73,0,0,false,127.8,Breached SLA
INC0018552,2016-04-13 10:25:00,2016-04-19 15:05:00,2016-04-24 15:07:00,2 - high,1 - High,2 - Medium,category 32,Group 30,3,0,false,148.66666666666666,Breached SLA
INC0018554,2016-04-13 10:27:00,2016-04-25 14:39:00,2016-04-30 15:07:00,3 - moderate,2 - Medium,2 - Medium,category 53,Group 31,2,0,false,292.2,Breached SLA
INC0018555,2016-04-13 10:27:00,2016-04-18 14:40:00,2016-04-23 15:07:00,3 - moderate,2 - Medium,2 - Medium,category 26,Group 72,2,0,false,124.21666666666667,Breached SLA
INC0018569,2016-04-13 10:41:00,2016-04-25 10:49:00,2016-04-30 11:07:00,3 - moderate,2 - Medium,2 - Medium,category 24,Group 25,0,0,false,288.1333333333333,Breached SLA
INC0018576,2016-04-13 10:51:00,2016-04-14 10:27:00,2016-04-19 11:07:00,1 - critical,1 - High,1 - High,category 23,Group 72,1,0,false,23.6,Breached SLA
INC0018588,2016-04-13 10:58:00,2016-04-13 11:15:00,2016-05-23 11:07:00,3 - moderate,2 - Medium,2 - Medium,category 23,Group 20,0,0,false,0.2833333333333333,Breached SLA
INC0018604,2016-04-13 11:17:00,2016-04-18 08:27:00,2016-04-23 09:07:00,3 - moderate,2 - Medium,2 - Medium,category 23,Group 24,1,0,false,117.16666666666667,Breached SLA
INC0018610,2016-04-13 11:24:00,2016-04-19 13:19:00,2016-04-24 14:07:00,3 - moderate,2 - Medium,2 - Medium,category 9,Group 27,0,0,false,145.91666666666666,Breached SLA
INC0018617,2016-04-13 11:37:00,2016-04-20 10:30:00,2016-04-25 11:07:00,3 - moderate,2 - Medium,2 - Medium,category 46,Group 39,7,0,false,166.88333333333333,Breached SLA
INC0018620,2016-04-13 11:38:00,2016-04-19 17:07:00,2016-04-24 17:10:00,3 - moderate,2 - Medium,2 - Medium,category 24,Group 28,0,0,false,149.48333333333332,Breached SLA
INC0018621,2016-04-13 11:40:00,2016-04-28 09:33:00,2016-05-03 10:07:00,3 - moderate,2 - Medium,2 - Medium,category 26,Group 20,9,0,false,357.8833333333333,Breached SLA
INC0018631,2016-04-13 11:56:00,2016-04-14 14:36:00,2016-04-19 15:07:00,1 - critical,1 - High,1 - High,category 20,Group 72,1,0,false,26.666666666666668,Breached SLA
INC0018635,2016-04-13 11:59:00,2016-04-25 11:51:00,2016-04-30 12:07:00,3 - moderate,2 - Medium,2 - Medium,category 53,Group 66,1,0,false,287.8666666666667,Breached SLA
INC0018637,2016-04-13 12:06:00,2016-04-27 11:32:00,2016-05-02 12:07:00,3 - moderate,2 - Medium,2 - Medium,category 42,Group 66,3,0,false,335.43333333333334,Breached SLA
INC0018643,2016-04-13 12:13:00,2016-04-20 10:44:00,2016-04-25 11:07:00,3 - moderate,2 - Medium,2 - Medium,category 42,Group 66,1,0,false,166.51666666666668,Breached SLA
INC0018672,2016-04-13 13:20:00,2016-04-19 10:35:00,2016-04-24 11:07:00,3 - moderate,2 - Medium,2 - Medium,category 61,Group 72,0,0,false,141.25,Breached SLA
INC0018675,2016-04-13 13:23:00,2016-04-20 11:49:00,2016-04-25 12:07:00,3 - moderate,2 - Medium,2 - Medium,category 26,Group 70,5,0,false,166.43333333333334,Breached SLA
INC0018684,2016-04-13 13:35:00,2016-04-26 11:26:00,2016-05-01 12:07:00,3 - moderate,2 - Medium,2 - Medium,category 26,Group 70,1,0,false,309.85,Breached SLA
INC0018687,2016-04-13 13:40:00,2016-04-22 15:20:00,2016-04-27 16:07:00,3 - moderate,2 - Medium,2 - Medium,category 53,Group 29,2,0,false,217.66666666666666,Breached SLA
INC0018689,2016-04-13 13:45:00,2016-04-19 11:19:00,2016-04-24 12:07:00,3 - moderate,2 - Medium,2 - Medium,category 42,Group 6,1,0,false,141.56666666666666,Breached SLA
INC0018695,2016-04-13 13:52:00,2016-04-20 18:02:00,2016-04-25 18:07:00,3 - moderate,2 - Medium,2 - Medium,category 20,Group 76,2,0,false,172.16666666666666,Breached SLA
INC0018696,2016-04-13 13:55:00,2016-04-25 11:55:00,2016-04-30 12:07:00,3 - moderate,2 - Medium,2 - Medium,category 24,Group 25,1,0,false,286.0,Breached SLA
INC0018704,2016-04-13 14:04:00,2016-04-20 14:23:00,2016-04-25 15:07:00,3 - moderate,2 - Medium,2 - Medium,category 9,Group 25,0,0,false,168.31666666666666,Breached SLA
INC0018706,2016-04-13 14:04:00,2016-04-25 10:43:00,2016-04-30 11:07:00,3 - moderate,2 - Medium,2 - Medium,category 37,Group 47,0,0,false,284.65,Breached SLA
INC0018715,2016-04-13 14:22:00,2016-04-18 08:37:00,2016-04-23 09:07:00,3 - moderate,2 - Medium,2 - Medium,category 24,Group 23,0,1,false,114.25,Breached SLA
INC0018718,2016-04-13 14:24:00,2016-04-20 10:40:00,2016-04-25 11:07:00,3 - moderate,2 - Medium,2 - Medium,category 53,Group 68,0,0,false,164.26666666666668,Breached SLA
INC0018723,2016-04-13 14:33:00,2016-04-26 10:44:00,2016-05-01 11:07:00,3 - moderate,2 - Medium,2 - Medium,category 53,Group 70,6,0,false,308.18333333333334,Breached SLA
INC0018738,2016-04-13 14:51:00,2016-04-19 11:49:00,2016-04-24 12:07:00,3 - moderate,2 - Medium,2 - Medium,category 32,Group 39,5,0,false,140.96666666666667,Breached SLA
INC0018739,2016-04-13 14:54:00,2016-04-19 17:11:00,2016-04-24 18:07:00,3 - moderate,2 - Medium,2 - Medium,category 53,Group 82,1,0,false,146.28333333333333,Breached SLA
INC0018742,2016-04-13 15:02:00,2016-04-27 13:30:00,2016-05-02 14:07:00,3 - moderate,2 - Medium,2 - Medium,category 46,Group 10,0,0,false,334.46666666666664,Breached SLA
INC0018755,2016-04-13 15:11:00,2016-04-20 11:44:00,2016-04-25 12:07:00,3 - moderate,2 - Medium,2 - Medium,category 57,Group 25,5,1,false,164.55,Breached SLA
INC0018760,2016-04-13 15:15:00,2016-04-26 10:58:00,2016-05-01 11:07:00,3 - moderate,2 - Medium,2 - Medium,category 57,Group 70,7,0,false,307.71666666666664,Breached SLA
INC0018810,2016-04-13 15:59:00,2016-04-19 16:03:00,2016-04-24 16:07:00,3 - moderate,2 - Medium,2 - Medium,category 42,Group 39,5,0,false,144.06666666666666,Breached SLA
INC0018820,2016-04-13 16:09:00,2016-04-18 16:08:00,2016-04-23 16:10:00,3 - moderate,2 - Medium,2 - Medium,category 22,Group 25,1,0,false,119.98333333333333,Breached SLA
INC0018854,2016-04-13 16:54:00,2016-04-25 11:11:00,2016-04-30 12:07:00,3 - moderate,2 - Medium,2 - Medium,category 46,Group 22,0,0,false,282.28333333333336,Breached SLA
INC0018857,2016-04-13 17:01:00,2016-04-27 17:20:00,2016-05-02 18:07:00,3 - moderate,2 - Medium,2 - Medium,category 42,Group 39,9,0,false,336.31666666666666,Breached SLA
INC0018870,2016-04-13 17:30:00,2016-04-19 10:43:00,2016-04-24 11:07:00,3 - moderate,2 - Medium,2 - Medium,category 46,Group 21,0,0,false,137.21666666666667,Breached SLA
INC0018872,2016-04-13 17:39:00,2016-04-26 10:46:00,2016-05-01 11:07:00,3 - moderate,2 - Medium,2 - Medium,category 46,Group 10,1,0,false,305.1166666666667,Breached SLA
INC0018875,2016-04-13 17:46:00,2016-04-25 09:06:00,2016-04-30 09:07:00,3 - moderate,2 - Medium,2 - Medium,category 44,Group 5,0,0,false,279.3333333333333,Breached SLA
INC0018876,2016-04-13 17:58:00,2016-04-18 14:28:00,2016-04-23 15:07:00,3 - moderate,2 - Medium,2 - Medium,category 46,Group 33,0,0,false,116.5,Breached SLA
INC0018885,2016-04-13 18:48:00,2016-04-27 11:29:00,2016-05-02 12:07:00,3 - moderate,2 - Medium,2 - Medium,category 57,Group 76,1,0,false,328.68333333333334,Breached SLA
INC0018894,2016-04-13 20:34:00,2016-04-28 12:20:00,2016-05-03 13:07:00,3 - moderate,2 - Medium,2 - Medium,category 57,Group 33,0,0,false,351.76666666666665,Breached SLA
INC0018897,2016-04-13 21:11:00,2016-04-14 12:21:00,2016-04-19 13:07:00,2 - high,2 - Medium,1 - High,category 46,Group 58,4,0,false,15.166666666666666,Breached SLA
INC0018901,2016-04-13 21:41:00,2016-04-13 23:30:00,2016-04-18 16:08:00,3 - moderate,2 - Medium,2 - Medium,category 46,Group 55,1,0,false,1.8166666666666667,Breached SLA
INC0018902,2016-04-13 21:43:00,2016-04-19 13:59:00,2016-04-24 14:07:00,3 - moderate,2 - Medium,2 - Medium,category 35,Group 25,1,0,false,136.26666666666668,Breached SLA
INC0018905,2016-04-13 22:16:00,2016-04-27 08:27:00,2016-05-02 09:07:00,3 - moderate,2 - Medium,2 - Medium,category 46,Group 70,2,0,false,322.18333333333334,Breached SLA
INC0018908,2016-04-13 22:24:00,2016-04-14 12:15:00,2016-04-19 13:07:00,2 - high,2 - Medium,1 - High,category 46,Group 58,9,0,false,13.85,Breached SLA
INC0018923,2016-04-14 03:05:00,2016-04-29 05:27:00,2016-05-04 06:07:00,3 - moderate,2 - Medium,2 - Medium,category 57,Group 70,5,0,false,362.3666666666667,Breached SLA
INC0018936,2016-04-14 07:26:00,2016-04-18 16:30:00,2016-04-23 17:07:00,3 - moderate,2 - Medium,2 - Medium,category 53,Group 25,1,0,false,105.06666666666666,Breached SLA
INC0018939,2016-04-14 07:36:00,2016-04-19 14:46:00,2016-04-24 15:07:00,3 - moderate,2 - Medium,2 - Medium,category 35,Group 25,1,0,false,127.16666666666667,Breached SLA
INC0018940,2016-04-14 07:44:00,2016-04-20 12:50:00,2016-04-25 13:07:00,3 - moderate,2 - Medium,2 - Medium,category 23,Group 25,1,0,false,149.1,Breached SLA
INC0018943,2016-04-14 07:58:00,2016-04-18 19:59:00,2016-04-23 20:07:00,3 - moderate,2 - Medium,2 - Medium,category 37,Group 51,0,0,false,108.01666666666667,Breached SLA
INC0018962,2016-04-14 08:22:00,2016-04-19 17:43:00,2016-04-24 18:07:00,3 - moderate,2 - Medium,2 - Medium,category 42,Group 39,3,0,false,129.35,Breached SLA
INC0018970,2016-04-14 08:32:00,2016-04-28 11:32:00,2016-05-03 12:07:00,3 - moderate,2 - Medium,2 - Medium,category 42,Group 31,1,0,false,339.0,Breached SLA
INC0018974,2016-04-14 08:36:00,2016-04-26 11:02:00,2016-05-01 11:07:00,3 - moderate,2 - Medium,2 - Medium,category 26,Group 70,0,0,false,290.43333333333334,Breached SLA
INC0018995,2016-04-14 08:59:00,2016-04-20 13:05:00,2016-04-25 13:07:00,3 - moderate,2 - Medium,2 - Medium,category 61,Group 73,1,0,false,148.1,Breached SLA
INC0019001,2016-04-14 09:08:00,2016-04-20 12:29:00,2016-04-25 13:07:00,3 - moderate,2 - Medium,2 - Medium,category 20,Group 70,1,0,false,147.35,Breached SLA
INC0019002,2016-04-14 09:08:00,2016-04-19 21:15:00,2016-04-24 22:07:00,3 - moderate,2 - Medium,2 - Medium,category 26,Group 70,2,1,false,132.11666666666667,Breached SLA
INC0019009,2016-04-14 09:16:00,2016-04-18 16:21:00,2016-04-23 17:07:00,3 - moderate,2 - Medium,2 - Medium,category 9,Group 27,2,0,false,103.08333333333333,Breached SLA
INC0019029,2016-04-14 09:34:00,2016-04-25 07:47:00,2016-04-30 08:07:00,3 - moderate,2 - Medium,2 - Medium,category 46,Group 66,0,0,false,262.21666666666664,Breached SLA
INC0019035,2016-04-14 09:39:00,2016-04-19 09:47:00,2016-04-24 10:07:00,2 - high,2 - Medium,1 - High,category 19,Group 73,3,0,false,120.13333333333334,Breached SLA
INC0019042,2016-04-14 09:56:00,2016-04-27 16:34:00,2016-05-02 17:07:00,3 - moderate,2 - Medium,2 - Medium,category 46,Group 57,1,0,false,318.6333333333333,Breached SLA
INC0019045,2016-04-14 10:01:00,2016-04-18 13:07:00,2016-04-23 13:10:00,3 - moderate,2 - Medium,2 - Medium,category 61,Group 73,0,0,false,99.1,Breached SLA
INC0019048,2016-04-14 10:03:00,2016-04-19 14:22:00,2016-04-24 15:07:00,3 - moderate,2 - Medium,2 - Medium,category 46,Group 39,6,0,false,124.31666666666666,Breached SLA
INC0019054,2016-04-14 10:10:00,2016-04-18 14:25:00,2016-04-23 15:07:00,3 - moderate,2 - Medium,2 - Medium,category 46,Group 32,2,0,false,100.25,Breached SLA
INC0019063,2016-04-14 10:21:00,2016-04-20 09:21:00,2016-04-25 10:07:00,3 - moderate,2 - Medium,2 - Medium,category 26,Group 70,2,0,false,143.0,Breached SLA
INC0019067,2016-04-14 10:26:00,2016-04-26 11:03:00,2016-05-01 11:07:00,3 - moderate,2 - Medium,2 - Medium,category 26,Group 70,0,0,false,288.6166666666667,Breached SLA
INC0019069,2016-04-14 10:29:00,2016-04-22 08:50:00,2016-04-27 09:07:00,3 - moderate,2 - Medium,2 - Medium,category 46,Group 37,2,0,false,190.35,Breached SLA
INC0019075,2016-04-14 10:34:00,2016-04-14 15:34:00,2016-04-19 16:07:00,1 - critical,1 - High,1 - High,category 46,Group 66,0,0,false,5.0,Breached SLA
INC0019083,2016-04-14 10:45:00,2016-04-20 14:13:00,2016-04-25 15:07:00,3 - moderate,2 - Medium,2 - Medium,category 53,Group 76,0,0,false,147.46666666666667,Breached SLA
INC0019086,2016-04-14 10:46:00,2016-04-28 16:14:00,2016-05-03 17:07:00,3 - moderate,2 - Medium,2 - Medium,category 46,Group 22,0,0,false,341.46666666666664,Breached SLA
INC0019087,2016-04-14 10:50:00,2016-04-18 09:46:00,2016-04-23 10:07:00,3 - moderate,2 - Medium,2 - Medium,category 61,Group 72,0,0,false,94.93333333333334,Breached SLA
INC0019089,2016-04-14 10:52:00,2016-04-25 17:10:00,2016-04-30 18:07:00,3 - moderate,2 - Medium,2 - Medium,category 57,Group 65,0,0,false,270.3,Breached SLA
INC0019096,2016-04-14 11:00:00,2016-04-18 14:45:00,2016-04-23 15:07:00,3 - moderate,2 - Medium,2 - Medium,category 61,Group 72,0,0,false,99.75,Breached SLA
INC0019100,2016-04-14 11:08:00,2016-04-26 14:08:00,2016-05-01 14:10:00,3 - moderate,2 - Medium,2 - Medium,category 9,Group 25,1,0,false,291.0,Breached SLA
INC0019101,2016-04-14 11:08:00,2016-04-19 10:48:00,2016-04-24 11:07:00,3 - moderate,2 - Medium,2 - Medium,category 51,Group 25,2,0,false,119.66666666666667,Breached SLA
INC0019105,2016-04-14 11:12:00,2016-04-22 10:41:00,2016-04-27 11:07:00,3 - moderate,2 - Medium,2 - Medium,category 46,Group 6,2,0,false,191.48333333333332,Breached SLA
INC0019129,2016-04-14 11:37:00,2016-04-19 09:59:00,2016-04-24 10:07:00,3 - moderate,2 - Medium,2 - Medium,category 9,Group 60,1,0,false,118.36666666666666,Breached SLA
INC0019136,2016-04-14 11:47:00,2016-04-20 09:44:00,2016-04-25 10:07:00,3 - moderate,2 - Medium,2 - Medium,category 42,Group 6,4,0,false,141.95,Breached SLA
INC0019171,2016-04-14 12:27:00,2016-04-20 10:27:00,2016-04-25 11:07:00,3 - moderate,2 - Medium,2 - Medium,category 46,Group 6,2,0,false,142.0,Breached SLA
INC0019212,2016-04-14 13:27:00,2016-04-18 10:01:00,2016-04-23 10:07:00,3 - moderate,2 - Medium,2 - Medium,category 23,Group 20,2,0,false,92.56666666666666,Breached SLA
INC0019221,2016-04-14 13:43:00,2016-04-18 12:17:00,2016-04-23 13:07:00,3 - moderate,2 - Medium,2 - Medium,category 24,Group 27,2,0,false,94.56666666666666,Breached SLA
INC0019223,2016-04-14 13:45:00,2016-04-26 09:29:00,2016-05-01 10:07:00,3 - moderate,2 - Medium,2 - Medium,category 42,Group 39,4,0,false,283.73333333333335,Breached SLA
INC0019235,2016-04-14 14:04:00,2016-04-25 11:15:00,2016-04-30 12:07:00,3 - moderate,2 - Medium,2 - Medium,category 42,Group 39,3,0,false,261.18333333333334,Breached SLA
INC0019236,2016-04-14 14:07:00,2016-04-19 14:10:00,2016-04-24 15:07:00,3 - moderate,2 - Medium,2 - Medium,category 46,Group 6,5,0,false,120.05,Breached SLA
INC0019242,2016-04-14 14:14:00,2016-04-20 12:17:00,2016-04-25 13:07:00,3 - moderate,2 - Medium,2 - Medium,category 53,Group 76,0,0,false,142.05,Breached SLA
INC0019244,2016-04-14 14:16:00,2016-04-20 14:10:00,2016-04-25 15:07:00,3 - moderate,2 - Medium,2 - Medium,category 9,Group 25,0,0,false,143.9,Breached SLA
INC0019253,2016-04-14 14:27:00,2016-04-28 11:24:00,2016-05-03 12:07:00,3 - moderate,2 - Medium,2 - Medium,category 46,Group 31,2,0,false,332.95,Breached SLA
INC0019260,2016-04-14 14:36:00,2016-04-19 09:11:00,2016-04-24 10:07:00,3 - moderate,2 - Medium,2 - Medium,category 35,Group 70,0,0,false,114.58333333333333,Breached SLA
INC0019263,2016-04-14 14:40:00,2016-04-20 10:10:00,2016-04-25 11:07:00,3 - moderate,2 - Medium,2 - Medium,category 61,Group 70,6,0,false,139.5,Breached SLA
INC0019264,2016-04-14 14:41:00,2016-04-20 16:03:00,2016-04-25 16:07:00,3 - moderate,2 - Medium,2 - Medium,category 20,Group 70,0,0,false,145.36666666666667,Breached SLA
INC0019265,2016-04-14 14:43:00,2016-04-18 12:23:00,2016-04-23 13:07:00,3 - moderate,2 - Medium,2 - Medium,category 26,Group 73,2,0,false,93.66666666666667,Breached SLA
INC0019268,2016-04-14 14:46:00,2016-04-20 14:06:00,2016-04-25 14:07:00,3 - moderate,2 - Medium,2 - Medium,category 53,Group 70,1,0,false,143.33333333333334,Breached SLA
INC0019274,2016-04-14 14:55:00,2016-04-26 11:18:00,2016-05-01 12:07:00,3 - moderate,2 - Medium,2 - Medium,category 23,Group 70,1,0,false,284.3833333333333,Breached SLA
INC0019290,2016-04-14 15:16:00,2016-04-25 08:18:00,2016-04-30 09:07:00,3 - moderate,2 - Medium,2 - Medium,category 9,Group 25,0,0,false,257.03333333333336,Breached SLA
INC0019298,2016-04-14 15:34:00,2016-04-29 08:54:00,2016-05-04 09:07:00,3 - moderate,2 - Medium,2 - Medium,category 34,Group 25,1,0,false,353.3333333333333,Breached SLA
INC0019302,2016-04-14 15:38:00,2016-04-26 08:18:00,2016-05-01 09:07:00,3 - moderate,2 - Medium,2 - Medium,category 46,Group 66,0,0,false,280.6666666666667,Breached SLA
INC0019304,2016-04-14 15:41:00,2016-04-28 11:26:00,2016-05-03 12:07:00,3 - moderate,2 - Medium,2 - Medium,category 57,Group 76,1,0,false,331.75,Breached SLA
INC0019311,2016-04-14 15:55:00,2016-04-26 11:26:00,2016-05-01 12:07:00,3 - moderate,2 - Medium,2 - Medium,category 32,Group 70,2,0,false,283.51666666666665,Breached SLA
INC0019313,2016-04-14 15:56:00,2016-04-21 14:29:00,2016-04-26 15:07:00,3 - moderate,2 - Medium,2 - Medium,category 43,Group 70,2,0,false,166.55,Breached SLA
INC0019325,2016-04-14 16:11:00,2016-04-26 14:52:00,2016-05-01 15:07:00,3 - moderate,2 - Medium,2 - Medium,category 46,Group 66,9,0,false,286.68333333333334,Breached SLA
INC0019326,2016-04-14 16:18:00,2016-04-28 11:34:00,2016-05-03 12:07:00,3 - moderate,2 - Medium,2 - Medium,category 23,Group 70,4,0,false,331.26666666666665,Breached SLA
INC0019331,2016-04-14 16:25:00,2016-04-28 10:32:00,2016-05-04 11:07:00,3 - moderate,2 - Medium,2 - Medium,category 46,Group 66,0,0,false,330.1166666666667,Breached SLA
INC0019337,2016-04-14 16:36:00,2016-04-25 07:54:00,2016-04-30 08:07:00,3 - moderate,2 - Medium,2 - Medium,category 46,Group 66,0,0,false,255.3,Breached SLA
INC0019362,2016-04-14 17:20:00,2016-04-15 09:16:00,2016-04-20 10:07:00,3 - moderate,2 - Medium,2 - Medium,category 46,Group 57,0,0,false,15.933333333333334,Breached SLA
INC0019368,2016-04-14 17:33:00,2016-04-26 19:09:00,2016-05-01 19:10:00,3 - moderate,2 - Medium,2 - Medium,category 26,Group 53,4,0,false,289.6,Breached SLA
INC0019381,2016-04-14 18:25:00,2016-04-14 18:30:00,2016-05-23 11:07:00,3 - moderate,2 - Medium,2 - Medium,category 53,Group 55,0,0,false,0.08333333333333333,Breached SLA
INC0019390,2016-04-14 19:19:00,2016-04-27 11:53:00,2016-05-02 12:07:00,3 - moderate,2 - Medium,2 - Medium,category 46,Group 55,1,0,false,304.56666666666666,Breached SLA
INC0019399,2016-04-14 22:22:00,2016-04-27 10:59:00,2016-05-02 11:07:00,3 - moderate,2 - Medium,2 - Medium,category 61,Group 70,3,0,false,300.6166666666667,Breached SLA
INC0019402,2016-04-14 23:37:00,2016-04-27 14:48:00,2016-05-02 15:07:00,3 - moderate,2 - Medium,2 - Medium,category 9,Group 24,3,0,false,303.18333333333334,Breached SLA
INC0019404,2016-04-15 00:14:00,2016-04-28 11:38:00,2016-05-03 12:07:00,3 - moderate,2 - Medium,2 - Medium,category 26,Group 25,5,0,false,323.4,Breached SLA
INC0019491,2016-04-15 09:09:00,2016-04-28 11:34:00,2016-05-03 12:07:00,3 - moderate,2 - Medium,2 - Medium,category 34,Group 25,0,0,false,314.4166666666667,Breached SLA
INC0019578,2016-04-15 10:33:00,2016-04-15 11:37:00,2016-05-23 11:07:00,3 - moderate,2 - Medium,2 - Medium,category 57,Group 33,0,0,false,1.0666666666666667,Breached SLA
INC0019652,2016-04-15 11:56:00,2016-04-26 11:44:00,2016-05-01 12:07:00,3 - moderate,2 - Medium,2 - Medium,category 57,Group 70,2,0,false,263.8,Breached SLA
INC0019671,2016-04-15 12:06:00,2016-04-15 14:35:00,2016-04-20 15:07:00,2 - high,1 - High,2 - Medium,category 37,Group 46,0,0,false,2.4833333333333334,Breached SLA
INC0019681,2016-04-15 12:12:00,2016-04-21 14:18:00,2016-04-26 15:07:00,3 - moderate,2 - Medium,2 - Medium,category 35,Group 70,0,0,false,146.1,Breached SLA
INC0019712,2016-04-15 12:41:00,2016-04-22 15:12:00,2016-04-27 16:07:00,3 - moderate,2 - Medium,2 - Medium,category 26,Group 29,5,0,false,170.51666666666668,Breached SLA
INC0019742,2016-04-15 13:30:00,2016-04-22 17:05:00,2016-04-27 17:07:00,3 - moderate,2 - Medium,2 - Medium,category 53,Group 12,0,0,false,171.58333333333334,Breached SLA
INC0019757,2016-04-15 13:42:00,2016-04-25 09:23:00,2016-04-30 10:07:00,3 - moderate,2 - Medium,2 - Medium,category 26,Group 26,6,0,false,235.68333333333334,Breached SLA
INC0019768,2016-04-15 13:52:00,2016-04-29 12:24:00,2016-05-04 13:07:00,3 - moderate,2 - Medium,2 - Medium,category 24,Group 27,1,0,false,334.53333333333336,Breached SLA
INC0019794,2016-04-15 14:08:00,2016-04-19 09:17:00,2016-04-24 10:07:00,2 - high,1 - High,2 - Medium,category 37,Group 50,0,0,false,91.15,Breached SLA
INC0019801,2016-04-15 14:12:00,2016-04-25 08:24:00,2016-04-30 09:07:00,3 - moderate,2 - Medium,2 - Medium,category 42,Group 66,1,0,false,234.2,Breached SLA
INC0019817,2016-04-15 14:17:00,2016-04-29 09:05:00,2016-05-04 09:07:00,3 - moderate,2 - Medium,2 - Medium,category 34,Group 24,1,0,false,330.8,Breached SLA
INC0019824,2016-04-15 14:21:00,2016-04-15 14:26:00,2016-05-23 11:07:00,3 - moderate,2 - Medium,2 - Medium,category 23,Group 20,0,0,false,0.08333333333333333,Breached SLA
INC0019825,2016-04-15 14:21:00,2016-04-29 10:36:00,2016-05-04 11:07:00,3 - moderate,2 - Medium,2 - Medium,category 46,Group 66,0,0,false,332.25,Breached SLA
INC0019828,2016-04-15 14:25:00,2016-04-25 17:18:00,2016-04-30 18:07:00,3 - moderate,2 - Medium,2 - Medium,category 57,Group 70,4,0,false,242.88333333333333,Breached SLA
INC0019834,2016-04-15 14:38:00,2016-04-28 11:30:00,2016-05-03 12:07:00,3 - moderate,2 - Medium,2 - Medium,category 46,Group 31,0,0,false,308.8666666666667,Breached SLA
INC0019850,2016-04-15 14:49:00,2016-04-25 10:13:00,2016-04-30 11:07:00,3 - moderate,2 - Medium,2 - Medium,category 53,Group 27,2,0,false,235.4,Breached SLA
INC0019853,2016-04-15 14:52:00,2016-04-26 08:52:00,2016-05-01 09:07:00,3 - moderate,2 - Medium,2 - Medium,category 7,Group 24,0,0,false,258.0,Breached SLA
INC0019857,2016-04-15 14:55:00,2016-04-26 08:54:00,2016-05-01 09:07:00,3 - moderate,2 - Medium,2 - Medium,category 23,Group 24,1,0,false,257.98333333333335,Breached SLA
INC0019887,2016-04-15 15:23:00,2016-04-29 18:29:00,2016-05-04 19:07:00,3 - moderate,2 - Medium,2 - Medium,category 40,Group 56,13,0,false,339.1,Breached SLA
INC0019892,2016-04-15 15:26:00,2016-04-26 11:46:00,2016-05-01 12:07:00,3 - moderate,2 - Medium,2 - Medium,category 53,Group 70,4,0,false,260.3333333333333,Breached SLA
INC0019894,2016-04-15 15:27:00,2016-04-27 08:52:00,2016-05-02 09:07:00,3 - moderate,2 - Medium,2 - Medium,category 53,Group 70,1,0,false,281.4166666666667,Breached SLA
INC0019898,2016-04-15 15:32:00,2016-04-27 08:57:00,2016-05-02 09:07:00,3 - moderate,2 - Medium,2 - Medium,category 53,Group 70,1,0,false,281.4166666666667,Breached SLA
INC0019907,2016-04-15 15:40:00,2016-04-15 16:58:00,2016-04-20 17:07:00,3 - moderate,2 - Medium,2 - Medium,category 44,Group 5,0,0,false,1.3,Breached SLA
INC0019914,2016-04-15 15:52:00,2016-04-25 04:14:00,2016-04-30 05:07:00,3 - moderate,2 - Medium,2 - Medium,category 26,Group 70,4,0,false,228.36666666666667,Breached SLA
INC0019916,2016-04-15 15:53:00,2016-04-27 21:25:00,2016-05-02 22:07:00,3 - moderate,2 - Medium,2 - Medium,category 9,Group 29,0,0,false,293.53333333333336,Breached SLA
INC0019920,2016-04-15 16:02:00,2016-04-26 08:48:00,2016-05-01 09:07:00,3 - moderate,2 - Medium,2 - Medium,category 9,Group 25,1,0,false,256.76666666666665,Breached SLA
INC0019921,2016-04-15 16:06:00,2016-04-25 12:48:00,2016-04-30 13:07:00,3 - moderate,2 - Medium,2 - Medium,category 9,Group 25,0,0,false,236.7,Breached SLA
INC0019927,2016-04-15 16:09:00,2016-04-26 11:47:00,2016-05-01 12:07:00,3 - moderate,2 - Medium,2 - Medium,category 42,Group 70,0,0,false,259.6333333333333,Breached SLA
INC0019930,2016-04-15 16:15:00,2016-04-27 11:09:00,2016-05-02 11:10:00,3 - moderate,2 - Medium,2 - Medium,category 26,Group 70,1,0,false,282.9,Breached SLA
INC0019935,2016-04-15 16:19:00,2016-04-27 12:23:00,2016-05-02 13:07:00,3 - moderate,2 - Medium,2 - Medium,category 57,Group 25,1,0,false,284.06666666666666,Breached SLA
INC0019939,2016-04-15 16:22:00,2016-04-28 16:27:00,2016-05-03 17:07:00,3 - moderate,2 - Medium,2 - Medium,category 46,Group 6,1,0,false,312.0833333333333,Breached SLA
INC0019944,2016-04-15 16:27:00,2016-04-26 09:36:00,2016-05-01 10:07:00,3 - moderate,2 - Medium,2 - Medium,category 46,Group 31,1,0,false,257.15,Breached SLA
INC0019950,2016-04-15 16:35:00,2016-04-26 11:49:00,2016-05-01 12:07:00,3 - moderate,2 - Medium,2 - Medium,category 23,Group 70,4,0,false,259.23333333333335,Breached SLA
INC0019956,2016-04-15 16:47:00,2016-04-29 15:16:00,2016-05-04 16:07:00,3 - moderate,2 - Medium,2 - Medium,category 9,Group 24,1,0,false,334.48333333333335,Breached SLA
INC0019959,2016-04-15 16:50:00,2016-04-25 17:04:00,2016-04-30 17:07:00,3 - moderate,2 - Medium,2 - Medium,category 43,Group 22,0,0,false,240.23333333333332,Breached SLA
INC0019966,2016-04-15 17:03:00,2016-04-27 12:44:00,2016-05-02 13:07:00,3 - moderate,2 - Medium,2 - Medium,category 46,Group 6,1,0,false,283.68333333333334,Breached SLA
INC0019972,2016-04-15 17:10:00,2016-04-19 10:23:00,2016-04-24 11:07:00,3 - moderate,2 - Medium,2 - Medium,category 46,Group 22,0,0,false,89.21666666666667,Breached SLA
INC0019976,2016-04-15 17:22:00,2016-04-28 11:41:00,2016-05-03 12:07:00,3 - moderate,2 - Medium,2 - Medium,category 26,Group 70,1,0,false,306.31666666666666,Breached SLA
INC0020020,2016-04-16 04:11:00,2016-04-16 04:49:00,2016-04-21 05:07:00,2 - high,2 - Medium,1 - High,category 53,Group 57,2,0,false,0.6333333333333333,Breached SLA
INC0020051,2016-04-16 14:39:00,2016-04-28 09:39:00,2016-05-03 10:07:00,3 - moderate,2 - Medium,2 - Medium,category 26,Group 59,4,1,false,283.0,Breached SLA
INC0020052,2016-04-16 15:25:00,2016-04-25 14:16:00,2016-04-30 15:07:00,3 - moderate,2 - Medium,2 - Medium,category 32,Group 25,4,0,false,214.85,Breached SLA
INC0020063,2016-04-16 19:24:00,2016-04-26 12:01:00,2016-05-01 12:07:00,3 - moderate,2 - Medium,2 - Medium,category 53,Group 70,1,0,false,232.61666666666667,Breached SLA
INC0020074,2016-04-17 05:54:00,2016-04-27 09:27:00,2016-05-02 10:07:00,3 - moderate,2 - Medium,2 - Medium,category 8,Group 53,1,0,false,243.55,Breached SLA
INC0020075,2016-04-17 07:18:00,2016-04-28 10:26:00,2016-05-03 11:07:00,3 - moderate,2 - Medium,2 - Medium,category 53,Group 25,2,0,false,267.1333333333333,Breached SLA
INC0020081,2016-04-17 08:32:00,2016-04-18 14:27:00,2016-04-23 15:07:00,3 - moderate,2 - Medium,2 - Medium,category 23,Group 72,2,0,false,29.916666666666668,Breached SLA
INC0020082,2016-04-17 08:35:00,2016-04-25 17:37:00,2016-04-30 18:07:00,3 - moderate,2 - Medium,2 - Medium,category 23,Group 54,2,0,false,201.03333333333333,Breached SLA
INC0020084,2016-04-17 09:16:00,2016-04-28 15:04:00,2016-05-03 15:07:00,3 - moderate,2 - Medium,2 - Medium,category 53,Group 24,1,0,false,269.8,Breached SLA
INC0020095,2016-04-17 13:25:00,2016-04-26 12:04:00,2016-05-01 12:07:00,3 - moderate,2 - Medium,2 - Medium,category 57,Group 70,4,0,false,214.65,Breached SLA
INC0020098,2016-04-17 13:35:00,2016-04-26 15:13:00,2016-05-01 16:07:00,3 - moderate,2 - Medium,2 - Medium,category 57,Group 24,1,0,false,217.63333333333333,Breached SLA
INC0020117,2016-04-18 01:03:00,2016-04-25 03:02:00,2016-04-30 03:07:00,3 - moderate,2 - Medium,2 - Medium,category 42,Group 70,0,0,false,169.98333333333332,Breached SLA
INC0020118,2016-04-18 01:19:00,2016-04-18 02:17:00,2016-04-23 03:07:00,3 - moderate,2 - Medium,2 - Medium,category 42,Group 70,0,0,false,0.9666666666666667,Breached SLA
INC0020138,2016-04-18 07:54:00,2016-04-25 03:13:00,2016-04-30 04:07:00,3 - moderate,2 - Medium,2 - Medium,category 26,Group 70,0,0,false,163.31666666666666,Breached SLA
INC0020147,2016-04-18 08:17:00,2016-04-22 17:06:00,2016-04-27 17:07:00,3 - moderate,2 - Medium,2 - Medium,category 53,Group 12,0,0,false,104.81666666666666,Breached SLA
INC0020155,2016-04-18 08:24:00,2016-04-29 16:59:00,2016-05-04 17:07:00,3 - moderate,2 - Medium,2 - Medium,category 46,Group 15,1,0,false,272.5833333333333,Breached SLA
INC0020157,2016-04-18 08:26:00,2016-04-25 09:59:00,2016-04-30 10:07:00,3 - moderate,2 - Medium,2 - Medium,category 46,Group 57,0,0,false,169.55,Breached SLA
INC0020160,2016-04-18 08:28:00,2016-04-28 09:09:00,2016-05-03 09:10:00,3 - moderate,2 - Medium,2 - Medium,category 26,Group 25,6,0,false,240.68333333333334,Breached SLA
INC0020164,2016-04-18 08:35:00,2016-04-22 17:07:00,2016-04-27 17:10:00,3 - moderate,2 - Medium,2 - Medium,category 53,Group 12,0,0,false,104.53333333333333,Breached SLA
INC0020166,2016-04-18 08:37:00,2016-04-28 11:30:00,2016-05-03 12:07:00,3 - moderate,2 - Medium,2 - Medium,category 9,Group 25,0,0,false,242.88333333333333,Breached SLA
INC0020174,2016-04-18 08:47:00,2016-04-22 17:08:00,2016-04-27 17:10:00,3 - moderate,2 - Medium,2 - Medium,category 44,Group 12,1,0,false,104.35,Breached SLA
INC0020177,2016-04-18 08:49:00,2016-04-25 21:02:00,2016-04-30 21:07:00,3 - moderate,2 - Medium,2 - Medium,category 26,Group 70,5,0,false,180.21666666666667,Breached SLA
INC0020191,2016-04-18 08:59:00,2016-04-29 14:47:00,2016-05-04 15:07:00,3 - moderate,2 - Medium,2 - Medium,category 37,Group 28,3,0,false,269.8,Breached SLA
INC0020212,2016-04-18 09:16:00,2016-04-25 09:40:00,2016-04-30 10:07:00,3 - moderate,2 - Medium,2 - Medium,category 53,Group 33,7,0,false,168.4,Breached SLA
INC0020214,2016-04-18 09:20:00,2016-04-27 13:24:00,2016-05-02 14:07:00,3 - moderate,2 - Medium,2 - Medium,category 42,Group 10,1,0,false,220.06666666666666,Breached SLA
INC0020219,2016-04-18 09:23:00,2016-04-26 10:35:00,2016-05-01 11:07:00,3 - moderate,2 - Medium,2 - Medium,category 53,Group 70,1,0,false,193.2,Breached SLA
INC0020238,2016-04-18 09:40:00,2016-04-27 14:17:00,2016-05-02 15:07:00,3 - moderate,2 - Medium,2 - Medium,category 57,Group 28,1,0,false,220.61666666666667,Breached SLA
INC0020242,2016-04-18 09:43:00,2016-04-27 09:09:00,2016-05-02 09:10:00,3 - moderate,2 - Medium,2 - Medium,category 37,Group 48,1,0,false,215.43333333333334,Breached SLA
INC0020258,2016-04-18 09:53:00,2016-04-27 09:03:00,2016-05-02 09:07:00,3 - moderate,2 - Medium,2 - Medium,category 37,Group 70,2,0,false,215.16666666666666,Breached SLA
INC0020265,2016-04-18 09:59:00,2016-04-28 09:31:00,2016-05-03 10:07:00,3 - moderate,2 - Medium,2 - Medium,category 23,Group 59,3,0,false,239.53333333333333,Breached SLA
INC0020273,2016-04-18 10:04:00,2016-04-29 09:48:00,2016-05-04 10:07:00,3 - moderate,2 - Medium,2 - Medium,category 9,Group 24,2,0,false,263.73333333333335,Breached SLA
INC0020276,2016-04-18 10:06:00,2016-04-29 16:30:00,2016-05-04 17:07:00,3 - moderate,2 - Medium,2 - Medium,category 42,Group 39,8,0,false,270.4,Breached SLA
INC0020278,2016-04-18 10:07:00,2016-04-25 11:34:00,2016-04-30 12:07:00,3 - moderate,2 - Medium,2 - Medium,category 42,Group 10,3,0,false,169.45,Breached SLA
INC0020279,2016-04-18 10:07:00,2016-04-29 16:09:00,2016-05-04 16:10:00,3 - moderate,2 - Medium,2 - Medium,category 26,Group 20,1,0,false,270.03333333333336,Breached SLA
INC0020290,2016-04-18 10:17:00,2016-04-22 17:10:00,2016-04-27 17:10:00,3 - moderate,2 - Medium,2 - Medium,category 61,Group 12,2,0,false,102.88333333333334,Breached SLA
INC0020295,2016-04-18 10:22:00,2016-04-29 14:46:00,2016-05-04 15:07:00,3 - moderate,2 - Medium,2 - Medium,category 23,Group 20,0,0,false,268.4,Breached SLA
INC0020297,2016-04-18 10:27:00,2016-04-26 12:29:00,2016-05-01 13:07:00,3 - moderate,2 - Medium,2 - Medium,category 53,Group 70,0,0,false,194.03333333333333,Breached SLA
INC0020299,2016-04-18 10:31:00,2016-04-28 11:41:00,2016-05-02 10:25:00,3 - moderate,2 - Medium,2 - Medium,category 57,Group 65,0,0,false,241.16666666666666,Breached SLA
INC0020300,2016-04-18 10:32:00,2016-04-25 03:19:00,2016-04-30 04:07:00,3 - moderate,2 - Medium,2 - Medium,category 53,Group 70,0,0,false,160.78333333333333,Breached SLA
INC0020303,2016-04-18 10:32:00,2016-04-27 11:19:00,2016-05-02 12:07:00,3 - moderate,2 - Medium,2 - Medium,category 9,Group 27,1,0,false,216.78333333333333,Breached SLA
INC0020305,2016-04-18 10:35:00,2016-04-25 10:00:00,2016-04-30 10:07:00,3 - moderate,2 - Medium,2 - Medium,category 24,Group 27,1,0,false,167.41666666666666,Breached SLA
INC0020314,2016-04-18 10:41:00,2016-04-25 03:24:00,2016-04-30 04:07:00,3 - moderate,2 - Medium,2 - Medium,category 26,Group 70,0,0,false,160.71666666666667,Breached SLA
INC0020325,2016-04-18 10:58:00,2016-04-26 12:32:00,2016-05-01 13:07:00,3 - moderate,2 - Medium,2 - Medium,category 26,Group 70,1,0,false,193.56666666666666,Breached SLA
INC0020329,2016-04-18 10:59:00,2016-04-25 17:23:00,2016-04-30 18:07:00,3 - moderate,2 - Medium,2 - Medium,category 26,Group 70,0,0,false,174.4,Breached SLA
INC0020338,2016-04-18 11:07:00,2016-04-25 13:49:00,2016-04-30 14:07:00,3 - moderate,2 - Medium,2 - Medium,category 37,Group 48,0,0,false,170.7,Breached SLA
INC0020343,2016-04-18 11:13:00,2016-04-27 12:21:00,2016-05-02 13:07:00,3 - moderate,2 - Medium,2 - Medium,category 26,Group 20,1,0,false,217.13333333333333,Breached SLA
INC0020345,2016-04-18 11:16:00,2016-04-26 14:54:00,2016-05-01 15:07:00,3 - moderate,2 - Medium,2 - Medium,category 34,Group 25,0,0,false,195.63333333333333,Breached SLA
INC0020347,2016-04-18 11:16:00,2016-04-25 17:32:00,2016-04-30 18:07:00,3 - moderate,2 - Medium,2 - Medium,category 26,Group 70,3,0,false,174.26666666666668,Breached SLA
INC0020353,2016-04-18 11:25:00,2016-04-29 10:01:00,2016-05-04 10:07:00,3 - moderate,2 - Medium,2 - Medium,category 42,Group 6,6,0,false,262.6,Breached SLA
INC0020363,2016-04-18 11:41:00,2016-04-27 09:06:00,2016-05-02 09:07:00,3 - moderate,2 - Medium,2 - Medium,category 53,Group 76,1,0,false,213.41666666666666,Breached SLA
INC0020368,2016-04-18 11:51:00,2016-04-26 12:33:00,2016-05-01 13:07:00,3 - moderate,2 - Medium,2 - Medium,category 42,Group 70,6,0,false,192.7,Breached SLA
INC0020370,2016-04-18 11:52:00,2016-04-22 17:12:00,2016-04-27 18:07:00,3 - moderate,2 - Medium,2 - Medium,category 61,Group 12,0,0,false,101.33333333333333,Breached SLA
INC0020374,2016-04-18 11:59:00,2016-04-18 12:12:00,2016-05-23 11:07:00,3 - moderate,2 - Medium,2 - Medium,category 23,Group 20,0,0,false,0.21666666666666667,Breached SLA
INC0020383,2016-04-18 12:06:00,2016-04-22 09:12:00,2016-04-27 10:07:00,3 - moderate,2 - Medium,2 - Medium,category 46,Group 57,0,0,false,93.1,Breached SLA
INC0020386,2016-04-18 12:12:00,2016-04-18 12:14:00,2016-05-23 11:07:00,3 - moderate,2 - Medium,2 - Medium,category 23,Group 20,0,0,false,0.03333333333333333,Breached SLA
INC0020406,2016-04-18 12:55:00,2016-04-25 15:46:00,2016-04-30 16:07:00,3 - moderate,2 - Medium,2 - Medium,category 63,Group 25,0,0,false,170.85,Breached SLA
INC0020425,2016-04-18 13:27:00,2016-04-28 13:40:00,2016-05-03 14:07:00,3 - moderate,2 - Medium,2 - Medium,category 26,Group 20,2,0,false,240.21666666666667,Breached SLA
INC0020427,2016-04-18 13:29:00,2016-04-28 14:56:00,2016-05-03 15:07:00,3 - moderate,2 - Medium,2 - Medium,category 26,Group 70,3,0,false,241.45,Breached SLA
INC0020433,2016-04-18 13:35:00,2016-04-26 15:58:00,2016-05-01 16:07:00,3 - moderate,2 - Medium,2 - Medium,category 35,Group 70,1,0,false,194.38333333333333,Breached SLA
INC0020439,2016-04-18 13:41:00,2016-04-18 15:35:00,2016-05-23 11:07:00,3 - moderate,2 - Medium,2 - Medium,category 23,Group 20,0,0,false,1.9,Breached SLA
INC0020440,2016-04-18 13:44:00,2016-04-28 16:59:00,2016-05-03 17:07:00,3 - moderate,2 - Medium,2 - Medium,category 32,Group 39,3,0,false,243.25,Breached SLA
INC0020445,2016-04-18 13:49:00,2016-04-19 14:42:00,2016-04-24 15:07:00,2 - high,1 - High,2 - Medium,category 23,Group 70,2,0,false,24.883333333333333,Breached SLA
INC0020451,2016-04-18 13:56:00,2016-04-26 10:44:00,2016-05-01 11:07:00,3 - moderate,2 - Medium,2 - Medium,category 9,Group 30,0,0,false,188.8,Breached SLA
INC0020453,2016-04-18 13:59:00,2016-04-18 17:23:00,2016-04-23 18:07:00,2 - high,1 - High,2 - Medium,category 42,Group 39,2,0,false,3.4,Breached SLA
INC0020456,2016-04-18 14:07:00,2016-04-26 16:00:00,2016-05-01 16:07:00,3 - moderate,2 - Medium,2 - Medium,category 53,Group 70,2,0,false,193.88333333333333,Breached SLA
INC0020459,2016-04-18 14:12:00,2016-04-27 09:30:00,2016-05-02 10:07:00,3 - moderate,2 - Medium,2 - Medium,category 53,Group 70,2,0,false,211.3,Breached SLA
INC0020471,2016-04-18 14:23:00,2016-04-19 14:36:00,2016-04-24 15:07:00,2 - high,1 - High,2 - Medium,category 23,Group 70,2,0,false,24.216666666666665,Breached SLA
INC0020474,2016-04-18 14:27:00,2016-04-18 17:22:00,2016-04-23 18:07:00,3 - moderate,2 - Medium,2 - Medium,category 28,Group 39,1,0,false,2.9166666666666665,Breached SLA
INC0020479,2016-04-18 14:37:00,2016-04-28 11:24:00,2016-05-03 12:07:00,3 - moderate,2 - Medium,2 - Medium,category 35,Group 70,1,0,false,236.78333333333333,Breached SLA
INC0020490,2016-04-18 14:49:00,2016-04-25 09:01:00,2016-04-30 09:07:00,3 - moderate,2 - Medium,2 - Medium,category 46,Group 5,1,0,false,162.2,Breached SLA
INC0020509,2016-04-18 15:08:00,2016-04-26 08:26:00,2016-05-01 09:07:00,3 - moderate,2 - Medium,2 - Medium,category 46,Group 66,0,0,false,185.3,Breached SLA
INC0020516,2016-04-18 15:13:00,2016-04-28 13:00:00,2016-05-03 13:07:00,3 - moderate,2 - Medium,2 - Medium,category 61,Group 70,9,0,false,237.78333333333333,Breached SLA
INC0020521,2016-04-18 15:20:00,2016-04-20 11:59:00,2016-04-25 12:07:00,2 - high,1 - High,2 - Medium,category 23,Group 70,2,0,false,44.65,Breached SLA
INC0020527,2016-04-18 15:24:00,2016-04-25 15:00:00,2016-04-30 15:07:00,3 - moderate,2 - Medium,2 - Medium,category 20,Group 31,5,0,false,167.6,Breached SLA
INC0020536,2016-04-18 15:39:00,2016-04-26 11:49:00,2016-05-01 12:07:00,3 - moderate,2 - Medium,2 - Medium,category 53,Group 31,2,0,false,188.16666666666666,Breached SLA
INC0020562,2016-04-18 15:58:00,2016-04-26 14:44:00,2016-05-01 15:07:00,3 - moderate,2 - Medium,2 - Medium,category 57,Group 34,0,0,false,190.76666666666668,Breached SLA
INC0020568,2016-04-18 16:03:00,2016-04-29 11:00:00,2016-05-04 11:07:00,3 - moderate,2 - Medium,2 - Medium,category 57,,0,0,false,258.95,Breached SLA
INC0020572,2016-04-18 16:07:00,2016-04-29 15:28:00,2016-05-04 16:07:00,3 - moderate,2 - Medium,2 - Medium,category 9,Group 70,9,0,false,263.35,Breached SLA
INC0020579,2016-04-18 16:14:00,2016-04-27 16:27:00,2016-05-02 17:07:00,3 - moderate,2 - Medium,2 - Medium,category 46,Group 57,0,0,false,216.21666666666667,Breached SLA
INC0020588,2016-04-18 16:30:00,2016-04-26 15:14:00,2016-05-01 16:07:00,3 - moderate,2 - Medium,2 - Medium,category 53,Group 70,1,0,false,190.73333333333332,Breached SLA
INC0020600,2016-04-18 16:44:00,2016-04-27 10:21:00,2016-05-02 11:07:00,3 - moderate,2 - Medium,2 - Medium,category 53,Group 66,5,1,false,209.61666666666667,Breached SLA
INC0020611,2016-04-18 16:59:00,2016-04-26 15:22:00,2016-05-01 16:07:00,3 - moderate,2 - Medium,2 - Medium,category 42,Group 31,3,0,false,190.38333333333333,Breached SLA
INC0020618,2016-04-18 17:14:00,2016-04-19 09:45:00,2016-04-24 10:07:00,2 - high,2 - Medium,1 - High,category 23,Group 70,2,0,false,16.516666666666666,Breached SLA
INC0020620,2016-04-18 17:23:00,2016-04-25 17:27:00,2016-04-30 18:07:00,3 - moderate,2 - Medium,2 - Medium,category 44,Group 5,0,0,false,168.06666666666666,Breached SLA
INC0020638,2016-04-18 19:04:00,2016-04-25 10:32:00,2016-04-30 11:07:00,3 - moderate,2 - Medium,2 - Medium,category 37,Group 50,0,0,false,159.46666666666667,Breached SLA
INC0020648,2016-04-18 20:19:00,2016-04-27 11:56:00,2016-05-02 12:07:00,3 - moderate,2 - Medium,2 - Medium,category 9,Group 70,2,0,false,207.61666666666667,Breached SLA
INC0020654,2016-04-18 21:01:00,2016-04-29 09:55:00,2016-05-04 10:07:00,3 - moderate,2 - Medium,2 - Medium,category 61,Group 59,4,0,false,252.9,Breached SLA
INC0020657,2016-04-18 21:57:00,2016-04-19 07:28:00,2016-04-24 08:07:00,2 - high,2 - Medium,1 - High,category 38,Group 72,3,0,false,9.516666666666667,Breached SLA
INC0020658,2016-04-18 21:58:00,2016-04-19 07:26:00,2016-04-24 08:07:00,3 - moderate,2 - Medium,2 - Medium,category 57,Group 72,3,0,false,9.466666666666667,Breached SLA
INC0020674,2016-04-19 00:55:00,2016-04-19 08:09:00,2016-04-24 08:10:00,3 - moderate,2 - Medium,2 - Medium,category 42,Group 55,1,0,false,7.233333333333333,Breached SLA
INC0020679,2016-04-19 01:09:00,2016-04-19 04:16:00,2016-04-24 05:07:00,1 - critical,1 - High,1 - High,category 46,Group 70,1,0,false,3.1166666666666667,Breached SLA
INC0020681,2016-04-19 01:20:00,2016-04-25 14:58:00,2016-04-30 15:07:00,3 - moderate,2 - Medium,2 - Medium,category 46,Group 72,4,0,false,157.63333333333333,Breached SLA
INC0020688,2016-04-19 02:20:00,2016-04-29 12:44:00,2016-05-04 13:07:00,3 - moderate,2 - Medium,2 - Medium,category 23,Group 70,3,0,false,250.4,Breached SLA
INC0020717,2016-04-19 08:19:00,2016-04-27 10:52:00,2016-05-02 11:07:00,3 - moderate,2 - Medium,2 - Medium,category 26,Group 70,1,0,false,194.55,Breached SLA
INC0020725,2016-04-19 08:34:00,2016-04-26 14:31:00,2016-05-01 15:07:00,3 - moderate,2 - Medium,2 - Medium,category 46,Group 10,2,0,false,173.95,Breached SLA
INC0020729,2016-04-19 08:37:00,2016-04-26 15:18:00,2016-05-01 16:07:00,3 - moderate,2 - Medium,2 - Medium,category 46,Group 70,1,0,false,174.68333333333334,Breached SLA
INC0020736,2016-04-19 08:46:00,2016-04-29 13:38:00,2016-05-04 14:07:00,3 - moderate,2 - Medium,2 - Medium,category 57,Group 70,5,1,false,244.86666666666667,Breached SLA
INC0020742,2016-04-19 08:55:00,2016-04-25 12:32:00,2016-04-30 13:07:00,3 - moderate,2 - Medium,2 - Medium,category 61,Group 20,3,0,false,147.61666666666667,Breached SLA
INC0020748,2016-04-19 09:01:00,2016-04-28 15:20:00,2016-05-03 16:07:00,3 - moderate,2 - Medium,2 - Medium,category 42,Group 70,9,0,false,222.31666666666666,Breached SLA
INC0020749,2016-04-19 09:01:00,2016-04-25 12:03:00,2016-04-30 12:07:00,3 - moderate,2 - Medium,2 - Medium,category 57,Group 24,0,1,false,147.03333333333333,Breached SLA
INC0020751,2016-04-19 09:03:00,2016-04-26 15:24:00,2016-05-01 16:07:00,3 - moderate,2 - Medium,2 - Medium,category 53,Group 24,4,0,false,174.35,Breached SLA
INC0020752,2016-04-19 09:03:00,2016-04-26 12:40:00,2016-05-01 13:07:00,3 - moderate,2 - Medium,2 - Medium,category 53,Group 30,1,0,false,171.61666666666667,Breached SLA
INC0020759,2016-04-19 09:11:00,2016-04-25 15:19:00,2016-04-30 16:07:00,3 - moderate,2 - Medium,2 - Medium,category 46,Group 10,1,0,false,150.13333333333333,Breached SLA
INC0020761,2016-04-19 09:12:00,2016-04-25 21:29:00,2016-04-30 22:07:00,3 - moderate,2 - Medium,2 - Medium,category 46,Group 12,1,0,false,156.28333333333333,Breached SLA
INC0020771,2016-04-19 09:21:00,2016-04-26 17:23:00,2016-05-01 18:07:00,3 - moderate,2 - Medium,2 - Medium,category 20,Group 20,3,0,false,176.03333333333333,Breached SLA
INC0020779,2016-04-19 09:34:00,2016-04-28 11:39:00,2016-05-03 12:07:00,3 - moderate,2 - Medium,2 - Medium,category 53,Group 25,0,0,false,218.08333333333334,Breached SLA
INC0020780,2016-04-19 09:39:00,2016-04-27 11:54:00,2016-05-02 12:07:00,3 - moderate,2 - Medium,2 - Medium,category 26,Group 70,3,0,false,194.25,Breached SLA
INC0020786,2016-04-19 09:57:00,2016-04-25 18:00:00,2016-04-30 18:07:00,3 - moderate,2 - Medium,2 - Medium,category 42,Group 33,3,0,false,152.05,Breached SLA
INC0020788,2016-04-19 09:58:00,2016-04-27 11:47:00,2016-05-02 12:07:00,3 - moderate,2 - Medium,2 - Medium,category 46,Group 39,2,0,false,193.81666666666666,Breached SLA
INC0020789,2016-04-19 09:59:00,2016-04-26 13:53:00,2016-05-01 14:07:00,3 - moderate,2 - Medium,2 - Medium,category 26,Group 70,5,0,false,171.9,Breached SLA
INC0020790,2016-04-19 10:00:00,2016-04-26 10:46:00,2016-05-01 11:07:00,3 - moderate,2 - Medium,2 - Medium,category 26,Group 70,5,0,false,168.76666666666668,Breached SLA
INC0020799,2016-04-19 10:10:00,2016-04-25 17:47:00,2016-04-30 18:07:00,3 - moderate,2 - Medium,2 - Medium,category 42,Group 12,1,0,false,151.61666666666667,Breached SLA
INC0020820,2016-04-19 10:33:00,2016-04-26 13:54:00,2016-05-01 14:07:00,3 - moderate,2 - Medium,2 - Medium,category 42,Group 70,3,2,false,171.35,Breached SLA
INC0020829,2016-04-19 10:47:00,2016-04-19 15:22:00,2016-04-24 16:07:00,2 - high,1 - High,2 - Medium,category 40,Group 54,1,0,false,4.583333333333333,Breached SLA
INC0020834,2016-04-19 10:51:00,2016-04-29 13:45:00,2016-05-04 14:07:00,3 - moderate,2 - Medium,2 - Medium,category 26,Group 70,2,0,false,242.9,Breached SLA
INC0020841,2016-04-19 11:14:00,2016-04-25 17:38:00,2016-04-30 18:07:00,3 - moderate,2 - Medium,2 - Medium,category 23,Group 54,1,0,false,150.4,Breached SLA
INC0020842,2016-04-19 11:16:00,2016-04-27 08:54:00,2016-05-02 09:07:00,3 - moderate,2 - Medium,2 - Medium,category 24,Group 25,3,0,false,189.63333333333333,Breached SLA
INC0020846,2016-04-19 11:23:00,2016-04-25 10:02:00,2016-04-30 10:07:00,3 - moderate,2 - Medium,2 - Medium,category 46,Group 37,0,0,false,142.65,Breached SLA
INC0020877,2016-04-19 12:05:00,2016-04-20 20:17:00,2016-04-25 21:07:00,1 - critical,1 - High,1 - High,category 17,Group 69,0,0,false,32.2,Breached SLA
INC0020880,2016-04-19 12:08:00,2016-04-26 16:49:00,2016-05-01 17:07:00,3 - moderate,2 - Medium,2 - Medium,category 53,Group 70,1,0,false,172.68333333333334,Breached SLA
INC0020889,2016-04-19 12:18:00,2016-04-29 14:05:00,2016-05-04 14:07:00,3 - moderate,2 - Medium,2 - Medium,category 37,Group 24,6,0,false,241.78333333333333,Breached SLA
INC0020896,2016-04-19 12:28:00,2016-04-28 10:12:00,2016-05-03 11:07:00,3 - moderate,2 - Medium,2 - Medium,category 37,Group 70,1,0,false,213.73333333333332,Breached SLA
INC0020905,2016-04-19 12:54:00,2016-04-19 16:15:00,2016-04-24 17:07:00,1 - critical,1 - High,1 - High,category 61,Group 70,2,0,false,3.35,Breached SLA
INC0020922,2016-04-19 13:27:00,2016-04-27 16:47:00,2016-05-02 17:07:00,3 - moderate,2 - Medium,2 - Medium,category 9,Group 27,4,0,false,195.33333333333334,Breached SLA
INC0020923,2016-04-19 13:34:00,2016-04-27 08:55:00,2016-05-02 09:07:00,3 - moderate,2 - Medium,2 - Medium,category 46,Group 39,2,0,false,187.35,Breached SLA
INC0020937,2016-04-19 13:47:00,2016-04-26 13:50:00,2016-05-01 14:07:00,3 - moderate,2 - Medium,2 - Medium,category 9,Group 24,0,0,false,168.05,Breached SLA
INC0020953,2016-04-19 14:12:00,2016-04-28 12:12:00,2016-05-03 13:07:00,3 - moderate,2 - Medium,2 - Medium,category 46,Group 55,0,0,false,214.0,Breached SLA
INC0020974,2016-04-19 14:37:00,2016-04-26 09:25:00,2016-05-01 10:07:00,3 - moderate,2 - Medium,2 - Medium,category 42,Group 6,7,0,false,162.8,Breached SLA
INC0020977,2016-04-19 14:42:00,2016-04-25 09:34:00,2016-04-30 10:07:00,3 - moderate,2 - Medium,2 - Medium,category 24,Group 25,1,0,false,138.86666666666667,Breached SLA
INC0020987,2016-04-19 14:52:00,2016-04-29 13:47:00,2016-05-04 14:07:00,3 - moderate,2 - Medium,2 - Medium,category 42,Group 70,5,0,false,238.91666666666666,Breached SLA
INC0020988,2016-04-19 14:53:00,2016-04-26 19:07:00,2016-05-01 19:10:00,3 - moderate,2 - Medium,2 - Medium,category 8,Group 53,0,0,false,172.23333333333332,Breached SLA
INC0020998,2016-04-19 15:14:00,2016-04-25 17:41:00,2016-04-30 18:07:00,3 - moderate,2 - Medium,2 - Medium,category 42,Group 31,1,0,false,146.45,Breached SLA
INC0021003,2016-04-19 15:26:00,2016-04-26 11:28:00,2016-05-01 12:07:00,3 - moderate,2 - Medium,2 - Medium,category 53,Group 70,3,0,false,164.03333333333333,Breached SLA
INC0021007,2016-04-19 15:30:00,2016-04-25 08:21:00,2016-04-30 09:07:00,1 - critical,1 - High,1 - High,category 46,Group 66,0,0,false,136.85,Breached SLA
INC0021011,2016-04-19 15:32:00,2016-04-26 08:49:00,2016-05-01 09:07:00,3 - moderate,2 - Medium,2 - Medium,category 24,Group 25,0,0,false,161.28333333333333,Breached SLA
INC0021013,2016-04-19 15:34:00,2016-04-29 14:29:00,2016-05-04 15:07:00,3 - moderate,2 - Medium,2 - Medium,category 32,Group 70,0,0,false,238.91666666666666,Breached SLA
INC0021017,2016-04-19 15:37:00,2016-04-27 15:03:00,2016-05-02 15:07:00,3 - moderate,2 - Medium,2 - Medium,category 9,Group 29,0,0,false,191.43333333333334,Breached SLA
INC0021034,2016-04-19 16:09:00,2016-04-27 10:12:00,2016-05-02 11:07:00,3 - moderate,2 - Medium,2 - Medium,category 9,Group 24,2,0,false,186.05,Breached SLA
INC0021042,2016-04-19 16:18:00,2016-04-29 13:45:00,2016-05-04 14:07:00,3 - moderate,2 - Medium,2 - Medium,category 51,Group 20,3,0,false,237.45,Breached SLA
INC0021050,2016-04-19 16:26:00,2016-04-29 11:10:00,2016-05-04 12:07:00,3 - moderate,2 - Medium,2 - Medium,category 42,Group 70,0,0,false,234.73333333333332,Breached SLA
INC0021055,2016-04-19 16:31:00,2016-04-25 12:27:00,2016-04-30 13:07:00,3 - moderate,2 - Medium,2 - Medium,category 46,Group 10,0,0,false,139.93333333333334,Breached SLA
INC0021060,2016-04-19 16:39:00,2016-04-27 16:22:00,2016-05-02 17:07:00,3 - moderate,2 - Medium,2 - Medium,category 20,Group 70,0,0,false,191.71666666666667,Breached SLA
INC0021065,2016-04-19 16:47:00,2016-04-25 13:24:00,2016-04-30 14:07:00,3 - moderate,2 - Medium,2 - Medium,category 42,Group 39,3,0,false,140.61666666666667,Breached SLA
INC0021070,2016-04-19 16:59:00,2016-04-26 19:06:00,2016-05-01 19:07:00,3 - moderate,2 - Medium,2 - Medium,category 8,Group 53,0,0,false,170.11666666666667,Breached SLA
INC0021086,2016-04-19 17:40:00,2016-04-27 10:11:00,2016-05-02 11:07:00,3 - moderate,2 - Medium,2 - Medium,category 24,Group 24,1,0,false,184.51666666666668,Breached SLA
INC0021092,2016-04-19 18:01:00,2016-04-20 17:04:00,2016-04-25 17:07:00,2 - high,2 - Medium,1 - High,category 20,Group 72,1,0,false,23.05,Breached SLA
INC0021099,2016-04-19 19:23:00,2016-04-26 12:04:00,2016-05-01 12:07:00,3 - moderate,2 - Medium,2 - Medium,category 9,Group 61,2,0,false,160.68333333333334,Breached SLA
INC0021103,2016-04-19 19:58:00,2016-04-29 11:11:00,2016-05-04 12:07:00,3 - moderate,2 - Medium,2 - Medium,category 26,Group 70,1,0,false,231.21666666666667,Breached SLA
INC0021107,2016-04-19 20:20:00,2016-04-28 23:18:00,2016-05-04 00:07:00,3 - moderate,2 - Medium,2 - Medium,category 26,Group 70,5,0,false,218.96666666666667,Breached SLA
INC0021108,2016-04-19 20:34:00,2016-04-19 22:04:00,2016-04-24 22:07:00,2 - high,2 - Medium,1 - High,category 46,Group 37,0,0,false,1.5,Breached SLA
INC0021109,2016-04-19 21:09:00,2016-04-25 15:37:00,2016-04-30 16:07:00,3 - moderate,2 - Medium,2 - Medium,category 53,Group 30,4,0,false,138.46666666666667,Breached SLA
INC0021116,2016-04-19 23:55:00,2016-04-29 15:10:00,2016-05-04 15:10:00,2 - high,2 - Medium,1 - High,category 38,Group 70,4,0,false,231.25,Breached SLA
INC0021133,2016-04-20 01:41:00,2016-04-25 09:55:00,2016-04-30 10:07:00,3 - moderate,2 - Medium,2 - Medium,category 42,Group 19,5,0,false,128.23333333333332,Breached SLA
INC0021138,2016-04-20 02:31:00,2016-04-26 14:26:00,2016-05-01 15:07:00,3 - moderate,2 - Medium,2 - Medium,category 34,Group 65,5,0,false,155.91666666666666,Breached SLA
INC0021144,2016-04-20 04:43:00,2016-04-29 05:31:00,2016-05-04 06:07:00,3 - moderate,2 - Medium,2 - Medium,category 37,Group 70,6,0,false,216.8,Breached SLA
INC0021155,2016-04-20 07:38:00,2016-04-28 11:24:00,2016-05-03 12:07:00,3 - moderate,2 - Medium,2 - Medium,category 46,Group 23,5,0,false,195.76666666666668,Breached SLA
INC0021164,2016-04-20 08:21:00,2016-04-25 13:25:00,2016-04-30 14:07:00,3 - moderate,2 - Medium,2 - Medium,category 53,Group 24,2,0,false,125.06666666666666,Breached SLA
INC0021167,2016-04-20 08:26:00,2016-04-26 14:47:00,2016-05-01 15:07:00,2 - high,2 - Medium,1 - High,category 43,Group 53,3,0,false,150.35,Breached SLA
INC0021175,2016-04-20 08:41:00,2016-04-25 10:37:00,2016-04-30 11:07:00,3 - moderate,2 - Medium,2 - Medium,category 53,Group 57,0,0,false,121.93333333333334,Breached SLA
INC0021188,2016-04-20 09:06:00,2016-04-29 11:14:00,2016-05-04 12:07:00,3 - moderate,2 - Medium,2 - Medium,category 35,Group 70,1,0,false,218.13333333333333,Breached SLA
INC0021193,2016-04-20 09:14:00,2016-04-29 11:14:00,2016-05-04 12:07:00,3 - moderate,2 - Medium,2 - Medium,category 26,Group 70,1,0,false,218.0,Breached SLA
INC0021194,2016-04-20 09:15:00,2016-04-28 09:54:00,2016-05-03 10:07:00,3 - moderate,2 - Medium,2 - Medium,category 32,Group 20,1,0,false,192.65,Breached SLA
INC0021195,2016-04-20 09:15:00,2016-04-25 12:57:00,2016-04-30 13:07:00,3 - moderate,2 - Medium,2 - Medium,category 46,Group 6,1,0,false,123.7,Breached SLA
INC0021199,2016-04-20 09:21:00,2016-04-28 17:01:00,2016-05-03 17:07:00,1 - critical,1 - High,1 - High,category 46,Group 14,1,0,false,199.66666666666666,Breached SLA
INC0021206,2016-04-20 09:30:00,2016-04-25 09:12:00,2016-04-30 10:07:00,3 - moderate,2 - Medium,2 - Medium,category 23,Group 56,1,0,false,119.7,Breached SLA
INC0021210,2016-04-20 09:34:00,2016-04-26 11:04:00,2016-05-01 11:07:00,3 - moderate,2 - Medium,2 - Medium,category 23,Group 70,1,0,false,145.5,Breached SLA
INC0021215,2016-04-20 09:41:00,2016-04-25 09:16:00,2016-04-30 10:07:00,3 - moderate,2 - Medium,2 - Medium,category 46,Group 6,1,0,false,119.58333333333333,Breached SLA
INC0021224,2016-04-20 10:01:00,2016-04-27 10:07:00,2016-05-02 10:10:00,3 - moderate,2 - Medium,2 - Medium,category 46,Group 6,1,0,false,168.1,Breached SLA
INC0021242,2016-04-20 10:20:00,2016-04-27 15:17:00,2016-05-02 16:07:00,3 - moderate,2 - Medium,2 - Medium,category 42,Group 12,1,0,false,172.95,Breached SLA
INC0021243,2016-04-20 10:23:00,2016-04-25 11:21:00,2016-04-30 12:07:00,3 - moderate,2 - Medium,2 - Medium,category 9,Group 27,3,0,false,120.96666666666667,Breached SLA
INC0021244,2016-04-20 10:24:00,2016-04-29 08:46:00,2016-05-04 09:07:00,3 - moderate,2 - Medium,2 - Medium,category 34,Group 24,0,0,false,214.36666666666667,Breached SLA
INC0021268,2016-04-20 11:06:00,2016-04-25 08:38:00,2016-04-30 09:07:00,3 - moderate,2 - Medium,2 - Medium,category 53,Group 25,0,0,false,117.53333333333333,Breached SLA
INC0021280,2016-04-20 11:16:00,2016-04-25 13:28:00,2016-04-30 14:07:00,3 - moderate,2 - Medium,2 - Medium,category 42,Group 39,3,0,false,122.2,Breached SLA
INC0021288,2016-04-20 11:27:00,2016-04-25 15:07:00,2016-04-30 15:10:00,3 - moderate,2 - Medium,2 - Medium,category 46,Group 22,0,0,false,123.66666666666667,Breached SLA
INC0021295,2016-04-20 11:42:00,2016-04-26 11:31:00,2016-05-01 12:07:00,3 - moderate,2 - Medium,2 - Medium,category 40,Group 20,1,0,false,143.81666666666666,Breached SLA
INC0021308,2016-04-20 12:04:00,2016-04-25 09:18:00,2016-04-30 10:07:00,3 - moderate,2 - Medium,2 - Medium,category 44,Group 6,1,0,false,117.23333333333333,Breached SLA
INC0021314,2016-04-20 12:19:00,2016-04-25 08:44:00,2016-04-30 09:07:00,3 - moderate,2 - Medium,2 - Medium,category 53,Group 28,1,0,false,116.41666666666667,Breached SLA
INC0021315,2016-04-20 12:21:00,2016-04-27 13:25:00,2016-05-02 14:07:00,3 - moderate,2 - Medium,2 - Medium,category 57,Group 24,0,0,false,169.06666666666666,Breached SLA
INC0021316,2016-04-20 12:24:00,2016-04-25 09:48:00,2016-04-30 10:07:00,3 - moderate,2 - Medium,2 - Medium,category 44,Group 5,0,0,false,117.4,Breached SLA
INC0021321,2016-04-20 12:39:00,2016-04-25 14:50:00,2016-04-30 15:07:00,3 - moderate,2 - Medium,2 - Medium,category 34,Group 24,0,0,false,122.18333333333334,Breached SLA
INC0021339,2016-04-20 13:21:00,2016-04-25 12:00:00,2016-04-30 12:07:00,3 - moderate,2 - Medium,2 - Medium,category 34,Group 24,1,0,false,118.65,Breached SLA
INC0021341,2016-04-20 13:23:00,2016-04-25 13:47:00,2016-04-30 14:07:00,3 - moderate,2 - Medium,2 - Medium,category 46,Group 66,0,0,false,120.4,Breached SLA
INC0021345,2016-04-20 13:35:00,2016-04-20 16:57:00,2016-04-25 17:07:00,3 - moderate,2 - Medium,2 - Medium,category 23,Group 72,1,0,false,3.3666666666666667,Breached SLA
INC0021349,2016-04-20 13:49:00,2016-04-28 12:14:00,2016-05-03 13:07:00,3 - moderate,2 - Medium,2 - Medium,category 46,Group 39,2,0,false,190.41666666666666,Breached SLA
INC0021359,2016-04-20 14:02:00,2016-04-20 15:31:00,2016-04-25 16:07:00,2 - high,1 - High,2 - Medium,category 23,Group 70,1,0,false,1.4833333333333334,Breached SLA
INC0021361,2016-04-20 14:03:00,2016-04-26 11:25:00,2016-05-01 12:07:00,3 - moderate,2 - Medium,2 - Medium,category 53,Group 70,1,0,false,141.36666666666667,Breached SLA
INC0021364,2016-04-20 14:04:00,2016-04-20 15:33:00,2016-04-25 16:07:00,2 - high,1 - High,2 - Medium,category 23,Group 70,1,0,false,1.4833333333333334,Breached SLA
INC0021367,2016-04-20 14:09:00,2016-04-20 15:18:00,2016-04-25 16:07:00,2 - high,1 - High,2 - Medium,category 23,Group 70,1,0,false,1.15,Breached SLA
INC0021368,2016-04-20 14:09:00,2016-04-28 14:18:00,2016-05-03 15:07:00,3 - moderate,2 - Medium,2 - Medium,category 53,Group 24,2,0,false,192.15,Breached SLA
INC0021369,2016-04-20 14:11:00,2016-04-20 15:15:00,2016-04-25 16:07:00,2 - high,1 - High,2 - Medium,category 23,Group 70,3,0,false,1.0666666666666667,Breached SLA
INC0021372,2016-04-20 14:14:00,2016-04-20 14:52:00,2016-04-25 15:07:00,2 - high,1 - High,2 - Medium,category 23,Group 70,3,0,false,0.6333333333333333,Breached SLA
INC0021373,2016-04-20 14:15:00,2016-04-29 15:44:00,2016-05-04 16:07:00,2 - high,1 - High,2 - Medium,category 23,Group 70,7,0,false,217.48333333333332,Breached SLA
INC0021379,2016-04-20 14:18:00,2016-04-20 20:02:00,2016-04-25 20:07:00,2 - high,1 - High,2 - Medium,category 23,Group 70,2,0,false,5.733333333333333,Breached SLA
INC0021381,2016-04-20 14:20:00,2016-04-20 14:46:00,2016-04-25 15:07:00,2 - high,1 - High,2 - Medium,category 23,Group 70,1,0,false,0.43333333333333335,Breached SLA
INC0021382,2016-04-20 14:22:00,2016-04-20 19:49:00,2016-04-25 20:07:00,2 - high,1 - High,2 - Medium,category 23,Group 70,4,0,false,5.45,Breached SLA
INC0021383,2016-04-20 14:22:00,2016-04-25 14:13:00,2016-04-30 15:07:00,3 - moderate,2 - Medium,2 - Medium,category 46,Group 22,1,0,false,119.85,Breached SLA
INC0021384,2016-04-20 14:23:00,2016-04-20 19:44:00,2016-04-25 20:07:00,2 - high,1 - High,2 - Medium,category 23,Group 70,2,0,false,5.35,Breached SLA
INC0021385,2016-04-20 14:24:00,2016-04-20 14:35:00,2016-04-25 15:07:00,3 - moderate,2 - Medium,2 - Medium,category 23,Group 70,1,0,false,0.18333333333333332,Breached SLA
INC0021386,2016-04-20 14:24:00,2016-04-27 13:43:00,2016-05-02 14:07:00,3 - moderate,2 - Medium,2 - Medium,category 42,Group 39,3,1,false,167.31666666666666,Breached SLA
INC0021391,2016-04-20 14:29:00,2016-04-20 19:25:00,2016-04-25 20:07:00,2 - high,1 - High,2 - Medium,category 23,Group 70,2,0,false,4.933333333333334,Breached SLA
INC0021393,2016-04-20 14:30:00,2016-04-20 19:14:00,2016-04-25 20:07:00,2 - high,1 - High,2 - Medium,category 23,Group 70,2,0,false,4.733333333333333,Breached SLA
INC0021395,2016-04-20 14:31:00,2016-04-20 19:05:00,2016-04-25 19:07:00,2 - high,1 - High,2 - Medium,category 23,Group 70,2,0,false,4.566666666666666,Breached SLA
INC0021397,2016-04-20 14:33:00,2016-04-20 18:55:00,2016-04-25 19:07:00,2 - high,1 - High,2 - Medium,category 23,Group 70,2,0,false,4.366666666666666,Breached SLA
INC0021398,2016-04-20 14:34:00,2016-04-20 18:48:00,2016-04-25 19:07:00,2 - high,1 - High,2 - Medium,category 23,Group 20,3,0,false,4.233333333333333,Breached SLA
INC0021399,2016-04-20 14:34:00,2016-04-25 16:19:00,2016-04-30 17:07:00,3 - moderate,2 - Medium,2 - Medium,category 46,Group 57,0,0,false,121.75,Breached SLA
INC0021403,2016-04-20 14:36:00,2016-04-20 18:08:00,2016-04-25 18:10:00,2 - high,1 - High,2 - Medium,category 23,Group 70,1,0,false,3.533333333333333,Breached SLA
INC0021406,2016-04-20 14:40:00,2016-04-20 17:57:00,2016-04-25 18:07:00,3 - moderate,2 - Medium,2 - Medium,category 23,Group 70,1,0,false,3.283333333333333,Breached SLA
INC0021410,2016-04-20 14:42:00,2016-04-20 15:45:00,2016-04-25 16:07:00,2 - high,1 - High,2 - Medium,category 23,Group 70,1,0,false,1.05,Breached SLA
INC0021412,2016-04-20 14:43:00,2016-04-20 15:40:00,2016-04-25 16:07:00,2 - high,1 - High,2 - Medium,category 23,Group 70,1,0,false,0.95,Breached SLA
INC0021413,2016-04-20 14:44:00,2016-04-20 15:12:00,2016-04-25 16:07:00,2 - high,1 - High,2 - Medium,category 23,Group 70,1,0,false,0.4666666666666667,Breached SLA
INC0021414,2016-04-20 14:45:00,2016-04-27 23:09:00,2016-05-02 23:10:00,3 - moderate,2 - Medium,2 - Medium,category 19,Group 70,2,0,false,176.4,Breached SLA
INC0021415,2016-04-20 14:45:00,2016-04-26 19:05:00,2016-05-01 19:07:00,3 - moderate,2 - Medium,2 - Medium,category 8,Group 53,0,0,false,148.33333333333334,Breached SLA
INC0021417,2016-04-20 14:45:00,2016-04-29 15:48:00,2016-05-04 16:07:00,3 - moderate,2 - Medium,2 - Medium,category 53,Group 70,3,0,false,217.05,Breached SLA
INC0021418,2016-04-20 14:46:00,2016-04-28 14:17:00,2016-05-03 15:07:00,3 - moderate,2 - Medium,2 - Medium,category 26,Group 70,3,0,false,191.51666666666668,Breached SLA
INC0021419,2016-04-20 14:46:00,2016-04-20 15:11:00,2016-04-25 16:07:00,2 - high,1 - High,2 - Medium,category 23,Group 70,1,0,false,0.4166666666666667,Breached SLA
INC0021420,2016-04-20 14:48:00,2016-04-20 14:55:00,2016-04-25 15:07:00,2 - high,1 - High,2 - Medium,category 23,Group 70,1,0,false,0.11666666666666667,Breached SLA
INC0021425,2016-04-20 14:55:00,2016-04-25 16:44:00,2016-04-30 17:07:00,3 - moderate,2 - Medium,2 - Medium,category 61,Group 73,0,0,false,121.81666666666666,Breached SLA
INC0021429,2016-04-20 14:58:00,2016-04-25 13:20:00,2016-04-30 14:07:00,3 - moderate,2 - Medium,2 - Medium,category 53,Group 66,0,0,false,118.36666666666666,Breached SLA
INC0021462,2016-04-20 15:26:00,2016-04-26 19:04:00,2016-05-01 19:07:00,3 - moderate,2 - Medium,2 - Medium,category 8,Group 53,0,0,false,147.63333333333333,Breached SLA
INC0021470,2016-04-20 15:34:00,2016-04-26 09:42:00,2016-05-01 10:07:00,3 - moderate,2 - Medium,2 - Medium,category 26,Group 25,1,0,false,138.13333333333333,Breached SLA
INC0021471,2016-04-20 15:35:00,2016-04-27 09:02:00,2016-05-02 09:07:00,3 - moderate,2 - Medium,2 - Medium,category 53,Group 66,5,0,false,161.45,Breached SLA
INC0021472,2016-04-20 15:36:00,2016-04-25 08:43:00,2016-04-30 09:07:00,3 - moderate,2 - Medium,2 - Medium,category 37,Group 48,0,0,false,113.11666666666666,Breached SLA
INC0021475,2016-04-20 15:37:00,2016-04-27 23:31:00,2016-05-03 00:07:00,3 - moderate,2 - Medium,2 - Medium,category 53,Group 70,2,0,false,175.9,Breached SLA
INC0021481,2016-04-20 15:40:00,2016-04-25 17:06:00,2016-04-30 17:07:00,3 - moderate,2 - Medium,2 - Medium,category 46,Group 6,0,0,false,121.43333333333334,Breached SLA
INC0021483,2016-04-20 15:42:00,2016-04-20 16:18:00,2016-04-25 17:07:00,2 - high,1 - High,2 - Medium,category 28,Group 39,0,0,false,0.6,Breached SLA
INC0021487,2016-04-20 15:43:00,2016-04-27 14:48:00,2016-05-02 15:07:00,3 - moderate,2 - Medium,2 - Medium,category 44,Group 5,0,0,false,167.08333333333334,Breached SLA
INC0021500,2016-04-20 15:51:00,2016-04-20 16:21:00,2016-04-25 17:07:00,2 - high,1 - High,2 - Medium,category 28,Group 39,0,0,false,0.5,Breached SLA
INC0021505,2016-04-20 15:53:00,2016-04-20 16:22:00,2016-04-25 17:07:00,2 - high,1 - High,2 - Medium,category 28,Group 39,0,0,false,0.48333333333333334,Breached SLA
INC0021516,2016-04-20 16:01:00,2016-04-25 12:01:00,2016-04-30 12:07:00,3 - moderate,2 - Medium,2 - Medium,category 57,Group 24,3,0,false,116.0,Breached SLA
INC0021517,2016-04-20 16:01:00,2016-04-29 10:22:00,2016-05-04 11:07:00,3 - moderate,2 - Medium,2 - Medium,category 26,Group 29,1,0,false,210.35,Breached SLA
INC0021523,2016-04-20 16:10:00,2016-04-29 15:50:00,2016-05-04 16:07:00,3 - moderate,2 - Medium,2 - Medium,category 37,Group 70,4,0,false,215.66666666666666,Breached SLA
INC0021525,2016-04-20 16:11:00,2016-04-25 10:37:00,2016-04-30 11:07:00,3 - moderate,2 - Medium,2 - Medium,category 40,Group 54,3,0,false,114.43333333333334,Breached SLA
INC0021529,2016-04-20 16:13:00,2016-04-25 15:16:00,2016-04-30 16:07:00,3 - moderate,2 - Medium,2 - Medium,category 28,Group 27,1,0,false,119.05,Breached SLA
INC0021530,2016-04-20 16:13:00,2016-04-26 09:32:00,2016-05-01 10:07:00,3 - moderate,2 - Medium,2 - Medium,category 42,Group 39,6,0,false,137.31666666666666,Breached SLA
INC0021554,2016-04-20 16:28:00,2016-04-25 11:26:00,2016-04-30 12:07:00,3 - moderate,2 - Medium,2 - Medium,category 32,Group 70,0,0,false,114.96666666666667,Breached SLA
INC0021561,2016-04-20 16:31:00,2016-04-26 10:59:00,2016-05-01 11:07:00,1 - critical,1 - High,1 - High,category 42,Group 39,1,0,false,138.46666666666667,Breached SLA
INC0021565,2016-04-20 16:31:00,2016-04-29 13:03:00,2016-05-04 13:07:00,3 - moderate,2 - Medium,2 - Medium,category 9,Group 24,0,0,false,212.53333333333333,Breached SLA
INC0021566,2016-04-20 16:32:00,2016-04-26 11:50:00,2016-05-01 12:07:00,3 - moderate,2 - Medium,2 - Medium,category 53,Group 70,2,0,false,139.3,Breached SLA
INC0021567,2016-04-20 16:33:00,2016-04-25 16:30:00,2016-04-30 17:07:00,3 - moderate,2 - Medium,2 - Medium,category 13,Group 29,1,0,false,119.95,Breached SLA
INC0021572,2016-04-20 16:36:00,2016-04-20 17:25:00,2016-04-25 18:07:00,1 - critical,1 - High,1 - High,category 46,Group 66,0,0,false,0.8166666666666667,Breached SLA
INC0021578,2016-04-20 16:41:00,2016-04-25 15:15:00,2016-04-30 16:07:00,3 - moderate,2 - Medium,2 - Medium,category 28,Group 27,1,0,false,118.56666666666666,Breached SLA
INC0021581,2016-04-20 16:43:00,2016-04-25 14:16:00,2016-04-30 15:07:00,3 - moderate,2 - Medium,2 - Medium,category 42,Group 39,1,0,false,117.55,Breached SLA
INC0021583,2016-04-20 16:44:00,2016-04-26 18:07:00,2016-05-01 18:10:00,3 - moderate,2 - Medium,2 - Medium,category 46,Group 19,2,0,false,145.38333333333333,Breached SLA
INC0021590,2016-04-20 16:49:00,2016-04-29 15:55:00,2016-05-04 16:07:00,3 - moderate,2 - Medium,2 - Medium,category 53,Group 70,2,0,false,215.1,Breached SLA
INC0021596,2016-04-20 16:52:00,2016-04-26 16:17:00,2016-05-01 17:07:00,3 - moderate,2 - Medium,2 - Medium,category 53,Group 27,1,0,false,143.41666666666666,Breached SLA
INC0021608,2016-04-20 17:01:00,2016-04-25 14:18:00,2016-04-30 15:07:00,3 - moderate,2 - Medium,2 - Medium,category 46,Group 39,0,0,false,117.28333333333333,Breached SLA
INC0021611,2016-04-20 17:05:00,2016-04-29 17:16:00,2016-05-04 18:07:00,3 - moderate,2 - Medium,2 - Medium,category 26,Group 70,0,0,false,216.18333333333334,Breached SLA
INC0021615,2016-04-20 17:11:00,2016-04-25 16:32:00,2016-04-30 17:07:00,3 - moderate,2 - Medium,2 - Medium,category 53,Group 24,1,0,false,119.35,Breached SLA
INC0021621,2016-04-20 17:17:00,2016-04-25 08:41:00,2016-04-30 09:07:00,3 - moderate,2 - Medium,2 - Medium,category 32,Group 70,1,0,false,111.4,Breached SLA
INC0021637,2016-04-20 17:32:00,2016-04-28 11:13:00,2016-05-03 12:07:00,3 - moderate,2 - Medium,2 - Medium,category 42,Group 39,7,0,false,185.68333333333334,Breached SLA
INC0021645,2016-04-20 17:37:00,2016-04-25 14:26:00,2016-04-30 15:07:00,3 - moderate,2 - Medium,2 - Medium,category 42,Group 39,1,0,false,116.81666666666666,Breached SLA
INC0021648,2016-04-20 17:48:00,2016-04-25 14:28:00,2016-04-30 15:07:00,3 - moderate,2 - Medium,2 - Medium,category 42,Group 39,1,0,false,116.66666666666667,Breached SLA
INC0021656,2016-04-20 18:23:00,2016-04-26 09:41:00,2016-05-01 10:07:00,3 - moderate,2 - Medium,2 - Medium,category 37,Group 25,2,0,false,135.3,Breached SLA
INC0021662,2016-04-20 18:55:00,2016-04-29 15:30:00,2016-05-04 16:07:00,3 - moderate,2 - Medium,2 - Medium,category 57,Group 70,5,0,false,212.58333333333334,Breached SLA
INC0021665,2016-04-20 19:03:00,2016-04-25 09:27:00,2016-04-30 10:07:00,3 - moderate,2 - Medium,2 - Medium,category 53,Group 28,2,0,false,110.4,Breached SLA
INC0021670,2016-04-20 19:20:00,2016-04-25 14:29:00,2016-04-30 15:07:00,3 - moderate,2 - Medium,2 - Medium,category 46,Group 39,0,0,false,115.15,Breached SLA
INC0021673,2016-04-20 19:28:00,2016-04-25 14:31:00,2016-04-30 15:07:00,3 - moderate,2 - Medium,2 - Medium,category 46,Group 39,0,0,false,115.05,Breached SLA
INC0021679,2016-04-20 19:52:00,2016-04-27 10:03:00,2016-05-02 10:07:00,3 - moderate,2 - Medium,2 - Medium,category 42,Group 6,1,0,false,158.18333333333334,Breached SLA
INC0021681,2016-04-20 19:57:00,2016-04-29 11:34:00,2016-05-04 12:07:00,3 - moderate,2 - Medium,2 - Medium,category 42,Group 3,0,0,false,207.61666666666667,Breached SLA
INC0021695,2016-04-21 00:52:00,2016-04-21 06:56:00,2016-04-26 07:07:00,3 - moderate,2 - Medium,2 - Medium,category 53,Group 70,1,0,false,6.066666666666666,Breached SLA
INC0021702,2016-04-21 02:13:00,2016-04-29 14:54:00,2016-05-04 15:07:00,3 - moderate,2 - Medium,2 - Medium,category 42,Group 2,7,0,false,204.68333333333334,Breached SLA
INC0021704,2016-04-21 02:24:00,2016-04-26 01:52:00,2016-05-01 02:07:00,3 - moderate,2 - Medium,2 - Medium,category 42,Group 70,2,0,false,119.46666666666667,Breached SLA
INC0021706,2016-04-21 04:07:00,2016-04-21 04:46:00,2016-05-23 11:07:00,3 - moderate,2 - Medium,2 - Medium,category 53,Group 19,0,0,false,0.65,Breached SLA
INC0021717,2016-04-21 08:26:00,2016-04-25 13:35:00,2016-04-30 14:07:00,3 - moderate,2 - Medium,2 - Medium,category 57,Group 24,0,0,false,101.15,Breached SLA
INC0021726,2016-04-21 11:57:00,2016-04-25 14:36:00,2016-04-30 15:07:00,3 - moderate,2 - Medium,2 - Medium,category 42,Group 39,1,0,false,98.65,Breached SLA
INC0021729,2016-04-21 13:01:00,2016-04-25 16:29:00,2016-04-30 17:07:00,3 - moderate,2 - Medium,2 - Medium,category 28,Group 24,1,0,false,99.46666666666667,Breached SLA
INC0021730,2016-04-21 13:36:00,2016-04-25 08:27:00,2016-04-30 09:07:00,2 - high,1 - High,2 - Medium,category 40,Group 20,0,0,false,90.85,Breached SLA
INC0021743,2016-04-21 15:55:00,2016-04-28 11:44:00,2016-05-03 12:07:00,3 - moderate,2 - Medium,2 - Medium,category 53,Group 76,0,0,false,163.81666666666666,Breached SLA
INC0021770,2016-04-22 03:23:00,2016-04-28 13:51:00,2016-05-03 14:07:00,3 - moderate,2 - Medium,2 - Medium,category 23,Group 70,2,0,false,154.46666666666667,Breached SLA
INC0021777,2016-04-22 07:42:00,2016-04-27 23:17:00,2016-05-03 00:07:00,3 - moderate,2 - Medium,2 - Medium,category 20,Group 70,2,0,false,135.58333333333334,Breached SLA
INC0021779,2016-04-22 08:12:00,2016-04-29 00:02:00,2016-05-04 00:07:00,3 - moderate,2 - Medium,2 - Medium,category 26,Group 70,0,0,false,159.83333333333334,Breached SLA
INC0021820,2016-04-22 11:48:00,2016-04-29 08:28:00,2016-05-04 09:07:00,3 - moderate,2 - Medium,2 - Medium,category 46,Group 39,0,1,false,164.66666666666666,Breached SLA
INC0021835,2016-04-22 13:04:00,2016-04-22 14:04:00,2016-05-23 11:07:00,3 - moderate,2 - Medium,2 - Medium,category 53,Group 19,0,0,false,1.0,Breached SLA
INC0021851,2016-04-22 14:50:00,2016-04-29 15:58:00,2016-05-04 16:07:00,3 - moderate,2 - Medium,2 - Medium,category 23,Group 70,1,0,false,169.13333333333333,Breached SLA
INC0021864,2016-04-22 16:18:00,2016-05-13 16:27:00,2016-05-13 16:27:00,3 - moderate,2 - Medium,2 - Medium,category 44,Group 12,1,0,false,504.15,Breached SLA
INC0021868,2016-04-22 16:33:00,2016-04-29 11:17:00,2016-05-04 12:07:00,3 - moderate,2 - Medium,2 - Medium,category 42,Group 70,1,0,false,162.73333333333332,Breached SLA
INC0021873,2016-04-22 17:29:00,2016-04-29 11:23:00,2016-05-04 12:07:00,3 - moderate,2 - Medium,2 - Medium,category 51,Group 70,4,0,false,161.9,Breached SLA
INC0021894,2016-04-23 00:08:00,2016-04-25 10:14:00,2016-04-30 11:07:00,2 - high,1 - High,2 - Medium,category 37,Group 46,0,0,false,58.1,Breached SLA
INC0021899,2016-04-23 01:00:00,2016-04-23 04:48:00,2016-04-28 05:07:00,2 - high,2 - Medium,1 - High,category 53,Group 72,3,0,false,3.8,Breached SLA
INC0021900,2016-04-23 01:09:00,2016-04-23 05:06:00,2016-04-28 05:07:00,3 - moderate,2 - Medium,2 - Medium,category 57,Group 70,1,0,false,3.95,Breached SLA
INC0021901,2016-04-23 01:10:00,2016-04-23 06:11:00,2016-04-28 07:07:00,2 - high,2 - Medium,1 - High,category 57,Group 70,1,0,false,5.016666666666667,Breached SLA
INC0021905,2016-04-23 01:35:00,2016-04-23 03:48:00,2016-04-28 04:07:00,2 - high,2 - Medium,1 - High,category 46,Group 70,0,0,false,2.216666666666667,Breached SLA
INC0021933,2016-04-23 09:44:00,2016-04-29 14:18:00,2016-05-04 15:07:00,3 - moderate,2 - Medium,2 - Medium,category 9,Group 70,2,0,false,148.56666666666666,Breached SLA
INC0021970,2016-04-24 06:02:00,2016-04-25 11:56:00,2016-04-30 12:07:00,2 - high,2 - Medium,1 - High,category 42,Group 53,1,0,false,29.9,Breached SLA
INC0021975,2016-04-24 09:24:00,2016-04-29 09:13:00,2016-05-04 10:07:00,3 - moderate,2 - Medium,2 - Medium,category 26,Group 25,3,0,false,119.81666666666666,Breached SLA
INC0022020,2016-04-25 06:21:00,2016-05-13 15:40:00,2016-05-18 16:07:00,3 - moderate,2 - Medium,2 - Medium,category 9,Group 25,0,0,false,441.31666666666666,Breached SLA
INC0022061,2016-04-25 08:24:00,2016-04-25 15:25:00,2016-04-30 16:07:00,3 - moderate,2 - Medium,2 - Medium,category 23,Group 72,1,0,false,7.016666666666667,Breached SLA
INC0022095,2016-04-25 08:59:00,2016-04-29 15:00:00,2016-05-04 15:07:00,3 - moderate,2 - Medium,2 - Medium,category 61,Group 70,3,0,false,102.01666666666667,Breached SLA
INC0022108,2016-04-25 09:10:00,2016-04-26 09:34:00,2016-05-01 10:07:00,3 - moderate,2 - Medium,2 - Medium,category 46,Group 31,1,0,false,24.4,Breached SLA
INC0022125,2016-04-25 09:20:00,2016-05-13 14:16:00,2016-05-18 15:07:00,3 - moderate,2 - Medium,2 - Medium,category 46,Group 31,1,0,false,436.93333333333334,Breached SLA
INC0022128,2016-04-25 09:22:00,2016-05-13 17:09:00,2016-05-18 17:10:00,3 - moderate,2 - Medium,2 - Medium,category 46,Group 57,0,0,false,439.78333333333336,Breached SLA
INC0022172,2016-04-25 09:58:00,2016-05-13 17:12:00,2016-05-18 18:07:00,3 - moderate,2 - Medium,2 - Medium,category 42,Group 58,1,0,false,439.23333333333335,Breached SLA
INC0022201,2016-04-25 10:30:00,2016-04-27 16:43:00,2016-05-02 17:07:00,3 - moderate,2 - Medium,2 - Medium,category 51,Group 70,4,0,false,54.21666666666667,Breached SLA
INC0022224,2016-04-25 10:57:00,2016-04-29 15:36:00,2016-05-04 16:07:00,3 - moderate,2 - Medium,2 - Medium,category 35,Group 33,4,0,false,100.65,Breached SLA
INC0022254,2016-04-25 11:30:00,2016-04-25 11:36:00,2016-04-30 12:07:00,1 - critical,1 - High,1 - High,category 26,Group 30,2,0,false,0.1,Breached SLA
INC0022259,2016-04-25 11:32:00,2016-04-29 15:33:00,2016-05-04 16:07:00,3 - moderate,2 - Medium,2 - Medium,category 32,Group 20,3,0,false,100.01666666666667,Breached SLA
INC0022293,2016-04-25 12:02:00,2016-04-25 16:45:00,2016-04-30 18:07:00,3 - moderate,2 - Medium,2 - Medium,category 42,Group 13,4,0,false,4.716666666666667,Breached SLA
INC0022366,2016-04-25 13:52:00,2016-04-25 13:58:00,2016-05-23 11:07:00,3 - moderate,2 - Medium,2 - Medium,category 23,Group 20,0,0,false,0.1,Breached SLA
INC0022375,2016-04-25 14:07:00,2016-04-29 11:27:00,2016-05-04 12:07:00,3 - moderate,2 - Medium,2 - Medium,category 24,Group 23,1,0,false,93.33333333333333,Breached SLA
INC0022377,2016-04-25 14:10:00,2016-04-26 09:31:00,2016-05-01 10:07:00,2 - high,2 - Medium,1 - High,category 57,Group 56,4,0,false,19.35,Breached SLA
INC0022392,2016-04-25 14:31:00,2016-04-29 11:35:00,2016-05-04 12:07:00,3 - moderate,2 - Medium,2 - Medium,category 57,Group 56,2,0,false,93.06666666666666,Breached SLA
INC0022404,2016-04-25 14:43:00,2016-04-26 11:03:00,2016-05-01 11:07:00,1 - critical,1 - High,1 - High,category 23,Group 72,1,0,false,20.333333333333332,Breached SLA
INC0022432,2016-04-25 15:09:00,2016-04-25 15:24:00,2016-05-23 11:07:00,3 - moderate,2 - Medium,2 - Medium,category 57,Group 56,0,0,false,0.25,Breached SLA
INC0022471,2016-04-25 15:57:00,2016-04-26 11:24:00,2016-05-01 12:07:00,2 - high,2 - Medium,1 - High,category 57,Group 70,2,0,false,19.45,Breached SLA
INC0022529,2016-04-25 18:03:00,2016-04-29 16:11:00,2016-05-04 17:07:00,3 - moderate,2 - Medium,2 - Medium,category 46,Group 33,0,0,false,94.13333333333334,Breached SLA
INC0022579,2016-04-26 08:07:00,2016-04-26 09:12:00,2016-05-01 10:07:00,1 - critical,1 - High,1 - High,category 23,Group 60,2,0,false,1.0833333333333333,Breached SLA
INC0022625,2016-04-26 09:10:00,2016-04-26 11:43:00,2016-05-01 12:07:00,1 - critical,1 - High,1 - High,category 42,Group 71,1,0,false,2.55,Breached SLA
INC0022651,2016-04-26 09:30:00,2016-05-16 17:17:00,2016-05-21 18:07:00,3 - moderate,2 - Medium,2 - Medium,category 24,Group 25,2,0,false,487.78333333333336,Breached SLA
INC0022776,2016-04-26 13:06:00,2016-04-27 08:47:00,2016-05-02 09:07:00,1 - critical,1 - High,1 - High,category 23,Group 72,1,0,false,19.683333333333334,Breached SLA
INC0022777,2016-04-26 13:08:00,2016-04-28 10:41:00,2016-05-03 11:07:00,3 - moderate,2 - Medium,2 - Medium,category 19,Group 72,0,0,false,45.55,Breached SLA
INC0022801,2016-04-26 14:08:00,2016-05-17 09:02:00,2016-05-22 09:07:00,3 - moderate,2 - Medium,2 - Medium,category 32,Group 70,9,0,false,498.9,Breached SLA
INC0022813,2016-04-26 14:26:00,2016-04-27 13:18:00,2016-05-02 14:07:00,3 - moderate,2 - Medium,2 - Medium,category 19,Group 72,0,0,false,22.866666666666667,Breached SLA
INC0022824,2016-04-26 14:42:00,2016-04-26 16:43:00,2016-05-01 17:07:00,1 - critical,1 - High,1 - High,category 42,Group 14,2,0,false,2.0166666666666666,Breached SLA
INC0022981,2016-04-27 07:15:00,2016-05-16 11:31:00,2016-05-21 12:07:00,3 - moderate,2 - Medium,2 - Medium,category 46,Group 6,4,0,false,460.26666666666665,Breached SLA
INC0023030,2016-04-27 09:02:00,2016-04-28 09:03:00,2016-05-03 09:07:00,3 - moderate,2 - Medium,2 - Medium,category 46,Group 37,0,0,false,24.016666666666666,Breached SLA
INC0023035,2016-04-27 09:06:00,2016-04-28 14:27:00,2016-05-03 15:07:00,1 - critical,1 - High,1 - High,category 19,Group 72,0,0,false,29.35,Breached SLA
INC0023094,2016-04-27 10:17:00,2016-04-28 10:51:00,2016-05-03 11:07:00,1 - critical,1 - High,1 - High,category 46,Group 15,0,0,false,24.566666666666666,Breached SLA
INC0023118,2016-04-27 10:40:00,2016-04-27 15:41:00,2016-05-02 16:07:00,3 - moderate,2 - Medium,2 - Medium,category 61,Group 73,0,0,false,5.016666666666667,Breached SLA
INC0023130,2016-04-27 11:00:00,2016-05-13 15:42:00,2016-05-18 16:07:00,3 - moderate,2 - Medium,2 - Medium,category 34,Group 28,1,0,false,388.7,Breached SLA
INC0023172,2016-04-27 11:52:00,2016-04-27 18:28:00,2016-05-02 19:07:00,2 - high,1 - High,2 - Medium,category 40,Group 54,1,0,false,6.6,Breached SLA
INC0023218,2016-04-27 13:21:00,2016-05-13 08:24:00,2016-05-18 09:07:00,3 - moderate,2 - Medium,2 - Medium,category 40,Group 54,3,0,false,379.05,Breached SLA
INC0023311,2016-04-27 15:56:00,2016-04-28 16:06:00,2016-05-03 16:07:00,2 - high,1 - High,2 - Medium,category 23,Group 72,1,0,false,24.166666666666668,Breached SLA
INC0023324,2016-04-27 16:16:00,2016-04-28 02:26:00,2016-05-03 03:07:00,3 - moderate,2 - Medium,2 - Medium,category 28,Group 70,1,0,false,10.166666666666666,Breached SLA
INC0023348,2016-04-27 17:03:00,2016-04-28 16:24:00,2016-05-03 17:07:00,2 - high,1 - High,2 - Medium,category 23,Group 24,2,0,false,23.35,Breached SLA
INC0023394,2016-04-27 20:30:00,2016-04-28 09:34:00,2016-05-03 10:07:00,3 - moderate,2 - Medium,2 - Medium,category 46,Group 72,1,0,false,13.066666666666666,Breached SLA
INC0023435,2016-04-28 02:39:00,2016-04-28 11:29:00,2016-05-02 10:26:00,3 - moderate,2 - Medium,2 - Medium,category 53,Group 65,4,0,false,8.833333333333334,Breached SLA
INC0023452,2016-04-28 07:31:00,2016-04-28 10:06:00,2016-05-03 10:07:00,3 - moderate,2 - Medium,2 - Medium,category 23,Group 72,1,0,false,2.5833333333333335,Breached SLA
INC0023479,2016-04-28 08:23:00,2016-04-29 14:52:00,2016-05-04 15:07:00,1 - critical,1 - High,1 - High,category 20,Group 72,1,0,false,30.483333333333334,Breached SLA
INC0023494,2016-04-28 08:38:00,2016-04-29 10:04:00,2016-05-04 10:07:00,3 - moderate,2 - Medium,2 - Medium,category 23,Group 53,2,0,false,25.433333333333334,Breached SLA
INC0023508,2016-04-28 08:46:00,2016-05-17 09:28:00,2016-05-22 10:07:00,3 - moderate,2 - Medium,2 - Medium,category 53,Group 35,3,0,false,456.7,Breached SLA
INC0023560,2016-04-28 09:26:00,2016-05-16 15:41:00,2016-05-21 16:07:00,3 - moderate,2 - Medium,2 - Medium,category 46,Group 37,1,0,false,438.25,Breached SLA
INC0023583,2016-04-28 09:52:00,2016-05-17 09:08:00,2016-05-22 09:10:00,3 - moderate,2 - Medium,2 - Medium,category 23,Group 70,5,0,false,455.26666666666665,Breached SLA
INC0023642,2016-04-28 11:05:00,2016-05-13 09:43:00,2016-05-18 10:07:00,3 - moderate,2 - Medium,2 - Medium,category 32,Group 70,4,0,false,358.6333333333333,Breached SLA
INC0023755,2016-04-28 13:50:00,2016-05-17 16:02:00,2016-05-22 16:07:00,3 - moderate,2 - Medium,2 - Medium,category 24,Group 29,0,0,false,458.2,Breached SLA
INC0023770,2016-04-28 14:09:00,2016-05-16 09:27:00,2016-05-21 10:07:00,3 - moderate,2 - Medium,2 - Medium,category 46,Group 37,0,0,false,427.3,Breached SLA
INC0023804,2016-04-28 14:55:00,2016-05-19 15:16:00,2016-05-24 16:07:00,3 - moderate,2 - Medium,2 - Medium,category 53,Group 66,0,0,false,504.35,Breached SLA
INC0023826,2016-04-28 15:29:00,2016-05-19 11:02:00,2016-05-24 11:07:00,3 - moderate,2 - Medium,2 - Medium,category 26,Group 23,4,0,false,499.55,Breached SLA
INC0023828,2016-04-28 15:30:00,2016-04-28 18:06:00,2016-05-03 18:07:00,1 - critical,1 - High,1 - High,category 46,Group 15,1,0,false,2.6,Breached SLA
INC0023862,2016-04-28 16:21:00,2016-04-29 08:40:00,2016-05-04 09:07:00,1 - critical,1 - High,1 - High,category 19,Group 72,2,0,false,16.316666666666666,Breached SLA
INC0023932,2016-04-28 23:56:00,2016-04-29 00:00:00,2016-05-04 00:07:00,1 - critical,1 - High,1 - High,category 28,Group 36,1,0,false,0.06666666666666667,Breached SLA
INC0023942,2016-04-29 04:49:00,2016-04-29 14:58:00,2016-05-04 15:07:00,3 - moderate,2 - Medium,2 - Medium,category 53,Group 56,6,0,false,10.15,Breached SLA
INC0024176,2016-04-29 12:10:00,2016-05-13 14:27:00,2016-05-18 15:07:00,3 - moderate,2 - Medium,2 - Medium,category 46,Group 31,1,0,false,338.28333333333336,Breached SLA
INC0024223,2016-04-29 13:42:00,2016-05-16 10:11:00,2016-05-21 11:07:00,3 - moderate,2 - Medium,2 - Medium,category 20,Group 33,1,0,false,404.48333333333335,Breached SLA
INC0024297,2016-04-29 15:29:00,2016-04-29 15:42:00,2016-05-23 11:07:00,3 - moderate,2 - Medium,2 - Medium,category 23,Group 20,0,0,false,0.21666666666666667,Breached SLA
INC0024330,2016-04-29 16:31:00,2016-05-16 17:31:00,2016-05-21 18:07:00,3 - moderate,2 - Medium,2 - Medium,category 44,Group 57,1,0,false,409.0,Breached SLA
INC0024351,2016-04-29 16:54:00,2016-04-29 18:26:00,2016-05-04 19:07:00,1 - critical,1 - High,1 - High,category 46,Group 55,2,0,false,1.5333333333333334,Breached SLA
INC0024452,2016-04-30 10:45:00,2016-05-13 08:22:00,2016-05-18 09:07:00,3 - moderate,2 - Medium,2 - Medium,category 9,Group 28,0,0,false,309.6166666666667,Breached SLA
INC0029061,2016-05-13 04:04:00,2016-05-16 09:34:00,2016-05-21 10:07:00,2 - high,2 - Medium,1 - High,category 57,Group 56,0,0,false,77.5,Breached SLA
INC0029067,2016-05-13 07:10:00,2016-05-24 11:02:00,2016-05-29 11:07:00,3 - moderate,2 - Medium,2 - Medium,category 53,Group 70,3,0,false,267.8666666666667,Breached SLA
INC0029068,2016-05-13 07:30:00,2016-05-16 14:27:00,2016-05-21 15:07:00,3 - moderate,2 - Medium,2 - Medium,category 32,Group 70,2,0,false,78.95,Breached SLA
INC0029075,2016-05-13 07:59:00,2016-05-13 09:26:00,2016-05-18 10:07:00,3 - moderate,2 - Medium,2 - Medium,category 57,Group 25,3,0,false,1.45,Breached SLA
INC0029107,2016-05-13 08:47:00,2016-05-20 15:18:00,2016-05-25 16:07:00,3 - moderate,2 - Medium,2 - Medium,category 20,Group 66,2,0,false,174.51666666666668,Breached SLA
INC0029109,2016-05-13 08:48:00,2016-05-23 16:01:00,2016-05-28 16:07:00,3 - moderate,2 - Medium,2 - Medium,category 37,Group 29,0,0,false,247.21666666666667,Breached SLA
INC0029129,2016-05-13 09:19:00,2016-05-30 09:53:00,2016-06-04 10:07:00,3 - moderate,2 - Medium,2 - Medium,category 19,Group 59,5,0,false,408.56666666666666,Breached SLA
INC0029138,2016-05-13 09:32:00,2016-05-16 09:36:00,2016-05-16 13:16:00,3 - moderate,2 - Medium,2 - Medium,category 57,Group 65,0,0,false,72.06666666666666,Breached SLA
INC0029140,2016-05-13 09:38:00,2016-05-25 17:22:00,2016-05-30 18:07:00,3 - moderate,2 - Medium,2 - Medium,category 24,Group 28,0,0,false,295.73333333333335,Breached SLA
INC0029211,2016-05-13 11:13:00,2016-05-19 17:17:00,2016-05-24 18:07:00,3 - moderate,2 - Medium,2 - Medium,category 24,Group 25,1,0,false,150.06666666666666,Breached SLA
INC0029212,2016-05-13 11:14:00,2016-05-30 11:36:00,2016-06-04 12:07:00,3 - moderate,2 - Medium,2 - Medium,category 53,Group 68,1,0,false,408.3666666666667,Breached SLA
INC0029216,2016-05-13 11:16:00,2016-05-30 17:24:00,2016-06-04 18:07:00,3 - moderate,2 - Medium,2 - Medium,category 46,Group 66,0,0,false,414.1333333333333,Breached SLA
INC0029221,2016-05-13 11:25:00,2016-05-25 10:28:00,2016-05-30 11:07:00,3 - moderate,2 - Medium,2 - Medium,category 44,Group 6,2,0,false,287.05,Breached SLA
INC0029222,2016-05-13 11:27:00,2016-05-24 09:38:00,2016-05-29 10:07:00,3 - moderate,2 - Medium,2 - Medium,category 42,Group 70,5,0,false,262.18333333333334,Breached SLA
INC0029224,2016-05-13 11:32:00,2016-05-20 16:42:00,2016-05-25 17:07:00,3 - moderate,2 - Medium,2 - Medium,category 22,Group 75,0,0,false,173.16666666666666,Breached SLA
INC0029254,2016-05-13 12:43:00,2016-05-17 11:05:00,2016-05-22 11:07:00,2 - high,2 - Medium,1 - High,category 17,Group 69,0,0,false,94.36666666666666,Breached SLA
INC0029263,2016-05-13 13:07:00,2016-05-23 16:41:00,2016-05-28 17:07:00,3 - moderate,2 - Medium,2 - Medium,category 23,Group 72,1,0,false,243.56666666666666,Breached SLA
INC0029282,2016-05-13 13:47:00,2016-05-20 16:15:00,2016-05-25 17:07:00,3 - moderate,2 - Medium,2 - Medium,category 37,Group 29,2,0,false,170.46666666666667,Breached SLA
INC0029302,2016-05-13 14:16:00,2016-05-13 15:04:00,2016-05-18 15:07:00,2 - high,2 - Medium,1 - High,category 17,Group 69,0,0,false,0.8,Breached SLA
INC0029304,2016-05-13 14:23:00,2016-05-19 14:05:00,2016-05-24 14:07:00,3 - moderate,2 - Medium,2 - Medium,category 42,Group 70,0,0,false,143.7,Breached SLA
INC0029328,2016-05-13 14:54:00,2016-05-20 15:01:00,2016-05-25 15:07:00,3 - moderate,2 - Medium,2 - Medium,category 42,Group 39,3,1,false,168.11666666666667,Breached SLA
INC0029332,2016-05-13 15:01:00,2016-05-20 14:10:00,2016-05-25 15:07:00,3 - moderate,2 - Medium,2 - Medium,category 46,Group 57,0,0,false,167.15,Breached SLA
INC0029333,2016-05-13 15:02:00,2016-05-24 09:26:00,2016-05-29 10:07:00,3 - moderate,2 - Medium,2 - Medium,category 46,Group 37,1,0,false,258.4,Breached SLA
INC0029355,2016-05-13 15:49:00,2016-05-20 19:48:00,2016-05-25 20:07:00,3 - moderate,2 - Medium,2 - Medium,category 26,Group 29,1,0,false,171.98333333333332,Breached SLA
INC0029357,2016-05-13 15:50:00,2016-05-20 15:05:00,2016-05-25 15:07:00,3 - moderate,2 - Medium,2 - Medium,category 46,Group 10,4,0,false,167.25,Breached SLA
INC0029365,2016-05-13 16:08:00,2016-05-19 15:43:00,2016-05-24 16:07:00,3 - moderate,2 - Medium,2 - Medium,category 53,Group 32,1,0,false,143.58333333333334,Breached SLA
INC0029369,2016-05-13 16:13:00,2016-05-19 21:54:00,2016-05-24 22:07:00,3 - moderate,2 - Medium,2 - Medium,category 57,Group 56,1,0,false,149.68333333333334,Breached SLA
INC0029375,2016-05-13 16:18:00,2016-05-20 14:34:00,2016-05-25 15:07:00,3 - moderate,2 - Medium,2 - Medium,category 46,Group 31,0,0,false,166.26666666666668,Breached SLA
INC0029377,2016-05-13 16:20:00,2016-05-16 09:08:00,2016-05-21 09:10:00,2 - high,2 - Medium,1 - High,category 17,Group 69,0,0,false,64.8,Breached SLA
INC0029390,2016-05-13 16:43:00,2016-05-24 09:44:00,2016-05-29 10:07:00,3 - moderate,2 - Medium,2 - Medium,category 53,Group 70,2,0,false,257.01666666666665,Breached SLA
INC0029400,2016-05-13 16:59:00,2016-05-25 10:39:00,2016-05-30 11:07:00,3 - moderate,2 - Medium,2 - Medium,category 43,Group 22,0,0,false,281.6666666666667,Breached SLA
INC0029416,2016-05-13 21:42:00,2016-05-23 11:30:00,2016-05-28 12:07:00,3 - moderate,2 - Medium,2 - Medium,category 46,Group 22,2,0,false,229.8,Breached SLA
INC0029437,2016-05-14 02:39:00,2016-05-25 10:04:00,2016-05-30 10:07:00,3 - moderate,2 - Medium,2 - Medium,category 57,Group 65,0,0,false,271.4166666666667,Breached SLA
INC0029441,2016-05-14 04:32:00,2016-05-16 09:35:00,2016-05-21 10:07:00,2 - high,2 - Medium,1 - High,category 57,Group 56,1,0,false,53.05,Breached SLA
INC0029442,2016-05-14 04:33:00,2016-05-16 09:35:00,2016-05-21 10:07:00,2 - high,2 - Medium,1 - High,category 57,Group 56,1,0,false,53.03333333333333,Breached SLA
INC0029445,2016-05-14 05:15:00,2016-05-16 09:36:00,2016-05-21 10:07:00,2 - high,1 - High,2 - Medium,category 57,Group 56,0,0,false,52.35,Breached SLA
INC0029449,2016-05-14 07:52:00,2016-05-14 08:04:00,2016-05-19 08:07:00,1 - critical,1 - High,1 - High,category 57,Group 56,0,0,false,0.2,Breached SLA
INC0029459,2016-05-14 12:15:00,2016-05-23 15:34:00,2016-05-28 16:07:00,3 - moderate,2 - Medium,2 - Medium,category 40,Group 54,3,0,false,219.31666666666666,Breached SLA
INC0029462,2016-05-14 12:52:00,2016-05-16 09:01:00,2016-05-21 09:07:00,3 - moderate,2 - Medium,2 - Medium,category 46,Group 22,2,0,false,44.15,Breached SLA
INC0029503,2016-05-15 01:44:00,2016-05-15 11:16:00,2016-05-20 12:07:00,2 - high,1 - High,2 - Medium,category 57,Group 65,0,0,false,9.533333333333333,Breached SLA
INC0029510,2016-05-15 06:55:00,2016-05-24 15:35:00,2016-05-29 16:07:00,3 - moderate,2 - Medium,2 - Medium,category 9,Group 25,1,0,false,224.66666666666666,Breached SLA
INC0029514,2016-05-15 07:08:00,2016-05-20 16:49:00,2016-05-25 17:07:00,3 - moderate,2 - Medium,2 - Medium,category 53,Group 70,4,0,false,129.68333333333334,Breached SLA
INC0029524,2016-05-15 10:53:00,2016-05-23 14:30:00,2016-05-28 15:07:00,3 - moderate,2 - Medium,2 - Medium,category 57,Group 24,0,0,false,195.61666666666667,Breached SLA
INC0029529,2016-05-15 12:41:00,2016-05-25 12:57:00,2016-05-30 13:07:00,3 - moderate,2 - Medium,2 - Medium,category 53,Group 70,2,2,false,240.26666666666668,Breached SLA
INC0029560,2016-05-16 00:45:00,2016-05-23 18:48:00,2016-05-28 19:07:00,1 - critical,1 - High,1 - High,category 46,Group 37,0,0,false,186.05,Breached SLA
INC0029564,2016-05-16 01:28:00,2016-05-31 09:04:00,2016-06-05 09:07:00,3 - moderate,2 - Medium,2 - Medium,category 32,Group 66,4,0,false,367.6,Breached SLA
INC0029580,2016-05-16 06:44:00,2016-05-23 09:15:00,2016-05-28 10:07:00,3 - moderate,2 - Medium,2 - Medium,category 46,Group 70,2,1,false,170.51666666666668,Breached SLA
INC0029602,2016-05-16 08:08:00,2016-05-20 09:25:00,2016-05-25 10:07:00,3 - moderate,2 - Medium,2 - Medium,category 26,Group 24,1,0,false,97.28333333333333,Breached SLA
INC0029676,2016-05-16 09:13:00,2016-05-30 09:47:00,2016-06-04 10:07:00,3 - moderate,2 - Medium,2 - Medium,category 34,Group 70,2,0,false,336.56666666666666,Breached SLA
INC0029693,2016-05-16 09:24:00,2016-05-23 08:41:00,2016-05-28 09:07:00,3 - moderate,2 - Medium,2 - Medium,category 61,Group 20,4,0,false,167.28333333333333,Breached SLA
INC0029699,2016-05-16 09:31:00,2016-05-25 18:26:00,2016-05-30 19:07:00,3 - moderate,2 - Medium,2 - Medium,category 32,Group 20,5,0,false,224.91666666666666,Breached SLA
INC0029704,2016-05-16 09:36:00,2016-05-20 15:14:00,2016-05-25 16:07:00,3 - moderate,2 - Medium,2 - Medium,category 61,Group 73,0,0,false,101.63333333333334,Breached SLA
INC0029723,2016-05-16 09:52:00,2016-05-20 16:45:00,2016-05-25 17:07:00,3 - moderate,2 - Medium,2 - Medium,category 22,Group 75,0,0,false,102.88333333333334,Breached SLA
INC0029724,2016-05-16 09:52:00,2016-05-24 13:01:00,2016-05-29 13:07:00,3 - moderate,2 - Medium,2 - Medium,category 57,Group 70,2,0,false,195.15,Breached SLA
INC0029725,2016-05-16 09:52:00,2016-05-16 10:31:00,2016-05-21 11:07:00,3 - moderate,2 - Medium,2 - Medium,category 37,Group 25,1,0,false,0.65,Breached SLA
INC0029758,2016-05-16 10:24:00,2016-05-31 15:35:00,2016-06-05 16:07:00,3 - moderate,2 - Medium,2 - Medium,category 42,Group 39,1,0,false,365.18333333333334,Breached SLA
INC0029765,2016-05-16 10:28:00,2016-05-30 14:21:00,2016-06-04 15:07:00,3 - moderate,2 - Medium,2 - Medium,category 24,Group 25,0,0,false,339.8833333333333,Breached SLA
INC0029781,2016-05-16 10:42:00,2016-05-31 09:36:00,2016-06-05 10:07:00,3 - moderate,2 - Medium,2 - Medium,category 53,Group 70,7,0,false,358.9,Breached SLA
INC0029822,2016-05-16 11:28:00,2016-05-20 11:38:00,2016-05-25 12:07:00,1 - critical,1 - High,1 - High,category 23,Group 72,2,0,false,96.16666666666667,Breached SLA
INC0029823,2016-05-16 11:29:00,2016-05-23 14:50:00,2016-05-28 15:07:00,3 - moderate,2 - Medium,2 - Medium,category 46,Group 10,0,0,false,171.35,Breached SLA
INC0029886,2016-05-16 13:01:00,2016-05-24 13:59:00,2016-05-29 14:07:00,3 - moderate,2 - Medium,2 - Medium,category 40,Group 70,2,0,false,192.96666666666667,Breached SLA
INC0029895,2016-05-16 13:25:00,2016-05-25 08:55:00,2016-05-30 09:07:00,3 - moderate,2 - Medium,2 - Medium,category 42,Group 37,2,0,false,211.5,Breached SLA
INC0029913,2016-05-16 13:53:00,2016-05-30 13:49:00,2016-06-04 14:07:00,3 - moderate,2 - Medium,2 - Medium,category 46,Group 33,1,0,false,335.93333333333334,Breached SLA
INC0029919,2016-05-16 14:00:00,2016-05-25 13:50:00,2016-05-30 14:07:00,3 - moderate,2 - Medium,2 - Medium,category 46,Group 39,2,0,false,215.83333333333334,Breached SLA
INC0029937,2016-05-16 14:30:00,2016-05-25 17:50:00,2016-05-30 18:07:00,3 - moderate,2 - Medium,2 - Medium,category 24,Group 29,0,0,false,219.33333333333334,Breached SLA
INC0029941,2016-05-16 14:40:00,2016-05-23 13:41:00,2016-05-28 14:07:00,3 - moderate,2 - Medium,2 - Medium,category 9,Group 28,0,0,false,167.01666666666668,Breached SLA
INC0029955,2016-05-16 15:05:00,2016-05-23 09:31:00,2016-05-28 10:07:00,3 - moderate,2 - Medium,2 - Medium,category 57,Group 70,2,0,false,162.43333333333334,Breached SLA
INC0029979,2016-05-16 15:38:00,2016-05-30 09:48:00,2016-06-04 10:07:00,3 - moderate,2 - Medium,2 - Medium,category 53,Group 70,1,1,false,330.1666666666667,Breached SLA
INC0029982,2016-05-16 15:41:00,2016-05-23 12:22:00,2016-05-28 13:07:00,3 - moderate,2 - Medium,2 - Medium,category 23,Group 70,4,0,false,164.68333333333334,Breached SLA
INC0030003,2016-05-16 16:16:00,2016-05-23 17:39:00,2016-05-28 18:07:00,3 - moderate,2 - Medium,2 - Medium,category 53,Group 12,0,0,false,169.38333333333333,Breached SLA
INC0030016,2016-05-16 16:34:00,2016-05-17 17:25:00,2016-05-22 18:07:00,1 - critical,1 - High,1 - High,category 46,Group 12,2,0,false,24.85,Breached SLA
INC0030021,2016-05-16 16:38:00,2016-05-23 12:16:00,2016-05-28 13:07:00,3 - moderate,2 - Medium,2 - Medium,category 42,Group 70,2,0,false,163.63333333333333,Breached SLA
INC0030024,2016-05-16 16:40:00,2016-05-20 17:02:00,2016-05-25 17:07:00,3 - moderate,2 - Medium,2 - Medium,category 42,Group 10,1,0,false,96.36666666666666,Breached SLA
INC0030039,2016-05-16 17:18:00,2016-05-18 16:47:00,2016-05-23 17:07:00,1 - critical,1 - High,1 - High,category 23,Group 72,2,0,false,47.483333333333334,Breached SLA
INC0030045,2016-05-16 17:30:00,2016-05-24 10:21:00,2016-05-29 11:07:00,3 - moderate,2 - Medium,2 - Medium,category 46,Group 57,0,0,false,184.85,Breached SLA
INC0030066,2016-05-16 19:35:00,2016-05-17 09:38:00,2016-05-22 10:07:00,2 - high,1 - High,2 - Medium,category 46,Group 22,2,0,false,14.05,Breached SLA
INC0030070,2016-05-16 20:23:00,2016-05-23 11:34:00,2016-05-28 12:07:00,3 - moderate,2 - Medium,2 - Medium,category 23,Group 25,1,0,false,159.18333333333334,Breached SLA
INC0030082,2016-05-16 23:19:00,2016-05-24 15:39:00,2016-05-29 16:07:00,3 - moderate,2 - Medium,2 - Medium,category 9,Group 25,0,0,false,184.33333333333334,Breached SLA
INC0030083,2016-05-17 00:17:00,2016-05-17 09:12:00,2016-05-22 10:07:00,2 - high,1 - High,2 - Medium,category 57,Group 65,0,0,false,8.916666666666666,Breached SLA
INC0030086,2016-05-17 01:03:00,2016-05-30 13:44:00,2016-06-04 14:07:00,3 - moderate,2 - Medium,2 - Medium,category 53,Group 28,2,0,false,324.68333333333334,Breached SLA
INC0030093,2016-05-17 03:53:00,2016-05-24 15:44:00,2016-05-29 16:07:00,3 - moderate,2 - Medium,2 - Medium,category 57,Group 25,1,0,false,179.85,Breached SLA
INC0030099,2016-05-17 06:12:00,2016-05-23 16:49:00,2016-05-28 17:07:00,3 - moderate,2 - Medium,2 - Medium,category 23,Group 72,1,0,false,154.61666666666667,Breached SLA
INC0030109,2016-05-17 07:53:00,2016-05-17 12:17:00,2016-05-22 13:07:00,3 - moderate,2 - Medium,2 - Medium,category 19,Group 59,2,0,false,4.4,Breached SLA
INC0030113,2016-05-17 08:03:00,2016-05-24 10:38:00,2016-05-29 11:07:00,3 - moderate,2 - Medium,2 - Medium,category 61,Group 74,1,0,false,170.58333333333334,Breached SLA
INC0030125,2016-05-17 08:23:00,2016-05-23 12:04:00,2016-05-28 12:07:00,3 - moderate,2 - Medium,2 - Medium,category 20,Group 25,1,0,false,147.68333333333334,Breached SLA
INC0030127,2016-05-17 08:25:00,2016-05-23 15:32:00,2016-05-28 16:07:00,3 - moderate,2 - Medium,2 - Medium,category 23,Group 54,1,0,false,151.11666666666667,Breached SLA
INC0030136,2016-05-17 08:33:00,2016-05-24 12:47:00,2016-05-29 13:07:00,3 - moderate,2 - Medium,2 - Medium,category 9,Group 25,0,0,false,172.23333333333332,Breached SLA
INC0030146,2016-05-17 08:41:00,2016-05-30 10:11:00,2016-06-04 11:07:00,3 - moderate,2 - Medium,2 - Medium,category 57,Group 54,3,0,false,313.5,Breached SLA
INC0030175,2016-05-17 09:15:00,2016-05-20 11:52:00,2016-05-25 12:07:00,1 - critical,1 - High,1 - High,category 19,Group 72,0,0,false,74.61666666666666,Breached SLA
INC0030187,2016-05-17 09:27:00,2016-05-23 17:30:00,2016-05-28 18:07:00,3 - moderate,2 - Medium,2 - Medium,category 53,Group 12,0,0,false,152.05,Breached SLA
INC0030191,2016-05-17 09:31:00,2016-05-24 15:39:00,2016-05-29 16:07:00,3 - moderate,2 - Medium,2 - Medium,category 13,Group 75,1,0,false,174.13333333333333,Breached SLA
INC0030204,2016-05-17 09:45:00,2016-05-27 19:12:00,2016-06-01 20:07:00,3 - moderate,2 - Medium,2 - Medium,category 34,Group 29,2,0,false,249.45,Breached SLA
INC0030237,2016-05-17 10:23:00,2016-05-30 15:10:00,2016-06-04 16:07:00,3 - moderate,2 - Medium,2 - Medium,category 46,Group 39,2,0,false,316.78333333333336,Breached SLA
INC0030240,2016-05-17 10:32:00,2016-05-23 12:23:00,2016-05-28 13:07:00,3 - moderate,2 - Medium,2 - Medium,category 42,Group 70,2,0,false,145.85,Breached SLA
INC0030244,2016-05-17 10:44:00,2016-05-23 08:53:00,2016-05-28 09:07:00,3 - moderate,2 - Medium,2 - Medium,category 61,Group 73,1,0,false,142.15,Breached SLA
INC0030248,2016-05-17 10:49:00,2016-05-23 11:05:00,2016-05-28 11:07:00,3 - moderate,2 - Medium,2 - Medium,category 42,Group 70,2,0,false,144.26666666666668,Breached SLA
INC0030251,2016-05-17 10:53:00,2016-05-23 14:02:00,2016-05-28 14:07:00,3 - moderate,2 - Medium,2 - Medium,category 46,Group 6,1,0,false,147.15,Breached SLA
INC0030257,2016-05-17 11:02:00,2016-05-23 15:29:00,2016-05-28 16:07:00,3 - moderate,2 - Medium,2 - Medium,category 26,Group 25,3,0,false,148.45,Breached SLA
INC0030270,2016-05-17 11:12:00,2016-05-23 16:58:00,2016-05-28 17:07:00,3 - moderate,2 - Medium,2 - Medium,category 40,Group 29,0,0,false,149.76666666666668,Breached SLA
INC0030273,2016-05-17 11:13:00,2016-05-23 15:23:00,2016-05-28 16:07:00,3 - moderate,2 - Medium,2 - Medium,category 26,Group 29,1,0,false,148.16666666666666,Breached SLA
INC0030278,2016-05-17 11:15:00,2016-05-23 16:18:00,2016-05-28 17:07:00,3 - moderate,2 - Medium,2 - Medium,category 46,Group 66,0,0,false,149.05,Breached SLA
INC0030283,2016-05-17 11:20:00,2016-05-25 09:27:00,2016-05-30 10:07:00,3 - moderate,2 - Medium,2 - Medium,category 23,Group 25,1,0,false,190.11666666666667,Breached SLA
INC0030293,2016-05-17 11:35:00,2016-05-23 11:14:00,2016-05-28 12:07:00,3 - moderate,2 - Medium,2 - Medium,category 23,Group 25,1,0,false,143.65,Breached SLA
INC0030302,2016-05-17 11:45:00,2016-05-23 13:13:00,2016-05-28 14:07:00,3 - moderate,2 - Medium,2 - Medium,category 46,Group 39,4,1,false,145.46666666666667,Breached SLA
INC0030313,2016-05-17 12:03:00,2016-05-23 19:20:00,2016-05-28 20:07:00,3 - moderate,2 - Medium,2 - Medium,category 43,Group 37,2,0,false,151.28333333333333,Breached SLA
INC0030318,2016-05-17 12:07:00,2016-05-23 09:19:00,2016-05-28 10:07:00,3 - moderate,2 - Medium,2 - Medium,category 53,Group 25,0,0,false,141.2,Breached SLA
INC0030327,2016-05-17 12:19:00,2016-05-23 09:39:00,2016-05-28 10:07:00,3 - moderate,2 - Medium,2 - Medium,category 46,Group 37,3,0,false,141.33333333333334,Breached SLA
INC0030331,2016-05-17 12:26:00,2016-05-30 11:34:00,2016-06-04 12:07:00,3 - moderate,2 - Medium,2 - Medium,category 9,Group 25,0,0,false,311.1333333333333,Breached SLA
INC0030343,2016-05-17 12:49:00,2016-05-23 09:24:00,2016-05-28 10:07:00,3 - moderate,2 - Medium,2 - Medium,category 53,Group 70,3,0,false,140.58333333333334,Breached SLA
INC0030345,2016-05-17 12:55:00,2016-05-23 10:13:00,2016-05-28 11:07:00,3 - moderate,2 - Medium,2 - Medium,category 57,Group 70,3,0,false,141.3,Breached SLA
INC0030353,2016-05-17 13:16:00,2016-05-23 11:08:00,2016-05-28 11:10:00,3 - moderate,2 - Medium,2 - Medium,category 53,Group 70,1,0,false,141.86666666666667,Breached SLA
INC0030365,2016-05-17 13:33:00,2016-05-23 12:10:00,2016-05-28 13:07:00,3 - moderate,2 - Medium,2 - Medium,category 37,Group 46,0,0,false,142.61666666666667,Breached SLA
INC0030374,2016-05-17 13:48:00,2016-05-23 13:30:00,2016-05-28 14:07:00,3 - moderate,2 - Medium,2 - Medium,category 46,Group 57,0,0,false,143.7,Breached SLA
INC0030395,2016-05-17 14:22:00,2016-05-24 14:14:00,2016-05-29 15:07:00,3 - moderate,2 - Medium,2 - Medium,category 53,Group 70,2,0,false,167.86666666666667,Breached SLA
INC0030402,2016-05-17 14:31:00,2016-05-17 14:57:00,2016-05-22 15:07:00,3 - moderate,2 - Medium,2 - Medium,category 57,Group 24,0,0,false,0.43333333333333335,Breached SLA
INC0030421,2016-05-17 14:50:00,2016-05-23 08:55:00,2016-05-28 09:07:00,3 - moderate,2 - Medium,2 - Medium,category 23,Group 70,1,0,false,138.08333333333334,Breached SLA
INC0030426,2016-05-17 15:02:00,2016-05-24 14:14:00,2016-05-29 15:07:00,3 - moderate,2 - Medium,2 - Medium,category 40,Group 70,2,0,false,167.2,Breached SLA
INC0030432,2016-05-17 15:11:00,2016-05-25 16:52:00,2016-05-30 17:07:00,3 - moderate,2 - Medium,2 - Medium,category 19,Group 70,2,0,false,193.68333333333334,Breached SLA
INC0030465,2016-05-17 16:19:00,2016-05-31 11:55:00,2016-06-05 12:07:00,3 - moderate,2 - Medium,2 - Medium,category 37,Group 46,1,0,false,331.6,Breached SLA
INC0030480,2016-05-17 16:55:00,2016-05-23 17:31:00,2016-05-28 18:07:00,3 - moderate,2 - Medium,2 - Medium,category 53,Group 12,2,0,false,144.6,Breached SLA
INC0030481,2016-05-17 16:56:00,2016-05-24 16:07:00,2016-05-29 16:10:00,3 - moderate,2 - Medium,2 - Medium,category 46,Group 22,2,0,false,167.18333333333334,Breached SLA
INC0030498,2016-05-17 18:02:00,2016-05-30 11:46:00,2016-06-04 12:07:00,3 - moderate,2 - Medium,2 - Medium,category 46,Group 37,3,0,false,305.73333333333335,Breached SLA
INC0030504,2016-05-17 18:50:00,2016-05-18 14:34:00,2016-05-23 15:07:00,3 - moderate,2 - Medium,2 - Medium,category 23,Group 56,2,0,false,19.733333333333334,Breached SLA
INC0030509,2016-05-17 19:26:00,2016-05-24 14:15:00,2016-05-29 15:07:00,3 - moderate,2 - Medium,2 - Medium,category 20,Group 70,0,0,false,162.81666666666666,Breached SLA
INC0030512,2016-05-17 19:58:00,2016-05-23 10:18:00,2016-05-28 11:07:00,3 - moderate,2 - Medium,2 - Medium,category 43,Group 70,1,0,false,134.33333333333334,Breached SLA
INC0030514,2016-05-17 20:06:00,2016-05-18 17:47:00,2016-05-23 18:07:00,3 - moderate,2 - Medium,2 - Medium,category 46,Group 22,1,0,false,21.683333333333334,Breached SLA
INC0030553,2016-05-17 23:46:00,2016-05-18 03:15:00,2016-05-23 04:07:00,2 - high,2 - Medium,1 - High,category 42,Group 53,0,0,false,3.4833333333333334,Breached SLA
INC0030558,2016-05-18 00:10:00,2016-05-25 10:09:00,2016-05-30 10:10:00,2 - high,1 - High,2 - Medium,category 57,Group 65,1,0,false,177.98333333333332,Breached SLA
INC0030571,2016-05-18 03:12:00,2016-05-19 13:17:00,2016-05-24 14:07:00,2 - high,1 - High,2 - Medium,category 57,Group 65,1,0,false,34.083333333333336,Breached SLA
INC0030582,2016-05-18 06:07:00,2016-05-19 22:09:00,2016-05-24 22:10:00,3 - moderate,2 - Medium,2 - Medium,category 57,Group 56,3,0,false,40.03333333333333,Breached SLA
INC0030590,2016-05-18 07:32:00,2016-05-25 11:00:00,2016-05-30 11:07:00,3 - moderate,2 - Medium,2 - Medium,category 57,Group 54,0,0,false,171.46666666666667,Breached SLA
INC0030592,2016-05-18 07:47:00,2016-05-23 10:16:00,2016-05-28 11:07:00,3 - moderate,2 - Medium,2 - Medium,category 57,Group 65,0,0,false,122.48333333333333,Breached SLA
INC0030598,2016-05-18 08:09:00,2016-05-23 09:02:00,2016-05-28 09:07:00,3 - moderate,2 - Medium,2 - Medium,category 57,Group 65,0,0,false,120.88333333333334,Breached SLA
INC0030607,2016-05-18 08:15:00,2016-05-23 10:23:00,2016-05-28 11:07:00,3 - moderate,2 - Medium,2 - Medium,category 57,Group 70,2,0,false,122.13333333333334,Breached SLA
INC0030619,2016-05-18 08:31:00,2016-05-24 14:17:00,2016-05-29 15:07:00,3 - moderate,2 - Medium,2 - Medium,category 57,Group 70,2,0,false,149.76666666666668,Breached SLA
INC0030627,2016-05-18 08:40:00,2016-05-24 15:13:00,2016-05-29 16:07:00,3 - moderate,2 - Medium,2 - Medium,category 53,Group 25,0,0,false,150.55,Breached SLA
INC0030629,2016-05-18 08:43:00,2016-05-23 12:56:00,2016-05-28 13:07:00,3 - moderate,2 - Medium,2 - Medium,category 26,Group 30,3,0,false,124.21666666666667,Breached SLA
INC0030630,2016-05-18 08:43:00,2016-05-23 09:33:00,2016-05-28 10:07:00,3 - moderate,2 - Medium,2 - Medium,category 32,Group 20,1,0,false,120.83333333333333,Breached SLA
INC0030634,2016-05-18 08:46:00,2016-05-25 10:14:00,2016-05-30 11:07:00,3 - moderate,2 - Medium,2 - Medium,category 46,Group 54,5,0,false,169.46666666666667,Breached SLA
INC0030640,2016-05-18 08:51:00,2016-05-25 10:18:00,2016-05-30 11:07:00,3 - moderate,2 - Medium,2 - Medium,category 46,Group 54,3,0,false,169.45,Breached SLA
INC0030643,2016-05-18 08:53:00,2016-05-23 10:46:00,2016-05-28 11:07:00,3 - moderate,2 - Medium,2 - Medium,category 24,Group 25,0,0,false,121.88333333333334,Breached SLA
INC0030645,2016-05-18 08:55:00,2016-05-27 19:15:00,2016-06-01 20:07:00,3 - moderate,2 - Medium,2 - Medium,category 9,Group 29,0,0,false,226.33333333333334,Breached SLA
INC0030649,2016-05-18 08:58:00,2016-05-23 09:20:00,2016-05-28 10:07:00,3 - moderate,2 - Medium,2 - Medium,category 24,Group 25,0,0,false,120.36666666666666,Breached SLA
INC0030651,2016-05-18 08:59:00,2016-05-23 14:34:00,2016-05-28 15:07:00,3 - moderate,2 - Medium,2 - Medium,category 57,Group 70,3,0,false,125.58333333333333,Breached SLA
INC0030655,2016-05-18 09:00:00,2016-05-23 11:37:00,2016-05-28 12:07:00,3 - moderate,2 - Medium,2 - Medium,category 23,Group 25,2,0,false,122.61666666666666,Breached SLA
INC0030656,2016-05-18 09:01:00,2016-05-25 10:19:00,2016-05-30 11:07:00,3 - moderate,2 - Medium,2 - Medium,category 46,Group 54,3,0,false,169.3,Breached SLA
INC0030660,2016-05-18 09:03:00,2016-05-23 10:18:00,2016-05-28 11:07:00,3 - moderate,2 - Medium,2 - Medium,category 61,Group 73,0,0,false,121.25,Breached SLA
INC0030662,2016-05-18 09:05:00,2016-05-23 15:39:00,2016-05-28 16:07:00,3 - moderate,2 - Medium,2 - Medium,category 40,Group 54,3,0,false,126.56666666666666,Breached SLA
INC0030663,2016-05-18 09:06:00,2016-05-24 16:37:00,2016-05-29 17:07:00,3 - moderate,2 - Medium,2 - Medium,category 9,Group 25,0,0,false,151.51666666666668,Breached SLA
INC0030664,2016-05-18 09:06:00,2016-05-25 10:20:00,2016-05-30 11:07:00,3 - moderate,2 - Medium,2 - Medium,category 46,Group 54,3,0,false,169.23333333333332,Breached SLA
INC0030678,2016-05-18 09:17:00,2016-05-23 16:31:00,2016-05-28 17:07:00,3 - moderate,2 - Medium,2 - Medium,category 46,Group 70,1,0,false,127.23333333333333,Breached SLA
INC0030697,2016-05-18 09:38:00,2016-05-24 15:03:00,2016-05-29 15:07:00,3 - moderate,2 - Medium,2 - Medium,category 57,Group 54,2,0,false,149.41666666666666,Breached SLA
INC0030702,2016-05-18 09:43:00,2016-05-30 16:40:00,2016-06-04 17:07:00,3 - moderate,2 - Medium,2 - Medium,category 46,Group 66,0,0,false,294.95,Breached SLA
INC0030708,2016-05-18 09:48:00,2016-05-24 16:40:00,2016-05-29 17:07:00,3 - moderate,2 - Medium,2 - Medium,category 24,Group 30,0,0,false,150.86666666666667,Breached SLA
INC0030721,2016-05-18 10:04:00,2016-05-25 10:34:00,2016-05-30 11:07:00,3 - moderate,2 - Medium,2 - Medium,category 46,Group 6,1,0,false,168.5,Breached SLA
INC0030733,2016-05-18 10:15:00,2016-05-31 10:11:00,2016-06-05 11:07:00,3 - moderate,2 - Medium,2 - Medium,category 46,Group 57,0,0,false,311.93333333333334,Breached SLA
INC0030735,2016-05-18 10:15:00,2016-05-23 15:54:00,2016-05-28 16:07:00,3 - moderate,2 - Medium,2 - Medium,category 53,Group 53,2,0,false,125.65,Breached SLA
INC0030758,2016-05-18 10:39:00,2016-05-30 10:51:00,2016-06-04 11:07:00,3 - moderate,2 - Medium,2 - Medium,category 23,Group 25,1,0,false,288.2,Breached SLA
INC0030773,2016-05-18 11:01:00,2016-05-23 12:05:00,2016-05-28 12:07:00,3 - moderate,2 - Medium,2 - Medium,category 24,Group 28,0,0,false,121.06666666666666,Breached SLA
INC0030777,2016-05-18 11:07:00,2016-05-23 08:39:00,2016-05-28 09:07:00,3 - moderate,2 - Medium,2 - Medium,category 46,Group 66,0,0,false,117.53333333333333,Breached SLA
INC0030802,2016-05-18 11:41:00,2016-05-18 14:23:00,2016-05-23 15:07:00,2 - high,1 - High,2 - Medium,category 53,Group 76,1,0,false,2.7,Breached SLA
INC0030803,2016-05-18 11:42:00,2016-05-25 08:52:00,2016-05-30 09:07:00,3 - moderate,2 - Medium,2 - Medium,category 46,Group 37,0,0,false,165.16666666666666,Breached SLA
INC0030820,2016-05-18 11:59:00,2016-05-24 14:38:00,2016-05-29 15:07:00,3 - moderate,2 - Medium,2 - Medium,category 46,Group 10,3,0,false,146.65,Breached SLA
INC0030840,2016-05-18 12:40:00,2016-05-24 14:25:00,2016-05-29 15:07:00,3 - moderate,2 - Medium,2 - Medium,category 37,Group 70,4,0,false,145.75,Breached SLA
INC0030850,2016-05-18 13:20:00,2016-05-27 14:10:00,2016-06-01 15:07:00,3 - moderate,2 - Medium,2 - Medium,category 46,Group 21,0,0,false,216.83333333333334,Breached SLA
INC0030855,2016-05-18 13:33:00,2016-05-24 08:12:00,2016-05-29 09:07:00,3 - moderate,2 - Medium,2 - Medium,category 51,Group 20,4,0,false,138.65,Breached SLA
INC0030863,2016-05-18 13:49:00,2016-05-31 11:05:00,2016-06-05 11:07:00,3 - moderate,2 - Medium,2 - Medium,category 34,Group 24,0,0,false,309.26666666666665,Breached SLA
INC0030872,2016-05-18 14:06:00,2016-05-25 14:57:00,2016-05-30 15:07:00,3 - moderate,2 - Medium,2 - Medium,category 46,Group 37,1,0,false,168.85,Breached SLA
INC0030884,2016-05-18 14:29:00,2016-05-24 14:44:00,2016-05-29 15:07:00,3 - moderate,2 - Medium,2 - Medium,category 57,Group 70,2,0,false,144.25,Breached SLA
INC0030889,2016-05-18 14:34:00,2016-05-24 14:48:00,2016-05-29 15:07:00,3 - moderate,2 - Medium,2 - Medium,category 53,Group 70,3,0,false,144.23333333333332,Breached SLA
INC0030891,2016-05-18 14:35:00,2016-05-24 14:49:00,2016-06-12 19:59:00,3 - moderate,2 - Medium,2 - Medium,category 57,Group 70,2,0,false,144.23333333333332,Breached SLA
INC0030906,2016-05-18 15:12:00,2016-05-30 09:52:00,2016-06-04 10:07:00,3 - moderate,2 - Medium,2 - Medium,category 26,Group 70,5,0,false,282.6666666666667,Breached SLA
INC0030909,2016-05-18 15:23:00,2016-05-23 13:56:00,2016-05-28 14:07:00,3 - moderate,2 - Medium,2 - Medium,category 53,Group 24,2,1,false,118.55,Breached SLA
INC0030911,2016-05-18 15:24:00,2016-05-23 08:32:00,2016-05-28 09:07:00,3 - moderate,2 - Medium,2 - Medium,category 9,Group 25,0,0,false,113.13333333333334,Breached SLA
INC0030917,2016-05-18 15:35:00,2016-05-18 16:15:00,2016-05-23 17:07:00,2 - high,2 - Medium,1 - High,category 26,Group 20,1,0,false,0.6666666666666666,Breached SLA
INC0030920,2016-05-18 15:46:00,2016-05-25 09:57:00,2016-05-30 10:07:00,3 - moderate,2 - Medium,2 - Medium,category 57,Group 65,0,0,false,162.18333333333334,Breached SLA
INC0030924,2016-05-18 15:49:00,2016-05-31 18:32:00,2016-06-05 19:07:00,3 - moderate,2 - Medium,2 - Medium,category 57,Group 29,3,0,false,314.71666666666664,Breached SLA
INC0030934,2016-05-18 16:03:00,2016-05-24 14:56:00,2016-05-29 15:07:00,3 - moderate,2 - Medium,2 - Medium,category 42,Group 70,2,0,false,142.88333333333333,Breached SLA
INC0030943,2016-05-18 16:22:00,2016-05-31 15:03:00,2016-06-05 15:07:00,3 - moderate,2 - Medium,2 - Medium,category 57,Group 70,2,0,false,310.68333333333334,Breached SLA
INC0030945,2016-05-18 16:25:00,2016-05-24 15:06:00,2016-05-29 15:07:00,3 - moderate,2 - Medium,2 - Medium,category 9,Group 27,3,0,false,142.68333333333334,Breached SLA
INC0030967,2016-05-18 17:09:00,2016-05-24 14:28:00,2016-05-29 15:07:00,3 - moderate,2 - Medium,2 - Medium,category 28,Group 54,1,0,false,141.31666666666666,Breached SLA
INC0030975,2016-05-18 17:23:00,2016-05-20 11:04:00,2016-05-25 11:07:00,1 - critical,1 - High,1 - High,category 46,Group 12,2,0,false,41.68333333333333,Breached SLA
INC0030986,2016-05-18 17:59:00,2016-05-25 16:45:00,2016-05-30 17:07:00,3 - moderate,2 - Medium,2 - Medium,category 9,Group 27,4,0,false,166.76666666666668,Breached SLA
INC0030992,2016-05-18 18:49:00,2016-05-24 15:06:00,2016-05-29 15:07:00,3 - moderate,2 - Medium,2 - Medium,category 28,Group 70,4,0,false,140.28333333333333,Breached SLA
INC0030999,2016-05-18 20:01:00,2016-05-19 15:17:00,2016-05-24 16:07:00,2 - high,1 - High,2 - Medium,category 46,Group 2,1,0,false,19.266666666666666,Breached SLA
INC0031003,2016-05-18 20:19:00,2016-05-23 09:02:00,2016-05-28 09:07:00,3 - moderate,2 - Medium,2 - Medium,category 46,Group 22,1,0,false,108.71666666666667,Breached SLA
INC0031011,2016-05-18 21:50:00,2016-05-23 09:03:00,2016-05-28 09:07:00,3 - moderate,2 - Medium,2 - Medium,category 46,Group 22,0,0,false,107.21666666666667,Breached SLA
INC0031013,2016-05-18 21:57:00,2016-05-24 18:28:00,2016-05-29 19:07:00,3 - moderate,2 - Medium,2 - Medium,category 40,Group 29,1,0,false,140.51666666666668,Breached SLA
INC0031014,2016-05-18 22:21:00,2016-05-19 08:46:00,2016-05-24 09:07:00,3 - moderate,2 - Medium,2 - Medium,category 23,Group 55,2,0,false,10.416666666666666,Breached SLA
INC0031021,2016-05-18 23:02:00,2016-05-19 00:01:00,2016-05-24 00:07:00,2 - high,1 - High,2 - Medium,category 23,Group 55,2,0,false,0.9833333333333333,Breached SLA
INC0031032,2016-05-19 01:26:00,2016-05-23 16:39:00,2016-05-28 17:07:00,2 - high,2 - Medium,1 - High,category 19,Group 72,1,0,false,111.21666666666667,Breached SLA
INC0031036,2016-05-19 04:22:00,2016-05-31 08:45:00,2016-06-05 09:07:00,3 - moderate,2 - Medium,2 - Medium,category 46,Group 70,1,0,false,292.3833333333333,Breached SLA
INC0031042,2016-05-19 06:27:00,2016-05-23 11:30:00,2016-05-28 12:07:00,3 - moderate,2 - Medium,2 - Medium,category 40,Group 54,1,0,false,101.05,Breached SLA
INC0031046,2016-05-19 06:43:00,2016-05-24 09:53:00,2016-05-29 10:07:00,2 - high,2 - Medium,1 - High,category 19,Group 70,1,0,false,123.16666666666667,Breached SLA
INC0031047,2016-05-19 07:12:00,2016-05-23 15:46:00,2016-05-28 16:07:00,3 - moderate,2 - Medium,2 - Medium,category 19,Group 54,0,0,false,104.56666666666666,Breached SLA
INC0031049,2016-05-19 07:32:00,2016-05-24 15:23:00,2016-05-29 16:07:00,3 - moderate,2 - Medium,2 - Medium,category 20,Group 70,3,0,false,127.85,Breached SLA
INC0031068,2016-05-19 08:21:00,2016-05-24 08:20:00,2016-05-29 09:07:00,3 - moderate,2 - Medium,2 - Medium,category 26,Group 24,2,0,false,119.98333333333333,Breached SLA
INC0031069,2016-05-19 08:21:00,2016-05-24 15:29:00,2016-05-29 16:07:00,3 - moderate,2 - Medium,2 - Medium,category 23,Group 25,1,0,false,127.13333333333334,Breached SLA
INC0031081,2016-05-19 08:35:00,2016-05-23 13:29:00,2016-05-28 14:07:00,3 - moderate,2 - Medium,2 - Medium,category 46,Group 22,0,0,false,100.9,Breached SLA
INC0031095,2016-05-19 09:00:00,2016-05-20 11:05:00,2016-05-25 11:07:00,3 - moderate,2 - Medium,2 - Medium,category 37,Group 70,2,0,false,26.083333333333332,Breached SLA
INC0031103,2016-05-19 09:05:00,2016-05-30 13:38:00,2016-06-04 14:07:00,3 - moderate,2 - Medium,2 - Medium,category 57,Group 28,0,0,false,268.55,Breached SLA
INC0031114,2016-05-19 09:21:00,2016-05-23 17:10:00,2016-05-28 18:07:00,3 - moderate,2 - Medium,2 - Medium,category 53,Group 12,0,0,false,103.81666666666666,Breached SLA
INC0031128,2016-05-19 09:33:00,2016-05-25 13:58:00,2016-05-30 14:07:00,3 - moderate,2 - Medium,2 - Medium,category 32,Group 39,1,0,false,148.41666666666666,Breached SLA
INC0031131,2016-05-19 09:48:00,2016-05-25 11:45:00,2016-05-30 12:07:00,3 - moderate,2 - Medium,2 - Medium,category 23,Group 20,3,0,false,145.95,Breached SLA
INC0031134,2016-05-19 09:53:00,2016-05-24 09:47:00,2016-05-29 10:07:00,3 - moderate,2 - Medium,2 - Medium,category 46,Group 57,2,0,false,119.9,Breached SLA
INC0031141,2016-05-19 09:58:00,2016-05-23 17:32:00,2016-05-28 18:07:00,3 - moderate,2 - Medium,2 - Medium,category 53,Group 12,0,0,false,103.56666666666666,Breached SLA
INC0031156,2016-05-19 10:13:00,2016-05-30 09:22:00,2016-06-04 10:07:00,3 - moderate,2 - Medium,2 - Medium,category 24,Group 27,2,0,false,263.15,Breached SLA
INC0031158,2016-05-19 10:19:00,2016-05-24 15:29:00,2016-05-29 16:07:00,3 - moderate,2 - Medium,2 - Medium,category 57,Group 70,2,0,false,125.16666666666667,Breached SLA
INC0031163,2016-05-19 10:25:00,2016-05-24 11:46:00,2016-05-29 12:07:00,3 - moderate,2 - Medium,2 - Medium,category 44,Group 72,5,0,false,121.35,Breached SLA
INC0031166,2016-05-19 10:27:00,2016-05-25 18:23:00,2016-05-30 19:07:00,3 - moderate,2 - Medium,2 - Medium,category 26,Group 20,1,0,false,151.93333333333334,Breached SLA
INC0031171,2016-05-19 10:32:00,2016-05-24 16:52:00,2016-05-29 17:07:00,3 - moderate,2 - Medium,2 - Medium,category 42,Group 39,3,0,false,126.33333333333333,Breached SLA
INC0031172,2016-05-19 10:39:00,2016-05-24 11:42:00,2016-05-29 12:07:00,3 - moderate,2 - Medium,2 - Medium,category 23,Group 70,3,0,false,121.05,Breached SLA
INC0031174,2016-05-19 10:43:00,2016-05-24 15:40:00,2016-05-29 16:07:00,3 - moderate,2 - Medium,2 - Medium,category 32,Group 70,2,0,false,124.95,Breached SLA
INC0031179,2016-05-19 10:53:00,2016-05-24 15:44:00,2016-05-29 16:07:00,3 - moderate,2 - Medium,2 - Medium,category 19,Group 70,3,0,false,124.85,Breached SLA
INC0031187,2016-05-19 11:04:00,2016-05-23 10:40:00,2016-05-28 11:07:00,3 - moderate,2 - Medium,2 - Medium,category 8,Group 53,0,0,false,95.6,Breached SLA
INC0031189,2016-05-19 11:06:00,2016-05-23 09:49:00,2016-05-28 10:07:00,3 - moderate,2 - Medium,2 - Medium,category 35,Group 25,1,0,false,94.71666666666667,Breached SLA
INC0031211,2016-05-19 11:25:00,2016-05-24 15:55:00,2016-05-29 16:07:00,3 - moderate,2 - Medium,2 - Medium,category 57,Group 70,1,0,false,124.5,Breached SLA
INC0031223,2016-05-19 11:34:00,2016-05-24 15:24:00,2016-05-29 16:07:00,3 - moderate,2 - Medium,2 - Medium,category 53,Group 25,1,0,false,123.83333333333333,Breached SLA
INC0031233,2016-05-19 11:38:00,2016-05-24 16:02:00,2016-05-29 16:07:00,3 - moderate,2 - Medium,2 - Medium,category 43,Group 70,1,0,false,124.4,Breached SLA
INC0031238,2016-05-19 11:42:00,2016-05-25 17:33:00,2016-05-30 18:07:00,3 - moderate,2 - Medium,2 - Medium,category 44,Group 5,0,0,false,149.85,Breached SLA
INC0031239,2016-05-19 11:46:00,2016-05-25 12:30:00,2016-05-30 13:07:00,3 - moderate,2 - Medium,2 - Medium,category 32,Group 70,6,0,false,144.73333333333332,Breached SLA
INC0031249,2016-05-19 12:05:00,2016-05-23 15:22:00,2016-05-28 16:07:00,3 - moderate,2 - Medium,2 - Medium,category 24,Group 29,0,0,false,99.28333333333333,Breached SLA
INC0031255,2016-05-19 12:25:00,2016-05-31 15:10:00,2016-06-05 15:10:00,3 - moderate,2 - Medium,2 - Medium,category 53,Group 70,2,0,false,290.75,Breached SLA
INC0031256,2016-05-19 12:27:00,2016-05-25 21:20:00,2016-05-30 22:07:00,3 - moderate,2 - Medium,2 - Medium,category 19,Group 72,0,0,false,152.88333333333333,Breached SLA
INC0031263,2016-05-19 12:57:00,2016-05-25 14:38:00,2016-05-30 15:07:00,3 - moderate,2 - Medium,2 - Medium,category 42,Group 70,2,0,false,145.68333333333334,Breached SLA
INC0031265,2016-05-19 13:04:00,2016-05-24 15:14:00,2016-05-29 16:07:00,3 - moderate,2 - Medium,2 - Medium,category 53,Group 25,0,0,false,122.16666666666667,Breached SLA
INC0031268,2016-05-19 13:12:00,2016-05-23 10:56:00,2016-05-28 11:07:00,3 - moderate,2 - Medium,2 - Medium,category 9,Group 25,0,0,false,93.73333333333333,Breached SLA
INC0031279,2016-05-19 13:37:00,2016-05-24 14:25:00,2016-05-29 15:07:00,3 - moderate,2 - Medium,2 - Medium,category 23,Group 54,4,0,false,120.8,Breached SLA
INC0031302,2016-05-19 14:14:00,2016-05-31 13:41:00,2016-06-05 14:07:00,3 - moderate,2 - Medium,2 - Medium,category 23,Group 72,4,0,false,287.45,Breached SLA
INC0031316,2016-05-19 14:55:00,2016-05-31 17:33:00,2016-06-05 18:07:00,3 - moderate,2 - Medium,2 - Medium,category 44,Group 3,1,0,false,290.6333333333333,Breached SLA
INC0031318,2016-05-19 14:56:00,2016-05-25 15:36:00,2016-05-30 16:07:00,3 - moderate,2 - Medium,2 - Medium,category 46,Group 70,3,0,false,144.66666666666666,Breached SLA
INC0031344,2016-05-19 15:42:00,2016-05-30 15:49:00,2016-06-04 16:07:00,1 - critical,1 - High,1 - High,category 46,Group 66,2,0,false,264.1166666666667,Breached SLA
INC0031378,2016-05-19 17:18:00,2016-05-31 09:07:00,2016-06-05 09:10:00,3 - moderate,2 - Medium,2 - Medium,category 53,Group 27,0,0,false,279.81666666666666,Breached SLA
INC0031387,2016-05-19 18:21:00,2016-05-27 08:59:00,2016-06-01 09:07:00,3 - moderate,2 - Medium,2 - Medium,category 46,Group 22,0,0,false,182.63333333333333,Breached SLA
INC0031398,2016-05-19 19:56:00,2016-05-27 18:11:00,2016-06-01 19:07:00,3 - moderate,2 - Medium,2 - Medium,category 9,Group 29,1,0,false,190.25,Breached SLA
INC0031399,2016-05-19 19:58:00,2016-05-27 18:11:00,2016-06-01 19:07:00,3 - moderate,2 - Medium,2 - Medium,category 9,Group 29,0,0,false,190.21666666666667,Breached SLA
INC0031400,2016-05-19 19:59:00,2016-05-27 16:24:00,2016-06-01 17:07:00,3 - moderate,2 - Medium,2 - Medium,category 9,Group 29,0,0,false,188.41666666666666,Breached SLA
INC0031401,2016-05-19 19:59:00,2016-05-27 18:12:00,2016-06-01 19:07:00,3 - moderate,2 - Medium,2 - Medium,category 9,Group 29,0,0,false,190.21666666666667,Breached SLA
INC0031418,2016-05-20 01:15:00,2016-05-30 15:52:00,2016-06-04 16:07:00,3 - moderate,2 - Medium,2 - Medium,category 53,Group 70,0,0,false,254.61666666666667,Breached SLA
INC0031426,2016-05-20 04:49:00,2016-05-30 10:54:00,2016-06-04 11:07:00,3 - moderate,2 - Medium,2 - Medium,category 20,Group 25,1,0,false,246.08333333333334,Breached SLA
INC0031437,2016-05-20 06:39:00,2016-05-27 19:19:00,2016-06-01 20:07:00,3 - moderate,2 - Medium,2 - Medium,category 23,Group 29,1,0,false,180.66666666666666,Breached SLA
INC0031438,2016-05-20 06:40:00,2016-05-20 16:38:00,2016-05-25 17:07:00,3 - moderate,2 - Medium,2 - Medium,category 19,Group 59,2,0,false,9.966666666666667,Breached SLA
INC0031444,2016-05-20 08:01:00,2016-05-30 13:30:00,2016-06-04 14:07:00,3 - moderate,2 - Medium,2 - Medium,category 24,Group 25,0,0,false,245.48333333333332,Breached SLA
INC0031445,2016-05-20 08:04:00,2016-05-20 11:54:00,2016-05-25 12:07:00,3 - moderate,2 - Medium,2 - Medium,category 32,Group 69,1,0,false,3.8333333333333335,Breached SLA
INC0031488,2016-05-20 08:49:00,2016-05-30 08:29:00,2016-06-04 09:07:00,3 - moderate,2 - Medium,2 - Medium,category 9,Group 25,0,0,false,239.66666666666666,Breached SLA
INC0031513,2016-05-20 09:12:00,2016-05-27 11:56:00,2016-06-01 12:07:00,3 - moderate,2 - Medium,2 - Medium,category 46,Group 57,3,0,false,170.73333333333332,Breached SLA
INC0031533,2016-05-20 09:34:00,2016-05-20 09:49:00,2016-05-25 10:07:00,2 - high,2 - Medium,1 - High,category 51,Group 24,1,0,false,0.25,Breached SLA
INC0031543,2016-05-20 09:49:00,2016-05-20 09:54:00,2016-05-25 10:07:00,2 - high,2 - Medium,1 - High,category 51,Group 24,1,0,false,0.08333333333333333,Breached SLA
INC0031551,2016-05-20 09:54:00,2016-05-30 11:14:00,2016-06-04 12:07:00,3 - moderate,2 - Medium,2 - Medium,category 46,Group 57,1,0,false,241.33333333333334,Breached SLA
INC0031567,2016-05-20 10:22:00,2016-05-20 16:38:00,2016-05-25 17:07:00,3 - moderate,2 - Medium,2 - Medium,category 19,Group 59,0,0,false,6.266666666666667,Breached SLA
INC0031581,2016-05-20 10:40:00,2016-05-31 14:52:00,2016-06-05 15:07:00,3 - moderate,2 - Medium,2 - Medium,category 53,Group 24,0,0,false,268.2,Breached SLA
INC0031594,2016-05-20 10:57:00,2016-05-23 08:37:00,2016-05-28 09:07:00,1 - critical,1 - High,1 - High,category 46,Group 12,2,0,false,69.66666666666667,Breached SLA
INC0031636,2016-05-20 11:56:00,2016-05-31 15:07:00,2016-06-05 15:10:00,3 - moderate,2 - Medium,2 - Medium,category 46,Group 22,0,0,false,267.18333333333334,Breached SLA
INC0031651,2016-05-20 12:31:00,2016-05-30 11:36:00,2016-06-04 12:07:00,3 - moderate,2 - Medium,2 - Medium,category 9,Group 25,0,0,false,239.08333333333334,Breached SLA
INC0031671,2016-05-20 13:45:00,2016-05-30 10:17:00,2016-06-04 11:07:00,3 - moderate,2 - Medium,2 - Medium,category 37,Group 47,0,0,false,236.53333333333333,Breached SLA
INC0031688,2016-05-20 14:37:00,2016-05-31 15:15:00,2016-06-05 16:07:00,3 - moderate,2 - Medium,2 - Medium,category 46,Group 70,1,0,false,264.6333333333333,Breached SLA
INC0031695,2016-05-20 14:49:00,2016-05-20 15:19:00,2016-05-25 16:07:00,2 - high,2 - Medium,1 - High,category 24,Group 23,0,0,false,0.5,Breached SLA
INC0031698,2016-05-20 14:54:00,2016-05-20 15:45:00,2016-05-25 16:07:00,2 - high,1 - High,2 - Medium,category 28,Group 20,1,0,false,0.85,Breached SLA
INC0031729,2016-05-20 15:45:00,2016-05-30 09:44:00,2016-06-04 10:07:00,3 - moderate,2 - Medium,2 - Medium,category 37,Group 70,1,0,false,233.98333333333332,Breached SLA
INC0031735,2016-05-20 16:03:00,2016-05-20 16:28:00,2016-05-25 17:07:00,2 - high,1 - High,2 - Medium,category 42,Group 46,1,0,false,0.4166666666666667,Breached SLA
INC0031749,2016-05-20 16:31:00,2016-05-20 17:47:00,2016-05-25 18:07:00,1 - critical,1 - High,1 - High,category 42,Group 12,1,0,false,1.2666666666666666,Breached SLA
INC0031780,2016-05-20 17:50:00,2016-05-23 19:30:00,2016-05-28 20:07:00,2 - high,1 - High,2 - Medium,category 46,Group 37,0,0,false,73.66666666666667,Breached SLA
INC0031783,2016-05-20 18:06:00,2016-05-30 10:13:00,2016-06-04 11:07:00,3 - moderate,2 - Medium,2 - Medium,category 57,Group 54,2,0,false,232.11666666666667,Breached SLA
INC0031809,2016-05-20 20:19:00,2016-05-20 22:53:00,2016-05-25 23:07:00,3 - moderate,2 - Medium,2 - Medium,category 57,Group 65,0,0,false,2.566666666666667,Breached SLA
INC0031811,2016-05-20 20:34:00,2016-05-28 23:48:00,2016-06-03 00:07:00,3 - moderate,2 - Medium,2 - Medium,category 23,Group 70,1,0,false,195.23333333333332,Breached SLA
INC0031839,2016-05-21 06:33:00,2016-05-21 14:09:00,2016-05-26 14:10:00,2 - high,2 - Medium,1 - High,category 46,Group 57,4,0,false,7.6,Breached SLA
INC0031881,2016-05-22 01:41:00,2016-05-31 09:13:00,2016-06-05 10:07:00,3 - moderate,2 - Medium,2 - Medium,category 42,Group 22,2,0,false,223.53333333333333,Breached SLA
INC0031896,2016-05-22 14:08:00,2016-05-31 14:44:00,2016-06-05 15:07:00,3 - moderate,2 - Medium,2 - Medium,category 46,Group 37,0,0,false,216.6,Breached SLA
INC0031940,2016-05-23 07:18:00,2016-05-30 11:37:00,2016-06-04 12:07:00,3 - moderate,2 - Medium,2 - Medium,category 28,Group 25,0,0,false,172.31666666666666,Breached SLA
INC0031944,2016-05-23 07:40:00,2016-05-24 09:58:00,2016-05-29 10:07:00,2 - high,1 - High,2 - Medium,category 46,Group 22,0,0,false,26.3,Breached SLA
INC0031951,2016-05-23 08:04:00,2016-05-31 08:48:00,2016-06-05 09:07:00,3 - moderate,2 - Medium,2 - Medium,category 53,Group 70,1,0,false,192.73333333333332,Breached SLA
INC0031958,2016-05-23 08:13:00,2016-05-23 09:07:00,2016-05-28 09:10:00,3 - moderate,2 - Medium,2 - Medium,category 46,Group 31,1,0,false,0.9,Breached SLA
INC0031997,2016-05-23 08:47:00,2016-05-23 16:39:00,2016-05-28 17:07:00,3 - moderate,2 - Medium,2 - Medium,category 23,Group 70,2,0,false,7.866666666666666,Breached SLA
INC0032013,2016-05-23 09:08:00,2016-05-31 18:00:00,2016-06-05 18:07:00,3 - moderate,2 - Medium,2 - Medium,category 42,Group 3,0,0,false,200.86666666666667,Breached SLA
INC0032015,2016-05-23 09:11:00,2016-05-31 14:11:00,2016-06-05 15:07:00,3 - moderate,2 - Medium,2 - Medium,category 42,Group 39,7,0,false,197.0,Breached SLA
INC0032026,2016-05-23 09:20:00,2016-05-30 17:29:00,2016-06-04 18:07:00,3 - moderate,2 - Medium,2 - Medium,category 46,Group 68,1,0,false,176.15,Breached SLA
INC0032034,2016-05-23 09:25:00,2016-05-30 08:50:00,2016-06-04 09:07:00,3 - moderate,2 - Medium,2 - Medium,category 46,Group 58,1,0,false,167.41666666666666,Breached SLA
INC0032048,2016-05-23 09:37:00,2016-05-31 16:38:00,2016-06-05 17:07:00,3 - moderate,2 - Medium,2 - Medium,category 9,Group 24,0,0,false,199.01666666666668,Breached SLA
INC0032059,2016-05-23 09:44:00,2016-05-23 14:56:00,2016-05-28 15:07:00,3 - moderate,2 - Medium,2 - Medium,category 46,Group 57,0,0,false,5.2,Breached SLA
INC0032066,2016-05-23 09:52:00,2016-05-30 13:48:00,2016-06-04 14:07:00,3 - moderate,2 - Medium,2 - Medium,category 53,Group 68,1,0,false,171.93333333333334,Breached SLA
INC0032092,2016-05-23 10:19:00,2016-05-30 14:36:00,2016-06-04 15:07:00,3 - moderate,2 - Medium,2 - Medium,category 34,Group 25,1,0,false,172.28333333333333,Breached SLA
INC0032097,2016-05-23 10:21:00,2016-05-30 15:56:00,2016-06-04 16:07:00,3 - moderate,2 - Medium,2 - Medium,category 37,Group 70,2,0,false,173.58333333333334,Breached SLA
INC0032114,2016-05-23 10:34:00,2016-05-31 10:47:00,2016-06-05 11:07:00,3 - moderate,2 - Medium,2 - Medium,category 42,Group 3,0,0,false,192.21666666666667,Breached SLA
INC0032119,2016-05-23 10:40:00,2016-05-31 15:16:00,2016-06-05 16:07:00,3 - moderate,2 - Medium,2 - Medium,category 46,Group 22,0,0,false,196.6,Breached SLA
INC0032129,2016-05-23 10:53:00,2016-05-27 10:58:00,2016-06-01 11:07:00,3 - moderate,2 - Medium,2 - Medium,category 43,Group 22,0,0,false,96.08333333333333,Breached SLA
INC0032131,2016-05-23 10:55:00,2016-05-31 09:26:00,2016-06-05 10:07:00,3 - moderate,2 - Medium,2 - Medium,category 42,Group 10,6,0,false,190.51666666666668,Breached SLA
INC0032183,2016-05-23 11:48:00,2016-05-23 12:28:00,2016-05-28 13:07:00,2 - high,1 - High,2 - Medium,category 53,Group 25,1,0,false,0.6666666666666666,Breached SLA
INC0032186,2016-05-23 11:52:00,2016-05-30 11:17:00,2016-06-04 12:07:00,3 - moderate,2 - Medium,2 - Medium,category 43,Group 31,6,0,false,167.41666666666666,Breached SLA
INC0032197,2016-05-23 12:17:00,2016-05-30 14:37:00,2016-06-04 15:07:00,3 - moderate,2 - Medium,2 - Medium,category 9,Group 25,0,0,false,170.33333333333334,Breached SLA
INC0032201,2016-05-23 12:25:00,2016-05-31 14:19:00,2016-06-05 15:07:00,3 - moderate,2 - Medium,2 - Medium,category 53,Group 27,0,0,false,193.9,Breached SLA
INC0032231,2016-05-23 13:30:00,2016-05-30 17:07:00,2016-06-04 17:10:00,3 - moderate,2 - Medium,2 - Medium,category 9,Group 25,0,0,false,171.61666666666667,Breached SLA
INC0032237,2016-05-23 13:37:00,2016-05-25 14:32:00,2016-05-30 15:07:00,1 - critical,1 - High,1 - High,category 23,Group 72,2,0,false,48.916666666666664,Breached SLA
INC0032240,2016-05-23 13:39:00,2016-05-31 10:25:00,2016-06-05 11:07:00,3 - moderate,2 - Medium,2 - Medium,category 37,Group 54,1,0,false,188.76666666666668,Breached SLA
INC0032290,2016-05-23 14:46:00,2016-05-30 15:24:00,2016-06-04 16:07:00,3 - moderate,2 - Medium,2 - Medium,category 46,Group 31,2,0,false,168.63333333333333,Breached SLA
INC0032309,2016-05-23 15:17:00,2016-05-30 13:41:00,2016-06-04 14:07:00,3 - moderate,2 - Medium,2 - Medium,category 61,Group 25,0,0,false,166.4,Breached SLA
INC0032312,2016-05-23 15:23:00,2016-05-31 17:12:00,2016-06-05 18:07:00,3 - moderate,2 - Medium,2 - Medium,category 46,Group 22,1,0,false,193.81666666666666,Breached SLA
INC0032324,2016-05-23 15:53:00,2016-05-30 10:47:00,2016-06-04 11:07:00,3 - moderate,2 - Medium,2 - Medium,category 24,Group 24,0,0,false,162.9,Breached SLA
INC0032347,2016-05-23 16:41:00,2016-05-30 12:44:00,2016-06-04 13:07:00,3 - moderate,2 - Medium,2 - Medium,category 57,Group 65,0,0,false,164.05,Breached SLA
INC0032351,2016-05-23 16:48:00,2016-05-30 17:05:00,2016-06-04 17:07:00,3 - moderate,2 - Medium,2 - Medium,category 57,Group 25,1,0,false,168.28333333333333,Breached SLA
INC0032364,2016-05-23 17:24:00,2016-05-31 10:09:00,2016-06-05 10:10:00,3 - moderate,2 - Medium,2 - Medium,category 19,Group 54,0,0,false,184.75,Breached SLA
INC0032388,2016-05-23 19:34:00,2016-05-24 10:03:00,2016-05-29 10:07:00,3 - moderate,2 - Medium,2 - Medium,category 46,Group 22,0,0,false,14.483333333333333,Breached SLA
INC0032393,2016-05-23 22:26:00,2016-05-31 15:33:00,2016-06-05 16:07:00,3 - moderate,2 - Medium,2 - Medium,category 53,Group 70,2,0,false,185.11666666666667,Breached SLA
INC0032403,2016-05-24 00:40:00,2016-05-30 15:54:00,2016-06-04 16:07:00,3 - moderate,2 - Medium,2 - Medium,category 53,Group 28,3,0,false,159.23333333333332,Breached SLA
INC0032416,2016-05-24 05:36:00,2016-05-30 08:40:00,2016-06-04 09:07:00,3 - moderate,2 - Medium,2 - Medium,category 37,Group 48,1,0,false,147.06666666666666,Breached SLA
INC0032421,2016-05-24 06:12:00,2016-05-25 08:52:00,2016-05-30 09:07:00,3 - moderate,2 - Medium,2 - Medium,category 37,Group 48,0,0,false,26.666666666666668,Breached SLA
INC0032425,2016-05-24 06:31:00,2016-05-31 16:45:00,2016-06-05 17:07:00,3 - moderate,2 - Medium,2 - Medium,category 40,Group 57,4,0,false,178.23333333333332,Breached SLA
INC0032428,2016-05-24 07:36:00,2016-05-30 17:26:00,2016-06-04 18:07:00,3 - moderate,2 - Medium,2 - Medium,category 26,Group 20,5,0,false,153.83333333333334,Breached SLA
INC0032431,2016-05-24 08:13:00,2016-05-25 10:33:00,2016-05-30 11:07:00,3 - moderate,2 - Medium,2 - Medium,category 53,Group 65,1,0,false,26.333333333333332,Breached SLA
INC0032437,2016-05-24 08:23:00,2016-05-31 10:44:00,2016-06-05 11:07:00,3 - moderate,2 - Medium,2 - Medium,category 9,Group 25,0,0,false,170.35,Breached SLA
INC0032444,2016-05-24 08:32:00,2016-05-31 10:25:00,2016-06-05 11:07:00,3 - moderate,2 - Medium,2 - Medium,category 9,Group 25,0,0,false,169.88333333333333,Breached SLA
INC0032448,2016-05-24 08:35:00,2016-05-30 16:02:00,2016-06-04 16:07:00,3 - moderate,2 - Medium,2 - Medium,category 57,Group 70,2,0,false,151.45,Breached SLA
INC0032453,2016-05-24 08:49:00,2016-05-30 13:38:00,2016-06-04 14:07:00,3 - moderate,2 - Medium,2 - Medium,category 53,Group 25,0,0,false,148.81666666666666,Breached SLA
INC0032458,2016-05-24 08:53:00,2016-05-31 17:57:00,2016-06-05 18:07:00,3 - moderate,2 - Medium,2 - Medium,category 9,Group 29,0,0,false,177.06666666666666,Breached SLA
INC0032462,2016-05-24 09:04:00,2016-06-13 09:49:00,2016-06-18 10:00:00,3 - moderate,2 - Medium,2 - Medium,category 9,Group 25,0,0,false,480.75,Breached SLA
INC0032488,2016-05-24 09:35:00,2016-05-31 09:30:00,2016-06-05 10:07:00,3 - moderate,2 - Medium,2 - Medium,category 9,Group 27,4,0,false,167.91666666666666,Breached SLA
INC0032502,2016-05-24 09:50:00,2016-05-30 15:37:00,2016-06-04 16:07:00,3 - moderate,2 - Medium,2 - Medium,category 42,Group 70,2,0,false,149.78333333333333,Breached SLA
INC0032554,2016-05-24 11:00:00,2016-05-30 17:05:00,2016-06-04 17:07:00,3 - moderate,2 - Medium,2 - Medium,category 34,Group 27,2,0,false,150.08333333333334,Breached SLA
INC0032599,2016-05-24 12:34:00,2016-05-31 16:00:00,2016-06-05 16:07:00,3 - moderate,2 - Medium,2 - Medium,category 51,Group 70,1,0,false,171.43333333333334,Breached SLA
INC0032603,2016-05-24 12:52:00,2016-05-30 17:04:00,2016-06-04 17:07:00,3 - moderate,2 - Medium,2 - Medium,category 53,Group 25,0,0,false,148.2,Breached SLA
INC0032623,2016-05-24 14:05:00,2016-05-31 09:28:00,2016-06-05 10:07:00,3 - moderate,2 - Medium,2 - Medium,category 9,Group 27,2,0,false,163.38333333333333,Breached SLA
INC0032633,2016-05-24 14:19:00,2016-05-31 11:06:00,2016-06-05 11:07:00,3 - moderate,2 - Medium,2 - Medium,category 23,Group 70,4,0,false,164.78333333333333,Breached SLA
INC0032635,2016-05-24 14:21:00,2016-05-30 13:35:00,2016-06-04 14:07:00,3 - moderate,2 - Medium,2 - Medium,category 53,Group 25,0,0,false,143.23333333333332,Breached SLA
INC0032648,2016-05-24 14:41:00,2016-05-25 11:30:00,2016-05-30 12:07:00,2 - high,1 - High,2 - Medium,category 61,Group 73,0,0,false,20.816666666666666,Breached SLA
INC0032652,2016-05-24 14:48:00,2016-05-30 14:10:00,2016-06-04 15:07:00,3 - moderate,2 - Medium,2 - Medium,category 26,Group 28,1,0,false,143.36666666666667,Breached SLA
INC0032653,2016-05-24 14:49:00,2016-05-31 08:58:00,2016-06-05 09:07:00,3 - moderate,2 - Medium,2 - Medium,category 9,Group 27,0,0,false,162.15,Breached SLA
INC0032660,2016-05-24 15:03:00,2016-05-30 13:26:00,2016-06-04 14:07:00,3 - moderate,2 - Medium,2 - Medium,category 26,Group 24,1,0,false,142.38333333333333,Breached SLA
INC0032666,2016-05-24 15:06:00,2016-06-13 15:12:00,2016-06-18 16:00:00,3 - moderate,2 - Medium,2 - Medium,category 26,Group 70,2,0,false,480.1,Breached SLA
INC0032698,2016-05-24 16:13:00,2016-06-14 07:11:00,2016-06-19 08:00:00,3 - moderate,2 - Medium,2 - Medium,category 53,Group 66,0,0,false,494.96666666666664,Breached SLA
INC0032707,2016-05-24 16:22:00,2016-05-30 09:16:00,2016-06-04 10:07:00,3 - moderate,2 - Medium,2 - Medium,category 34,Group 27,0,0,false,136.9,Breached SLA
INC0032709,2016-05-24 16:26:00,2016-05-31 10:51:00,2016-06-05 11:07:00,3 - moderate,2 - Medium,2 - Medium,category 24,Group 25,1,0,false,162.41666666666666,Breached SLA
INC0032725,2016-05-24 17:15:00,2016-05-30 08:50:00,2016-06-04 09:07:00,3 - moderate,2 - Medium,2 - Medium,category 44,Group 5,0,0,false,135.58333333333334,Breached SLA
INC0032732,2016-05-24 17:39:00,2016-05-31 12:01:00,2016-06-05 12:07:00,3 - moderate,2 - Medium,2 - Medium,category 57,Group 25,1,0,false,162.36666666666667,Breached SLA
INC0032733,2016-05-24 17:41:00,2016-05-25 14:28:00,2016-05-30 15:07:00,2 - high,1 - High,2 - Medium,category 23,Group 72,1,0,false,20.783333333333335,Breached SLA
INC0032736,2016-05-24 17:52:00,2016-05-31 10:20:00,2016-06-05 11:07:00,3 - moderate,2 - Medium,2 - Medium,category 8,Group 53,0,0,false,160.46666666666667,Breached SLA
INC0032737,2016-05-24 18:04:00,2016-05-24 18:16:00,2017-01-10 01:00:00,3 - moderate,2 - Medium,2 - Medium,category 23,Group 20,0,0,false,0.2,Breached SLA
INC0032767,2016-05-25 03:59:00,2016-05-31 10:11:00,2016-06-05 11:07:00,3 - moderate,2 - Medium,2 - Medium,category 57,Group 70,10,0,false,150.2,Breached SLA
INC0032778,2016-05-25 06:13:00,2016-05-31 16:19:00,2016-06-05 17:07:00,3 - moderate,2 - Medium,2 - Medium,category 37,Group 70,5,0,false,154.1,Breached SLA
INC0032779,2016-05-25 06:16:00,2016-05-31 11:09:00,2016-06-05 11:10:00,3 - moderate,2 - Medium,2 - Medium,category 23,Group 70,1,0,false,148.88333333333333,Breached SLA
INC0032784,2016-05-25 07:03:00,2016-05-31 08:47:00,2016-06-05 09:07:00,3 - moderate,2 - Medium,2 - Medium,category 20,Group 24,1,0,false,145.73333333333332,Breached SLA
INC0032804,2016-05-25 08:14:00,2016-05-30 17:16:00,2016-06-04 18:07:00,3 - moderate,2 - Medium,2 - Medium,category 46,Group 31,0,0,false,129.03333333333333,Breached SLA
INC0032824,2016-05-25 08:32:00,2016-05-25 14:26:00,2016-05-30 15:07:00,2 - high,1 - High,2 - Medium,category 24,Group 72,2,0,false,5.9,Breached SLA
INC0032833,2016-05-25 08:38:00,2016-05-30 12:02:00,2016-06-04 12:07:00,3 - moderate,2 - Medium,2 - Medium,category 42,Group 55,0,0,false,123.4,Breached SLA
INC0032834,2016-05-25 08:39:00,2016-05-30 14:35:00,2016-06-04 15:07:00,3 - moderate,2 - Medium,2 - Medium,category 9,Group 25,0,0,false,125.93333333333334,Breached SLA
INC0032835,2016-05-25 08:40:00,2016-05-30 09:54:00,2016-06-04 10:07:00,3 - moderate,2 - Medium,2 - Medium,category 37,Group 70,0,0,false,121.23333333333333,Breached SLA
INC0032849,2016-05-25 08:50:00,2016-06-13 08:26:00,2016-06-18 09:00:00,3 - moderate,2 - Medium,2 - Medium,category 53,Group 66,1,0,false,455.6,Breached SLA
INC0032853,2016-05-25 08:54:00,2016-05-30 17:02:00,2016-06-04 17:07:00,3 - moderate,2 - Medium,2 - Medium,category 53,Group 25,0,0,false,128.13333333333333,Breached SLA
INC0032864,2016-05-25 09:09:00,2016-05-30 09:36:00,2016-06-04 10:07:00,3 - moderate,2 - Medium,2 - Medium,category 23,Group 70,3,0,false,120.45,Breached SLA
INC0032877,2016-05-25 09:26:00,2016-05-31 15:25:00,2016-06-05 16:07:00,3 - moderate,2 - Medium,2 - Medium,category 61,Group 73,0,0,false,149.98333333333332,Breached SLA
INC0032897,2016-05-25 09:52:00,2016-05-31 09:46:00,2016-06-05 10:07:00,3 - moderate,2 - Medium,2 - Medium,category 53,Group 70,3,0,false,143.9,Breached SLA
INC0032909,2016-05-25 10:00:00,2016-05-25 14:17:00,2016-05-30 15:07:00,2 - high,1 - High,2 - Medium,category 42,Group 39,4,0,false,4.283333333333333,Breached SLA
INC0032914,2016-05-25 10:14:00,2016-05-31 14:10:00,2016-06-05 15:07:00,3 - moderate,2 - Medium,2 - Medium,category 26,Group 73,3,0,false,147.93333333333334,Breached SLA
INC0032920,2016-05-25 10:24:00,2016-06-13 11:14:00,2016-06-18 12:00:00,3 - moderate,2 - Medium,2 - Medium,category 46,Group 12,1,0,false,456.8333333333333,Breached SLA
INC0032925,2016-05-25 10:26:00,2016-06-13 11:04:00,2016-06-18 11:07:00,3 - moderate,2 - Medium,2 - Medium,category 9,Group 25,0,0,false,456.6333333333333,Breached SLA
INC0032931,2016-05-25 10:34:00,2016-05-31 16:29:00,2016-06-05 17:07:00,3 - moderate,2 - Medium,2 - Medium,category 26,Group 70,0,0,false,149.91666666666666,Breached SLA
INC0032937,2016-05-25 10:46:00,2016-05-31 11:44:00,2016-06-05 12:07:00,3 - moderate,2 - Medium,2 - Medium,category 40,Group 70,2,0,false,144.96666666666667,Breached SLA
INC0032944,2016-05-25 10:52:00,2016-05-25 12:07:00,2016-05-30 12:10:00,3 - moderate,2 - Medium,2 - Medium,category 53,Group 70,2,0,false,1.25,Breached SLA
INC0032985,2016-05-25 11:46:00,2016-06-13 15:47:00,2016-06-18 16:00:00,3 - moderate,2 - Medium,2 - Medium,category 20,Group 25,1,0,false,460.01666666666665,Breached SLA
INC0033017,2016-05-25 12:44:00,2016-05-25 15:05:00,2016-05-30 15:07:00,1 - critical,1 - High,1 - High,category 57,Group 56,2,0,false,2.35,Breached SLA
INC0033024,2016-05-25 13:02:00,2016-05-31 09:50:00,2016-06-05 10:07:00,3 - moderate,2 - Medium,2 - Medium,category 40,Group 54,1,0,false,140.8,Breached SLA
INC0033028,2016-05-25 13:17:00,2016-05-30 15:01:00,2016-06-04 15:07:00,3 - moderate,2 - Medium,2 - Medium,category 20,Group 25,1,0,false,121.73333333333333,Breached SLA
INC0033036,2016-05-25 13:48:00,2016-05-31 10:02:00,2016-06-05 10:07:00,3 - moderate,2 - Medium,2 - Medium,category 53,Group 66,2,0,false,140.23333333333332,Breached SLA
INC0033050,2016-05-25 14:11:00,2016-05-25 15:12:00,2016-05-30 16:07:00,2 - high,1 - High,2 - Medium,category 32,Group 70,0,0,false,1.0166666666666666,Breached SLA
INC0033051,2016-05-25 14:11:00,2016-05-31 11:15:00,2016-06-05 12:07:00,3 - moderate,2 - Medium,2 - Medium,category 53,Group 66,0,0,false,141.06666666666666,Breached SLA
INC0033059,2016-05-25 14:39:00,2016-05-30 11:24:00,2016-06-04 12:07:00,3 - moderate,2 - Medium,2 - Medium,category 42,Group 31,4,0,false,116.75,Breached SLA
INC0033063,2016-05-25 14:47:00,2016-05-30 10:36:00,2016-06-04 11:07:00,3 - moderate,2 - Medium,2 - Medium,category 7,Group 27,1,3,false,115.81666666666666,Breached SLA
INC0033066,2016-05-25 14:56:00,2016-05-31 08:54:00,2016-06-05 09:07:00,3 - moderate,2 - Medium,2 - Medium,category 20,Group 70,0,1,false,137.96666666666667,Breached SLA
INC0033074,2016-05-25 15:10:00,2016-05-31 11:20:00,2016-06-05 12:07:00,3 - moderate,2 - Medium,2 - Medium,category 8,Group 53,0,0,false,140.16666666666666,Breached SLA
INC0033087,2016-05-25 16:06:00,2016-05-30 10:35:00,2016-06-04 11:07:00,3 - moderate,2 - Medium,2 - Medium,category 61,Group 70,2,0,false,114.48333333333333,Breached SLA
INC0033090,2016-05-25 16:10:00,2016-05-31 08:48:00,2016-06-05 09:07:00,3 - moderate,2 - Medium,2 - Medium,category 42,Group 10,3,0,false,136.63333333333333,Breached SLA
INC0033095,2016-05-25 16:21:00,2016-05-31 15:35:00,2016-06-05 16:07:00,3 - moderate,2 - Medium,2 - Medium,category 26,Group 73,1,0,false,143.23333333333332,Breached SLA
INC0033104,2016-05-25 16:40:00,2016-05-31 09:57:00,2016-06-05 10:07:00,3 - moderate,2 - Medium,2 - Medium,category 57,Group 65,0,0,false,137.28333333333333,Breached SLA
INC0033116,2016-05-25 17:02:00,2016-06-14 12:26:00,2016-06-19 13:00:00,3 - moderate,2 - Medium,2 - Medium,category 9,Group 25,0,0,false,475.4,Breached SLA
INC0033120,2016-05-25 17:11:00,2016-05-30 15:14:00,2016-06-04 16:07:00,3 - moderate,2 - Medium,2 - Medium,category 32,Group 23,2,0,false,118.05,Breached SLA
INC0033123,2016-05-25 17:27:00,2016-05-31 17:36:00,2016-06-05 18:07:00,3 - moderate,2 - Medium,2 - Medium,category 46,Group 21,0,0,false,144.15,Breached SLA
INC0033126,2016-05-25 17:39:00,2016-05-30 11:00:00,2016-06-04 11:07:00,3 - moderate,2 - Medium,2 - Medium,category 32,Group 70,4,0,false,113.35,Breached SLA
INC0033129,2016-05-25 17:47:00,2016-05-31 15:42:00,2016-06-05 16:07:00,3 - moderate,2 - Medium,2 - Medium,category 44,Group 5,0,0,false,141.91666666666666,Breached SLA
INC0033132,2016-05-25 18:00:00,2016-05-29 16:44:00,2016-06-03 17:07:00,3 - moderate,2 - Medium,2 - Medium,category 28,Group 70,0,0,false,94.73333333333333,Breached SLA
INC0033133,2016-05-25 18:16:00,2016-05-31 09:22:00,2016-06-05 10:07:00,3 - moderate,2 - Medium,2 - Medium,category 42,Group 70,2,0,false,135.1,Breached SLA
INC0033136,2016-05-25 18:41:00,2016-05-30 13:11:00,2016-06-04 14:07:00,3 - moderate,2 - Medium,2 - Medium,category 28,Group 33,3,0,false,114.5,Breached SLA
INC0033138,2016-05-25 19:03:00,2016-05-31 09:24:00,2016-06-05 10:07:00,3 - moderate,2 - Medium,2 - Medium,category 42,Group 70,2,0,false,134.35,Breached SLA
INC0033147,2016-05-25 20:35:00,2016-05-30 13:39:00,2016-06-04 14:07:00,3 - moderate,2 - Medium,2 - Medium,category 53,Group 28,0,0,false,113.06666666666666,Breached SLA
INC0033154,2016-05-25 22:13:00,2016-05-30 11:07:00,2016-06-04 11:10:00,3 - moderate,2 - Medium,2 - Medium,category 57,Group 70,2,0,false,108.9,Breached SLA
INC0033180,2016-05-26 06:10:00,2016-05-31 15:51:00,2016-06-05 16:07:00,3 - moderate,2 - Medium,2 - Medium,category 57,Group 65,0,0,false,129.68333333333334,Breached SLA
INC0033209,2016-05-26 11:34:00,2016-05-31 11:12:00,2016-06-05 12:07:00,3 - moderate,2 - Medium,2 - Medium,category 38,Group 25,1,0,false,119.63333333333334,Breached SLA
INC0033214,2016-05-26 12:02:00,2016-05-31 16:08:00,2016-06-05 16:10:00,3 - moderate,2 - Medium,2 - Medium,category 40,Group 70,5,0,false,124.1,Breached SLA
INC0033215,2016-05-26 12:39:00,2016-05-30 14:36:00,2016-06-04 15:07:00,3 - moderate,2 - Medium,2 - Medium,category 37,Group 49,0,0,false,97.95,Breached SLA
INC0033219,2016-05-26 13:45:00,2016-05-30 09:22:00,2016-06-04 10:07:00,3 - moderate,2 - Medium,2 - Medium,category 46,Group 55,0,0,false,91.61666666666666,Breached SLA
INC0033225,2016-05-26 14:26:00,2016-05-30 12:00:00,2016-06-04 12:07:00,3 - moderate,2 - Medium,2 - Medium,category 42,Group 70,2,0,false,93.56666666666666,Breached SLA
INC0033226,2016-05-26 14:38:00,2016-05-30 08:27:00,2016-06-04 09:07:00,3 - moderate,2 - Medium,2 - Medium,category 46,Group 10,1,0,false,89.81666666666666,Breached SLA
INC0033327,2016-05-27 13:30:00,2016-06-15 15:49:00,2016-06-20 16:00:00,3 - moderate,2 - Medium,2 - Medium,category 9,Group 27,3,0,false,458.31666666666666,Breached SLA
INC0033354,2016-05-27 17:03:00,2016-05-30 08:47:00,2016-06-04 09:07:00,3 - moderate,2 - Medium,2 - Medium,category 46,Group 54,3,0,false,63.733333333333334,Breached SLA
INC0033367,2016-05-27 20:09:00,2016-06-14 08:33:00,2016-06-19 09:00:00,3 - moderate,2 - Medium,2 - Medium,category 9,Group 25,1,1,false,420.4,Breached SLA
INC0033371,2016-05-28 00:20:00,2016-05-30 09:52:00,2016-06-04 10:07:00,2 - high,1 - High,2 - Medium,category 42,Group 55,0,0,false,57.53333333333333,Breached SLA
INC0033398,2016-05-28 10:46:00,2016-06-14 14:09:00,2016-06-22 09:00:00,3 - moderate,2 - Medium,2 - Medium,category 37,Group 46,2,0,false,411.3833333333333,Breached SLA
INC0033426,2016-05-29 00:58:00,2016-06-13 08:48:00,2016-06-18 09:00:00,3 - moderate,2 - Medium,2 - Medium,category 32,Group 66,4,1,false,367.8333333333333,Breached SLA
INC0033520,2016-05-30 06:53:00,2016-05-30 11:00:00,2016-06-04 11:07:00,3 - moderate,2 - Medium,2 - Medium,category 37,Group 48,0,0,false,4.116666666666666,Breached SLA
INC0033624,2016-05-30 09:18:00,2016-06-16 16:28:00,2016-06-21 17:00:00,3 - moderate,2 - Medium,2 - Medium,category 46,Group 37,0,0,false,415.1666666666667,Breached SLA
INC0033653,2016-05-30 09:45:00,2016-05-31 12:40:00,2016-06-05 13:07:00,2 - high,1 - High,2 - Medium,category 8,Group 53,0,0,false,26.916666666666668,Breached SLA
INC0033658,2016-05-30 09:53:00,2016-06-15 15:59:00,2016-06-20 16:17:00,3 - moderate,2 - Medium,2 - Medium,category 26,Group 20,5,0,false,390.1,Breached SLA
INC0033661,2016-05-30 09:54:00,2016-06-16 08:55:00,2016-06-21 09:00:00,3 - moderate,2 - Medium,2 - Medium,category 53,Group 66,1,0,false,407.01666666666665,Breached SLA
INC0033703,2016-05-30 10:23:00,2016-05-30 10:41:00,2016-06-04 11:07:00,3 - moderate,2 - Medium,2 - Medium,category 46,Group 15,2,0,false,0.3,Breached SLA
INC0033711,2016-05-30 10:28:00,2016-06-14 11:12:00,2016-06-19 12:00:00,3 - moderate,2 - Medium,2 - Medium,category 9,Group 25,2,0,false,360.73333333333335,Breached SLA
INC0033717,2016-05-30 10:34:00,2016-06-14 15:15:00,2016-06-19 16:00:00,3 - moderate,2 - Medium,2 - Medium,category 37,Group 60,4,0,false,364.68333333333334,Breached SLA
INC0033733,2016-05-30 10:55:00,2016-06-20 09:56:00,2016-06-25 10:00:00,3 - moderate,2 - Medium,2 - Medium,category 9,Group 25,1,0,false,503.01666666666665,Breached SLA
INC0033806,2016-05-30 12:29:00,2016-06-15 16:35:00,2016-06-20 17:00:00,3 - moderate,2 - Medium,2 - Medium,category 9,Group 25,0,0,false,388.1,Breached SLA
INC0033835,2016-05-30 13:32:00,2016-06-17 10:11:00,2016-06-22 11:00:00,3 - moderate,2 - Medium,2 - Medium,category 26,Group 25,5,0,false,428.65,Breached SLA
INC0033894,2016-05-30 15:38:00,2016-06-17 11:37:00,2016-06-22 12:00:00,3 - moderate,2 - Medium,2 - Medium,category 46,Group 33,0,0,false,427.98333333333335,Breached SLA
INC0033896,2016-05-30 15:40:00,2016-06-13 09:16:00,2016-06-18 10:00:00,3 - moderate,2 - Medium,2 - Medium,category 57,Group 65,0,0,false,329.6,Breached SLA
INC0033948,2016-05-30 16:52:00,2016-06-15 11:01:00,2016-06-20 11:07:00,3 - moderate,2 - Medium,2 - Medium,category 26,Group 70,6,0,false,378.15,Breached SLA
INC0033949,2016-05-30 16:52:00,2016-05-31 11:52:00,2016-06-05 12:07:00,1 - critical,1 - High,1 - High,category 46,Group 66,0,0,false,19.0,Breached SLA
INC0033952,2016-05-30 16:59:00,2016-06-20 14:59:00,2016-06-25 15:00:00,3 - moderate,2 - Medium,2 - Medium,category 26,Group 70,6,1,false,502.0,Breached SLA
INC0033980,2016-05-30 20:57:00,2016-06-16 14:22:00,2016-06-21 15:00:00,3 - moderate,2 - Medium,2 - Medium,category 57,Group 25,1,0,false,401.4166666666667,Breached SLA
INC0033990,2016-05-30 22:35:00,2016-06-13 14:36:00,2016-06-18 15:00:00,3 - moderate,2 - Medium,2 - Medium,category 46,Group 57,2,0,false,328.01666666666665,Breached SLA
INC0034003,2016-05-31 01:44:00,2016-06-13 13:58:00,2016-06-18 14:00:00,1 - critical,1 - High,1 - High,category 46,Group 55,1,0,false,324.23333333333335,Breached SLA
INC0034004,2016-05-31 01:45:00,2016-05-31 08:39:00,2016-06-05 09:07:00,1 - critical,1 - High,1 - High,category 46,Group 22,0,0,false,6.9,Breached SLA
INC0034005,2016-05-31 01:57:00,2016-06-13 13:58:00,2016-06-18 14:00:00,1 - critical,1 - High,1 - High,category 46,Group 55,1,0,false,324.01666666666665,Breached SLA
INC0034006,2016-05-31 02:01:00,2016-06-13 13:57:00,2016-06-18 14:00:00,1 - critical,1 - High,1 - High,category 46,Group 55,1,0,false,323.93333333333334,Breached SLA
INC0034010,2016-05-31 03:08:00,2016-06-13 13:57:00,2016-06-18 14:00:00,3 - moderate,2 - Medium,2 - Medium,category 42,Group 55,2,0,false,322.81666666666666,Breached SLA
INC0034034,2016-05-31 08:18:00,2016-05-31 17:03:00,2016-06-05 17:07:00,2 - high,1 - High,2 - Medium,category 40,Group 54,1,0,false,8.75,Breached SLA
INC0034048,2016-05-31 08:33:00,2016-06-20 11:27:00,2016-06-25 12:00:00,3 - moderate,2 - Medium,2 - Medium,category 61,Group 75,1,0,false,482.9,Breached SLA
INC0034062,2016-05-31 08:48:00,2016-06-14 11:31:00,2016-06-19 12:00:00,3 - moderate,2 - Medium,2 - Medium,category 9,Group 25,0,0,false,338.71666666666664,Breached SLA
INC0034074,2016-05-31 09:20:00,2016-06-15 14:19:00,2016-06-20 15:00:00,3 - moderate,2 - Medium,2 - Medium,category 46,Group 37,0,0,false,364.98333333333335,Breached SLA
INC0034164,2016-05-31 10:37:00,2016-06-13 14:54:00,2016-06-18 15:00:00,3 - moderate,2 - Medium,2 - Medium,category 23,Group 70,5,1,false,316.28333333333336,Breached SLA
INC0034178,2016-05-31 10:51:00,2016-06-13 12:22:00,2016-06-18 13:00:00,3 - moderate,2 - Medium,2 - Medium,category 13,Group 23,4,0,false,313.51666666666665,Breached SLA
INC0034179,2016-05-31 10:51:00,2016-06-14 10:22:00,2016-06-19 11:00:00,3 - moderate,2 - Medium,2 - Medium,category 37,Group 48,0,0,false,335.51666666666665,Breached SLA
INC0034180,2016-05-31 10:52:00,2016-06-17 16:23:00,2016-06-22 17:00:00,3 - moderate,2 - Medium,2 - Medium,category 53,Group 70,1,0,false,413.51666666666665,Breached SLA
INC0034206,2016-05-31 11:09:00,2016-06-20 14:57:00,2016-06-25 15:00:00,3 - moderate,2 - Medium,2 - Medium,category 23,Group 70,3,0,false,483.8,Breached SLA
INC0034254,2016-05-31 12:25:00,2016-06-14 12:21:00,2016-06-19 13:00:00,3 - moderate,2 - Medium,2 - Medium,category 9,Group 25,0,0,false,335.93333333333334,Breached SLA
INC0034270,2016-05-31 13:16:00,2016-06-13 10:36:00,2016-06-18 11:00:00,3 - moderate,2 - Medium,2 - Medium,category 9,Group 25,0,0,false,309.3333333333333,Breached SLA
INC0034304,2016-05-31 14:16:00,2016-06-14 11:04:00,2016-06-19 11:07:00,3 - moderate,2 - Medium,2 - Medium,category 32,Group 70,6,0,false,332.8,Breached SLA
INC0034311,2016-05-31 14:27:00,2016-06-16 09:46:00,2016-06-21 10:00:00,3 - moderate,2 - Medium,2 - Medium,category 9,Group 29,5,0,false,379.31666666666666,Breached SLA
INC0034339,2016-05-31 15:01:00,2016-06-15 16:08:00,2016-06-20 16:10:00,3 - moderate,2 - Medium,2 - Medium,category 42,Group 22,2,0,false,361.1166666666667,Breached SLA
INC0034368,2016-05-31 15:42:00,2016-06-13 08:50:00,2016-06-18 09:00:00,3 - moderate,2 - Medium,2 - Medium,category 53,Group 66,1,0,false,305.1333333333333,Breached SLA
INC0034380,2016-05-31 16:11:00,2016-05-31 17:32:00,2016-06-05 18:07:00,1 - critical,1 - High,1 - High,category 42,Group 55,2,0,false,1.35,Breached SLA
INC0062300,2016-08-31 15:17:00,2016-09-15 10:21:00,2016-09-20 11:00:00,3 - moderate,2 - Medium,2 - Medium,category 45,Group 57,0,0,false,355.06666666666666,Breached SLA
INC0067382,2016-09-15 11:22:00,2016-09-21 13:59:00,2016-09-26 14:00:00,3 - moderate,2 - Medium,2 - Medium,category 31,Group 20,4,0,false,146.61666666666667,Breached SLA
INC0078044,2016-10-18 16:20:00,2016-10-24 13:42:00,2016-10-29 14:00:00,3 - moderate,2 - Medium,2 - Medium,category 45,Group 31,0,0,false,141.36666666666667,Breached SLA
INC0096840,2016-12-14 13:13:00,2016-12-28 16:01:00,2017-01-02 16:07:00,3 - moderate,2 - Medium,2 - Medium,category 59,Group 9,0,0,false,338.8,Breached SLA
INC0108640,2017-01-16 11:48:00,2017-01-26 17:08:00,2017-01-31 17:10:00,3 - moderate,2 - Medium,2 - Medium,category 43,Group 17,5,0,false,245.33333333333334,Breached SLA
INC0111993,2017-01-24 10:16:00,2017-01-24 16:53:00,2017-01-29 17:00:00,3 - moderate,2 - Medium,2 - Medium,category 45,Group 10,0,0,false,6.616666666666666,Breached SLA
